dataset	entity_id	raw_name	clean_name	core_name	raw_address	clean_address
train_source1	S1-925783039	Orelee's Barbershop	orelees barbershop	orelees barbershop	1795 Westchester Drive, High Point, NC	1795 westchester drive high point nc
train_source1	S1-773889195	Prime Money	prime money	prime money	17560 Ellis Road, Tahlequah, OK	17560 ellis road tahlequah ok
train_source1	S1-377745466	B+ Retail Inc	b retail inc	b retail	1712 Montebello Avenue, Phoenix, AZ	1712 montebello avenue phoenix az
train_source1	S1-133037285	Christ Chapel	christ chapel	christ chapel	2100 Cameron Drive, Unit APARTMENT G, Dundalk, MD	2100 cameron drive unit apartment g dundalk md
train_source1	S1-755362802	Prabhav Business Center	prabhav business center	prabhav business center	797, Lake Town Block A, Kolkata, Howrah, West Bengal	797 lake town block a kolkata howrah west bengal
train_source1	S1-851869949	Custom Wealth Services LLC	custom wealth services llc	custom wealth services	OH, Columbus, 5559 Orville Avenue	oh columbus 5559 orville avenue
train_source1	S1-785847572	Consulting Nyasa Nursing Private Limited	consulting nyasa nursing private limited	consulting nyasa nursing	2505, Tower 1, Oakwood, Runwal Greens, Mulund Goreagon Link Road, Near Fortis Hospital, Bhandup West, Mumbai, Maharashtra	2505 tower 1 oakwood runwal greens mulund goreagon link road near fortis hospital bhandup west mumbai maharashtra
train_source1	S1-27541239	Nexus Anchor Rain	nexus anchor rain	nexus anchor rain	1111 Church Street, Unit 2007, Nashville, TN	1111 church street unit 2007 nashville tn
train_source1	S1-629417405	Moore Bitwise Inc	moore bitwise inc	moore bitwise	337 Oakland Avenue, Michigan City, IN	337 oakland avenue michigan city in
train_source1	S1-22305073	Dermatology Green Medicine	dermatology green medicine	dermatology green medicine	294 Meadowcreek Drive, Unit Unit 2, Village Of Pewaukee, WI	294 meadowcreek drive unit unit 2 village of pewaukee wi
train_source1	S1-504790211	Crystal Lending PC	crystal lending pc	crystal lending pc	11643 Prosperity Road, South Jordan, UT	11643 prosperity road south jordan ut
train_source1	S1-564729135	Dream Construction Limited	dream construction limited	dream construction	H.No.16-11-23/37/A, 2Nd Floor, Flat No.207, Sagar Hotel Building, Opp.Rta Office, Mo, Osarambagh, Hyderabad, Telangana	hno16 11 23 37 a 2nd floor flat no207 sagar hotel building opprta office mo osarambagh hyderabad telangana
train_source1	S1-236312382	Kelly Advisory, Inc	kelly advisory inc	kelly advisory	301 1st Street, Chokio, MN	301 1st street chokio mn
train_source1	S1-865131206	Helios	helios	helios	66 Edgewood Street, Bridgeport, CT	66 edgewood street bridgeport court
train_source1	S1-626914593	Unified Choice Dynamix	unified choice dynamix	unified choice dynamix	Unit BUILDING 3030, MD, 2701 Eastern Boulevard, Middle River	unit building 3030 md 2701 eastern boulevard middle river
train_source1	S1-765734254	Health Fellowship Partners	health fellowship partners	health fellowship partners	601 Oleander Circle, Virginia Beach City, VA	601 oleander circle virginia beach city va
train_source1	S1-82053739	Smart Healthcare Private Limited	smart healthcare private limited	smart healthcare	303, 3Rd Floor Sakar 5 B/H Natraj Cinema Ashram Road, Ahmedabad, Gujarat	303 3rd floor sakar 5 b h natraj cinema ashram road ahmedabad gujarat
train_source1	S1-309349399	Callicoat & Dailey Inc	callicoat and dailey inc	callicoat and dailey	Charlotte, NC, 833 Reliance Street	charlotte nc 833 reliance street
train_source1	S1-221443075	Iris Advisors	iris advisors	iris advisors	House No-777 Raghubir Bhawanmadan Pur Khadar Sarita Vihar, Delhi, South Delhi, Delhi	house number 777 raghubir bhawanmadan pur khadar sarita vihar delhi south delhi delhi
train_source1	S1-341506266	Secunderabad Park Private Limited	secunderabad park private limited	secunderabad park	Secunderabad, Hyderabad, Plot No.53, Flat No.402, Sr Estate-I Rainbow Colony, Ammuguda, Sainikpuri, Telangana, # 53/1	secunderabad hyderabad plot no53 flat no402 sr estate i rainbow colony ammuguda sainikpuri telangana 53 1
train_source1	S1-990319941	Holy Synagogue	holy synagogue	holy synagogue	Sapulpa, OK, 2204 Park Street	sapulpa ok 2204 park street
train_source1	S1-597762257	Green Logistics Private Limited	green logistics private limited	green logistics	E-7, Second Floor, New Delhi, South Delhi, Delhi	east 7 second floor new delhi south delhi delhi
train_source1	S1-661315962	Scott Eagle Inc	scott eagle inc	scott eagle	4828 Hedges Avenue, Kansas City, MO	4828 hedges avenue kansas city mo
train_source1	S1-716574008	Rajani Enterprises of Kannur	rajani enterprises of kannur	rajani enterprises of kannur	46/1106, Dhanalakshmi Road, Near Amani Auditorium, Kannur, Kerala	46 1106 dhanalakshmi road near amani auditorium kannur kerala
train_source1	S1-985038901	Schaefer, Michael and Silver Associates	schaefer michael and silver associates	schaefer michael and silver associates	32876 Circle Drive, Millsboro, DE	32876 circle drive millsboro de
train_source1	S1-404435514	Colline Molitor Sea LLC	colline molitor sea llc	colline molitor sea	5620 Trinity Road, Unit 103, Raleigh, NC	5620 trinity road unit 103 raleigh nc
train_source1	S1-252242682	Aggie E. Nagle, L.C.S.W.	aggie e nagle lcsw	aggie e nagle lcsw	11900 54th Avenue, Plymouth, MN	11900 54th avenue plymouth mn
train_source1	S1-981440385	Angad Multitrade Ltd	angad multitrade ltd	angad multitrade	Building No. 37/4, First Floor Opp Bharata Mata College, Vazhakkala, Thrikkakara, Ernakulam, Kerala	building number 37 4 first floor opposite bharata mata college vazhakkala thrikkakara ernakulam kerala
train_source1	S1-883973644	Global Hovnanian LLC	global hovnanian llc	global hovnanian	4024 39th Avenue, Seattle, WA	4024 39th avenue seattle wa
train_source1	S1-17666546	Pacific Learning Laboratories LLC	pacific learning laboratories llc	pacific learning laboratories	4810 Nassau Avenue, Sand Springs, OK	4810 nassau avenue sand springs ok
train_source1	S1-513115995	Thomas Calisa	thomas calisa	thomas calisa	126 D Street, Pittsfield, ME	126 d street pittsfield me
train_source1	S1-791217329	Indian Brothers Private Limited	indian brothers private limited	indian brothers	#17/1, Lower Ground Floor, 1St Cross, Lalbagh Road, Bangalore South, Bangalore, Karnataka	17 1 lower ground floor 1st cross lalbagh road bangalore south bangalore karnataka
train_source1	S1-602913883	Cascade Allied Telecom LLC	cascade allied telecom llc	cascade allied telecom	165 Linden Street, Unit 106, Wellesley, MA	165 linden street unit 106 wellesley ma
train_source1	S1-401372098	Apex Inc	apex inc	apex	108 Richardson Street, Bethany, WV	108 richardson street bethany wv
train_source1	S1-796227187	Foot & Ankle Allied Center LLC	foot and ankle allied center llc	foot and ankle allied center	1216 Preston Avenue, Charlottesville City, VA	1216 preston avenue charlottesville city va
train_source1	S1-945437722	Joeann Hills Park Inc.	joeann hills park inc	joeann hills park	10101 Threave Road, Unit 301, Raleigh, NC	10101 threave road unit 301 raleigh nc
train_source1	S1-982210261	Mayur Hospital of Gondal	mayur hospital of gondal	mayur hospital of gondal	C/O Dwarkadhis Enterprise, C.M. Palace, Ist Floor, Shop 3, Vill: Gondal(Mog), Gondal, Rajkot, Gondal, Rajkot, Gujarat	c o dwarkadhis enterprise cm palace ist floor shop 3 vill gondalmog gondal rajkot gondal rajkot gujarat
train_source1	S1-976369483	FUE Pgim Care	fue pgim care	fue pgim care	211 Dewey Road, IL, Rockton	211 dewey road il rockton
train_source1	S1-370715897	Primary Care Physicians Inc.	primary care physicians inc	primary care physicians	53 Park Lane, Wellsville, NY	53 park lane wellsville ny
train_source1	S1-27029362	Global Ministries	global ministries	global ministries	74 429, Stockdale, TX	74 429 stockdale tx
train_source1	S1-145829425	North Storage Care	north storage care	north storage care	2804, Tower A, Sarova, Samata Nagar, Kandivali East, Mumbai, Maharashtra	2804 tower a sarova samata nagar kandivali east mumbai maharashtra
train_source1	S1-993527714	George Saul Inc	george saul inc	george saul	Unit UNIT 367, 1400 Great Wolf Drive, WI, Village Of Lake Delton	unit unit 367 1400 great wolf drive wi village of lake delton
train_source1	S1-965555167	Siobhan's Bike Shop LLC	siobhans bike shop llc	siobhans bike shop	1644 Crownsville Road, Fl 0, Crownsville, MD	1644 crownsville road fl 0 crownsville md
train_source1	S1-151608539	Orchid Renewable Ltd	orchid renewable ltd	orchid renewable	House No.26-352, Kadavakollu Bhavanam, Bhuttaipeta, Near E.N.T Hospital, Machilipatanam, Krishna, Andhra Pradesh	house no26 352 kadavakollu bhavanam bhuttaipeta near ent hospital machilipatanam krishna andhra pradesh
train_source1	S1-714672596	Foot & Ankle Patriot Group	foot and ankle patriot group	foot and ankle patriot group	325 Cross Street, Unit LOT 1A, Anderson, IN	325 cross street unit lot 1a anderson in
train_source1	S1-134898809	Corner Hypnosis	corner hypnosis	corner hypnosis	26 Stone Street, Unit 3, Beverly, MA	26 stone street unit 3 beverly ma
train_source1	S1-500841209	Bautista Properties LLC	bautista properties llc	bautista properties	7196 State Route 14, Mcleansboro, IL	7196 state route 14 mcleansboro il
train_source1	S1-855787505	Blue Steels Limited	blue steels limited	blue steels	12, Floor 2, Plot-750, 20, Satnam Nagar, Dr G D Marg, Mumbai, Maharashtra	12 floor 2 plot 750 20 satnam nagar drive g d marg mumbai maharashtra
train_source1	S1-277072715	Shiva Management Private Limited	shiva management private limited	shiva management	D No. 20-6-3/12, Dantuluri Vari Street, Ayodyanagar, Vijayawada (Urban), Krishna, Andhra Pradesh	d number 20 6 3 12 dantuluri vari street ayodyanagar vijayawada urban krishna andhra pradesh
train_source1	S1-269656551	Impetus Hotel Public Limited	impetus hotel public limited	impetus hotel public	Canal Road Wakdai Nagar, Mangaon, Raigarh, Maharashtra	canal road wakdai nagar mangaon raigarh maharashtra
train_source1	S1-356020591	Essy Reed Royal Internet LLC	essy reed royal internet llc	essy reed royal internet	9889 Kent Street, Elk Grove, CA	9889 kent street elk grove ca
train_source1	S1-627144525	Little Diner Center	little diner center	little diner center	AL, Hodges, 541 117	al hodges 541 117
train_source1	S1-514155563	Horizon LLC	horizon llc	horizon	2025 Sterigere Street, West Norriton Township, PA	2025 sterigere street west norriton township pa
train_source1	S1-942221484	Healthcare Janki Nutrition Pvt. Ltd.	healthcare janki nutrition pvt ltd	healthcare janki nutrition	Kalasandesh, Bharatkunj - 2, 19/38, Erandwana, Pune, Maharashtra	kalasandesh bharatkunj 2 19 38 erandwana pune maharashtra
train_source1	S1-966462381	Abhushan & Brothers Co	abhushan and brothers co	abhushan and brothers	Hig 28 1St Floor Indra Nagar, Kanpur, Uttar Pradesh	hig 28 1st floor indra nagar kanpur uttar pradesh
train_source1	S1-681392030	Care Institute of Technology	care institute of technology	care institute of technology	West Bengal, Howrah, 229, Kolkata, Netaji Subhas Chandra Bose Road Vishnu Enclave, 3Rd Floor, Flat No.- 3A, Kolkata	west bengal howrah 229 kolkata netaji subhas chandra bose road vishnu enclave 3rd floor flat number 3a kolkata
train_source1	S1-492467148	Cure Bike Shop	cure bike shop	cure bike shop	1317 University City Boulevard, Unit APT 5, Blacksburg Town, VA	1317 university city boulevard unit apartment 5 blacksburg town va
train_source1	S1-791867209	WG Harbor Worldwide P.C.	wg harbor worldwide pc	wg harbor worldwide pc	101 Oak Street, Lohrville, IA	101 oak street lohrville ia
train_source1	S1-951599976	Unified Green Target LLC	unified green target llc	unified green target	1037 Cedar Grove Road, Halifax County, VA	1037 cedar grove road halifax county va
train_source1	S1-315450523	Fleming Global Manufacturing Inc	fleming global manufacturing inc	fleming global manufacturing	2332 Hidden Brook Road, Finksburg, MD	2332 hidden brook road finksburg md
train_source1	S1-666876590	Ss Systems Limited	ss systems limited	ss systems	A-1, Malad (West), Mumbai, Maharashtra, 401, Rahul Apartment, Marve Road	a 1 malad west mumbai maharashtra 401 rahul apartment marve road
train_source1	S1-913301865	Technologies Pratyaksh Finserve Limited	technologies pratyaksh finserve limited	technologies pratyaksh finserve	Village Kurali, Sabhapur Road Tehsil Bilaspur. Block Sadhoura, Tehsil Bilaspur, Yamuna Nagar, Haryana	village kurali sabhapur road tehsil bilaspur block sadhoura tehsil bilaspur yamuna nagar haryana
train_source1	S1-216181354	United Consultants Private Limited	united consultants private limited	united consultants	1/522A, Survey No 52, Rajput Associates, Kolkhe, Panvel, Raigarh(Mh), Maharashtra	1 522a survey number 52 rajput associates kolkhe panvel raigarhmh maharashtra
train_source1	S1-454111437	Maa Research Private Limited	maa research private limited	maa research	Flat No-702, Sapphire A, Gulmohur Tower, Chiranjeev Vihar, Sector, -6, Ghaziabad, Uttar Pradesh	flat number 702 sapphire a gulmohur tower chiranjeev vihar sector 6 ghaziabad uttar pradesh
train_source1	S1-960158214	Tinoco Institute of Technology Inc	tinoco institute of technology inc	tinoco institute of technology	27418 Fairway Oaks Drive, Huffman, TX	27418 fairway oaks drive huffman tx
train_source1	S1-743171772	Ear Nose & Throat Group of Oberlin	ear nose and throat group of oberlin	ear nose and throat group of oberlin	94 Oberlin Road, Oberlin, OH	94 oberlin road oberlin oh
train_source1	S1-965549055	Wilson Toyo LLC	wilson toyo llc	wilson toyo	120 Lake Drive, Stevensville, MD	120 lake drive stevensville md
train_source1	S1-947119891	Prairie Initiative	prairie initiative	prairie initiative	15 Bellview Avenue, Brookhaven, NY	15 bellview avenue brookhaven ny
train_source1	S1-511561869	JPY Energy Pvt. Ltd.	jpy energy pvt ltd	jpy energy	109 2 Floor 16 Cross Road, Jp Nagar Phase 4, Dollars, Bangalore South, Bangalore, Karnataka	109 2 floor 16 cross road jp nagar phase 4 dollars bangalore south bangalore karnataka
train_source1	S1-302710833	Kial Weaver Signature Associates Halifax	kial weaver signature associates halifax	kial weaver signature associates halifax	NC, 6961 301, Halifax	nc 6961 301 halifax
train_source1	S1-888660595	Raheja Estates Limited	raheja estates limited	raheja estates	Zahid Manzil, Maharashtra, Mumbai, Mumbai City, Plot No.2, Shop No.7, Kkg Marg, Off Juhu Road, Opp Royal Hotel	zahid manzil maharashtra mumbai mumbai city plot no2 shop no7 kkg marg off juhu road opposite royal hotel
train_source1	S1-684656443	Green Ventures Ltd	green ventures ltd	green ventures	P. O. Ranasan, Ta. Talod, Ranasan, Sabar Kantha, Gujarat	p o ranasan ta talod ranasan sabar kantha gujarat
train_source1	S1-279914306	Jobst Royal Metal Works LLC	jobst royal metal works llc	jobst royal metal works	Grayson, 115 Paradise Hill, KY	grayson 115 paradise hill ky
train_source1	S1-294547159	DBC Agricultural LLC	dbc agricultural llc	dbc agricultural	18646 Christanna Highway, Brunswick County, VA	18646 christanna highway brunswick county va
train_source1	S1-208973592	Morgan Ameren Inc	morgan ameren inc	morgan ameren	LA, 266 Enterprise Drive, Houma	la 266 enterprise drive houma
train_source1	S1-859252896	Rev It Up Ice Cream	rev it up ice cream	rev it up ice cream	8304 Rolling Hills Drive, Nixa, MO	8304 rolling hills drive nixa mo
train_source1	S1-630223771	All International LLP	all international llp	all international	Office 105, Flr-1, Sujata Chambers, Abhaychand Gandhi Marg, Mirchi Gully Masjid Stn Man, Dvi, Mumbai, Mumbai City, Maharashtra	office 105 floor 1 sujata chambers abhaychand gandhi marg mirchi gully masjid stn man dvi mumbai mumbai city maharashtra
train_source1	S1-223600564	Pushpam Institute Corp	pushpam institute corp	pushpam institute	1204, Block-C, Stratum @ Venus Ground, Nr. Jhansi Ki Rani Statue, Nehrunagar, Ahmadabad City, Ahmedabad, Gujarat	1204 block c stratum venus ground near jhansi ki rani statue nehrunagar ahmadabad city ahmedabad gujarat
train_source1	S1-72918323	Nguyen Avalanche LLC	nguyen avalanche llc	nguyen avalanche	42 Cedar Circle, Crossville, TN	42 cedar circle crossville tn
train_source1	S1-754175313	Alpha Media Private Limited	alpha media private limited	alpha media	28-B, Chand Bihari Nagar Near Khatipura Bridge Khatipura, Jaipur, Rajasthan	28 b chand bihari nagar near khatipura bridge khatipura jaipur rajasthan
train_source1	S1-970518712	Trident Welfare Society	trident welfare society	trident welfare society	9/2113, Gali No.-7 Kailash Nagar, New Delhi, East Delhi, Delhi	9 2113 gali number 7 kailash nagar new delhi east delhi delhi
train_source1	S1-366329737	Silver Constructions LLP	silver constructions llp	silver constructions	101 Cts No, 917/18 F P No, Near British Library, Pune City, Pune, Maharashtra	101 cts number 917 18 f p number near british library pune city pune maharashtra
train_source1	S1-708796012	Board of Consumer Affairs	board of consumer affairs	board of consumer affairs	122 Dayton Yellow Springs Road, Unit 4, Fairborn, OH	122 dayton yellow springs road unit 4 fairborn oh
train_source1	S1-935703127	Hartman & Hoang LLC	hartman and hoang llc	hartman and hoang	2694 -C Ih 45, New Waverly, TX	2694 c ih 45 new waverly tx
train_source1	S1-981414798	Mendez Custom Morgan LLC	mendez custom morgan llc	mendez custom morgan	37197 Sandy Ridge Drive, North Ridgeville, OH	37197 sandy ridge drive north ridgeville oh
train_source1	S1-424529930	Griffin International Center	griffin international center	griffin international center	536 College Avenue, City Of Waukesha, WI	536 college avenue city of waukesha wi
train_source1	S1-912508322	Shiv Technologies LLP	shiv technologies llp	shiv technologies	42, 16Th Cross, 8Th Main Road, Malleswaram, Bengaluru, Bangalore, Karnataka	42 16th cross 8th main road malleswaram bengaluru bangalore karnataka
train_source1	S1-846028981	Barbey Mclaughlin Oneim Group	barbey mclaughlin oneim group	barbey mclaughlin oneim group	8610 Ep True Parkway, Unit Unit 5001, West Des Moines, IA	8610 ep true parkway unit unit 5001 west des moines ia
train_source1	S1-318218643	Velix Charles LLC	velix charles llc	velix charles	1447 59 Street, Brooklyn, NY	1447 59 street brooklyn ny
train_source1	S1-970972284	Gujarat Guru Agro Private Limited	gujarat guru agro private limited	gujarat guru agro	Bihar, Pakki Sarai Road, Muzaffarpur, Near Abbda High School Azad Market, 3Rd Floor, Mithanpura	bihar pakki sarai road muzaffarpur near abbda high school azad market 3rd floor mithanpura
train_source1	S1-435587816	Iraheta, Dacie, D.O.	iraheta dacie do	iraheta dacie do	77 Morrison Street, Struthers, OH	77 morrison street struthers oh
train_source1	S1-544301808	Advanced Bright Intelligent	advanced bright intelligent	advanced bright intelligent	142 Hughes Drive, Plymouth, NC	142 hughes drive plymouth nc
train_source1	S1-20267366	Barbara Quinn Desert Better LLC	barbara quinn desert better llc	barbara quinn desert better	57 Powers Street, Dedham, MA	57 powers street dedham ma
train_source1	S1-379918793	Peridola Schwab Center	peridola schwab center	peridola schwab center	207 Marley Neck Road, Fl 0, Glen Burnie, MD	207 marley neck road fl 0 glen burnie md
train_source1	S1-106221717	Aditya Sun Consultants Private Limited	aditya sun consultants private limited	aditya sun consultants	Sy.No.1009, Flat No.60206, Iind Floor, Maple Block Indufortune Fields, 13 Phase, Kphb Colony, Kukatpally, Hyderabad, Telangana	syno1009 flat no60206 iind floor maple block indufortune fields 13 phase kphb colony kukatpally hyderabad telangana
train_source1	S1-800482427	B+ Biotechnologies LLC	b biotechnologies llc	b biotechnologies	328 Buckingham Street, Unit 414, Columbus, OH	328 buckingham street unit 414 columbus oh
train_source1	S1-846529766	Pocius, Herrera & Lima Connecticut Inc	pocius herrera and lima connecticut inc	pocius herrera and lima connecticut	4831 Beaumont Street, Simi Valley, CA	4831 beaumont street simi valley ca
train_source1	S1-761874846	Murray & Cruz Inc	murray and cruz inc	murray and cruz	NM, 140 Villa Del Rio Loop, Sunland Park	nm 140 villa del rio loop sunland park
train_source1	S1-703200453	Vt Exporters	vt exporters	vt exporters	C/O Safinara Khatun, Allpara, Ratua, Malda, West Bengal	c o safinara khatun allpara ratua malda west bengal
train_source1	S1-746273151	Pediatric Dental Physicians Inc	pediatric dental physicians inc	pediatric dental physicians	53 Laroche Lane, Hebron, ME	53 laroche lane hebron me
train_source1	S1-432962984	Gonzalez Safe Harbors LLC	gonzalez safe harbors llc	gonzalez safe harbors	174 Stover Road, De Queen, AR	174 stover road de queen ar
train_source1	S1-500552277	U Q & Z Kimco	u q and z kimco	u q and z kimco	105 Susan Court, Winchester, KY	105 susan court winchester ky
train_source1	S1-446787657	Mobley, Haislip & Barr Vision Center, LLC	mobley haislip and barr vision center llc	mobley haislip and barr vision center	Burnsville, WV, 1818 Main Street	burnsville wv 1818 main street
train_source1	S1-505869859	Invest Investments Pvt Ltd	invest investments pvt ltd	invest investments	Ff-104, Meera Mana Arcade, Beside Krupa Petrol Pump, Ellisbridge, Ahmedabad, Gujarat	ff 104 meera mana arcade beside krupa petrol pump ellisbridge ahmedabad gujarat
train_source1	S1-862092661	Beckman Family Office Inc	beckman family office inc	beckman family office	7916 Glendale Estates Drive, Henrico County, VA	7916 glendale estates drive henrico county va
train_source1	S1-53323215	Raj Consulting Pvt Ltd	raj consulting pvt ltd	raj consulting	701, Dlf Tower A, Jasola New Delhi, Delhi, New Delhi, Delhi	701 dlf tower a jasola new delhi delhi new delhi delhi
train_source1	S1-814475089	Family Clinic Partners	family clinic partners	family clinic partners	202 Kingsley Avenue, Greeneville, TN	202 kingsley avenue greeneville tn
train_source1	S1-451077707	Osprey (India) Development LLP	osprey india development llp	osprey india development	39-D, A.B. Road Industrial Area No.1, Dewas, Madhya Pradesh	39 d ab road industrial area no1 dewas madhya pradesh
train_source1	S1-448166395	Kerium Care	kerium care	kerium care	NY, Smithtown, 3 Bette Lane	ny smithtown 3 bette lane
train_source1	S1-940115232	Shriji Group	shriji group	shriji group	A-1/106 Vbhdc Greenwoods, Palghar Devkhope, Palghar, Thane, Maharashtra	a 1 106 vbhdc greenwoods palghar devkhope palghar thane maharashtra
train_source1	S1-472232440	Ramos and Benham Fusion	ramos and benham fusion	ramos and benham fusion	Burrell, PA, 378 Devinney Hollow Road	burrell pa 378 devinney hollow road
train_source1	S1-800915873	Adams, Williams and Alexander Carolina LLC	adams williams and alexander carolina llc	adams williams and alexander carolina	7333 Lynn Avenue, Fl 0, Saint Louis, MO	7333 lynn avenue fl 0 saint louis mo
train_source1	S1-21084577	Harbor Alliance	harbor alliance	harbor alliance	45 Goff Street, Corning, NY	45 goff street corning ny
train_source1	S1-978421811	Highland Learning Center	highland learning center	highland learning center	1240 Indiana Avenue, Salt Lake City, UT	1240 indiana avenue salt lake city ut
train_source1	S1-19400879	Schwartz Montessori School	schwartz montessori school	schwartz montessori school	W14698 Burton Road, Town Of Northfield, WI	w14698 burton road town of northfield wi
train_source1	S1-332410345	Jawan Investment Pvt Ltd	jawan investment pvt ltd	jawan investment	C 87 88 Cst Rd Kismat Nagar Kurla W Nr Masjid Mumbai, Mumbai, Mumbai City, Maharashtra	c 87 88 cst road kismat nagar kurla west near masjid mumbai mumbai mumbai city maharashtra
train_source1	S1-617455147	Medyne Adr LLC	medyne adr llc	medyne adr	1732 Sanford Street, Arlington, TX	1732 sanford street arlington tx
train_source1	S1-477458226	Durgesh Consulting Private Limited	durgesh consulting private limited	durgesh consulting	Flat No 507, Fortview Green Ear Aprts Near Kendriya Vihar, Hydershakote, Bandl, Guda, Hyderabad, Telangana	flat number 507 fortview green ear aprts near kendriya vihar hydershakote bandl guda hyderabad telangana
train_source1	S1-173971969	Hotel It Pvt Ltd	hotel it pvt ltd	hotel it	Kailash Bihari Singh, Cou, Po-Bhagwan, Chapra, Saran, Bihar	kailash bihari singh cou po bhagwan chapra saran bihar
train_source1	S1-907635568	Ridge Bridge	ridge bridge	ridge bridge	3314 Dungarvan Drive, City Of El Paso, TX	3314 dungarvan drive city of el paso tx
train_source1	S1-374959431	Mountain Star Pantages Inc	mountain star pantages inc	mountain star pantages	135 Ballentrae Court, Unit 417, Pittsboro, NC	135 ballentrae court unit 417 pittsboro nc
train_source1	S1-596450212	Bally Jagachha Management Private Limited	bally jagachha management private limited	bally jagachha management	Ideal Grand Bl-A, G T Road(South) Howrah, Bally Jagachha, Howrah, West Bengal	ideal grand bl a g t roadsouth howrah bally jagachha howrah west bengal
train_source1	S1-464797359	Frontier Wellness LLC	frontier wellness llc	frontier wellness	41 Nashua Avenue, Gloucester, MA	41 nashua avenue gloucester ma
train_source1	S1-804300777	Swastik Hospitality Private Limited	swastik hospitality private limited	swastik hospitality	S No 268 Swami Samarth Nagar Ph-I Flat- 15 Building-D/Ii Chichwad, Pune, Maharashtra	south number 268 swami samarth nagar ph i flat 15 building d ii chichwad pune maharashtra
train_source1	S1-305440895	No Nursing Home	no nursing home	no nursing home	32, Vill. Bania Bigha, Tola Bania Bigha Panch-Amara, Panchyat, Block Arwal, Arwal, Bihar	32 vill bania bigha tola bania bigha panch amara panchyat block arwal arwal bihar
train_source1	S1-145606139	Williamson Quality Braves LP	williamson quality braves lp	williamson quality braves lp	1420 Ardsley Place, Homewood, AL	1420 ardsley place homewood al
train_source1	S1-368348061	Naon Enterprises Inc	naon enterprises inc	naon enterprises	31481 Oak Ridge Drive, Muscoda, WI	31481 oak ridge drive muscoda wi
train_source1	S1-46716098	Knox and Nicholas, Inc	knox and nicholas inc	knox and nicholas	WI, Town Of Townsend, 17160 Presbyterian Road	wi town of townsend 17160 presbyterian road
train_source1	S1-557464657	Doiron & Alvarez Token LLC	doiron and alvarez token llc	doiron and alvarez token	17607 Lake Melford Avenue, Bowie, MD	17607 lake melford avenue bowie md
train_source1	S1-8092452	Urban Nails!	urban nails	urban nails	1262 Grandstaff Avenue, Lancaster, OH	1262 grandstaff avenue lancaster oh
train_source1	S1-216511119	Surya Energy Private Limited	surya energy private limited	surya energy	Nagar Jaipur, Hans Marg, C-252-A, Malviya Nagar, Rajasthan	nagar jaipur hans marg c 252 a malviya nagar rajasthan
train_source1	S1-499302167	Shree Industries Private Limited	shree industries private limited	shree industries	Plot No. 265, G. I. D. C. Estate Sachin, Surat, Gujarat	plot number 265 g i d c estate sachin surat gujarat
train_source1	S1-56985694	Energy New Mechanical Private Limited	energy new mechanical private limited	energy new mechanical	4C, Kowdiar Mannor Jawahar Nagar, Thiruvananthapuram, Thiruvananthapuram, Trivandrum, Kerala	4c kowdiar mannor jawahar nagar thiruvananthapuram thiruvananthapuram trivandrum kerala
train_source1	S1-417526535	Vanguard Allstate Inc	vanguard allstate inc	vanguard allstate	22899 George Lane, Staunton, IL	22899 george lane staunton il
train_source1	S1-382435344	American Western LLC	american western llc	american western	61-01 Bleecker Street, Ridgewood, NY	61 01 bleecker street ridgewood ny
train_source1	S1-927651996	Anand Builders Pvt Ltd	anand builders pvt ltd	anand builders	B/101 Bhaveshwar Plazal B S Road Ghatkopar (W), Mumbai, Maharashtra	b 101 bhaveshwar plazal b south road ghatkopar west mumbai maharashtra
train_source1	S1-613598143	Clair Sprott Inc	clair sprott inc	clair sprott	430 Lewis Avenue, Lombard, IL	430 lewis avenue lombard il
train_source1	S1-6232617	Aspen Ridge LLC	aspen ridge llc	aspen ridge	TX, 834 Sunshine Medley Lane, Richmond	tx 834 sunshine medley lane richmond
train_source1	S1-491925427	Henson Worldwide, LLC	henson worldwide llc	henson worldwide	NY, 2 Weller Road, Unit Lot 2, Brandon	ny 2 weller road unit lot 2 brandon
train_source1	S1-378164861	Industrial Wholesale Enterprises	industrial wholesale enterprises	industrial wholesale enterprises	2507 Branson Landing, Unit Unit 507B, Branson, MO	2507 branson landing unit unit 507b branson mo
train_source1	S1-622231151	Colonial Muzero Inc	colonial muzero inc	colonial muzero	3403 29th Terrace, Topeka, KS	3403 29th terrace topeka ks
train_source1	S1-639096068	India Impact Development Limited	india impact development limited	india impact development	W 21/674, Beach Road, Alleppey, Alappuzha, Kerala	west 21 674 beach road alleppey alappuzha kerala
train_source1	S1-269039848	Holy Community Church	holy community church	holy community church	5546 Cincinnati Dayton Road, Middletown, OH	5546 cincinnati dayton road middletown oh
train_source1	S1-408835967	Panchavati Foods-Delhi	panchavati foods delhi	panchavati foods delhi	75- B Lajpat Nagar -Ii, Delhi, New Delhi, Delhi	75 b lajpat nagar ii delhi new delhi delhi
train_source1	S1-111673633	Anand Projects Private Limited	anand projects private limited	anand projects	H No.1-1-188/C3, Jj Nagar, Opp Govt Junior College, Suryapet, Nalgonda, Telangana	h no1 1 188 c3 jj nagar opposite govt junior college suryapet nalgonda telangana
train_source1	S1-460845609	Coastal Atlantic Better	coastal atlantic better	coastal atlantic better	10423 Bitter Creek Drive, Albuquerque, NM	10423 bitter creek drive albuquerque nm
train_source1	S1-17506850	Indian Industries Limited	indian industries limited	indian industries	Ghaziabad, C-1601, Uttar Pradesh, Ghaziabad, Laxuria Estate Aditya World City	ghaziabad c 1601 uttar pradesh ghaziabad laxuria estate aditya world city
train_source1	S1-68201540	Marketing Balaji Label Limited	marketing balaji label limited	marketing balaji label	Kerala, 4Th Floor, Thiruvananthapuram, Capital Tower, Statue, Thiruvananthapuram, Trivandrum	kerala 4th floor thiruvananthapuram capital tower statue thiruvananthapuram trivandrum
train_source1	S1-831843558	Hernandez Regional Aktiengesellschaft	hernandez regional aktiengesellschaft	hernandez regional aktiengesellschaft	7102 Arbor Rose Lane, Spring, TX	7102 arbor rose lane spring tx
train_source1	S1-63266922	Lloyd Youth Services	lloyd youth services	lloyd youth services	15 Caleb Crossing, Lloyd, NY	15 caleb crossing lloyd ny
train_source1	S1-304785953	Lafferty Certified Lifesciences Inc.	lafferty certified lifesciences inc	lafferty certified lifesciences	13315 Schwenger Place, Fairfax County, VA	13315 schwenger place fairfax county va
train_source1	S1-740254254	Pediatric Prairie Physicians, LLC	pediatric prairie physicians llc	pediatric prairie physicians	Salem, IL, 1009 Trenary Avenue	salem il 1009 trenary avenue
train_source1	S1-836203525	Raviraj Solutions Private Limited	raviraj solutions private limited	raviraj solutions	115, Coral Complex, Science City Road, Sola, Ahmedbad, Ahmedabad, Gujarat	115 coral complex science city road sola ahmedbad ahmedabad gujarat
train_source1	S1-465739288	Chong's Hospitality LLC	chongs hospitality llc	chongs hospitality	1884 Pine Meadow Court, Gurnee, IL	1884 pine meadow court gurnee il
train_source1	S1-111065528	Duplantis Wisekey Inc	duplantis wisekey inc	duplantis wisekey	7340 Stock Ranch Road, Unit APT 7, Citrus Heights, CA	7340 stock ranch road unit apartment 7 citrus heights ca
train_source1	S1-545601093	Bermudez, Rice and Crittenden Inc	bermudez rice and crittenden inc	bermudez rice and crittenden	131 Willow Ridge, Altoona, IA	131 willow ridge altoona ia
train_source1	S1-988516196	Bright Pub!	bright pub	bright pub	1455 Thompson Road, Woodburn, OR	1455 thompson road woodburn or
train_source1	S1-612217752	Zediis Platinum Independence LLC	zediis platinum independence llc	zediis platinum independence	884 Pinnacle Hill Road, Kingston Springs, TN	884 pinnacle hill road kingston springs tn
train_source1	S1-846542666	Desert Sprott	desert sprott	desert sprott	1717 Cole Street, Killeen, TX	1717 cole street killeen tx
train_source1	S1-419483044	King Aria LLC	king aria llc	king aria	215 Grand Avenue, Unit Apartment 609, Old Orchard Beach, ME	215 grand avenue unit apartment 609 old orchard beach me
train_source1	S1-787617931	Delta Ministries IV	delta ministries iv	delta ministries iv	40219 Bay Hill Way, Phoenix, AZ	40219 bay hill way phoenix az
train_source1	S1-535605149	Supreme Engineering LLP	supreme engineering llp	supreme engineering	Shop-04, Gut-41/2, Plot-3/A, 3/B, Pratham Park, Panvel, Raigarh(Mh), Maharashtra	shop 04 gut 41 2 plot 3 a 3 b pratham park panvel raigarhmh maharashtra
train_source1	S1-848219519	Celidyne Supply LLC	celidyne supply llc	celidyne supply	4675 Winter Lane, Brooklyn, OH	4675 winter lane brooklyn oh
train_source1	S1-899782554	U 8 Optimal Recruiting	u 8 optimal recruiting	u 8 optimal recruiting	2847 Michigan Avenue, Dallas, TX	2847 michigan avenue dallas tx
train_source1	S1-498738124	Primary Care Medicine	primary care medicine	primary care medicine	1509 Primrose Lane, Cary, NC	1509 primrose lane cary nc
train_source1	S1-748364403	Eye Group	eye group	eye group	802 Buffalo Street, Unit 8, Johnson City, TN	802 buffalo street unit 8 johnson city tn
train_source1	S1-622557613	Baid Retail Corporation	baid retail corporation	baid retail	114, Sitaram Appartments Plot No-102, Ip Extension, Delhi, East Delhi, Delhi	114 sitaram appartments plot number 102 ip extension delhi east delhi delhi
train_source1	S1-155027115	Bharat Jai Tech	bharat jai tech	bharat jai tech	157, Udyog Kendra Toy Cit, Greater Noida, Bishrakh, Gautam Buddha Nagar, Uttar Pradesh	157 udyog kendra toy cit greater noida bishrakh gautam buddha nagar uttar pradesh
train_source1	S1-417074218	One Constructions Private Limited	one constructions private limited	one constructions	130, Zahoor Garden, Khaggu Sarai, Sambhal, Moradabad, Uttar Pradesh	130 zahoor garden khaggu sarai sambhal moradabad uttar pradesh
train_source1	S1-63975497	VM Commerce LLC	vm commerce llc	vm commerce	4516 Oak Drive, City Of La Crosse, WI	4516 oak drive city of la crosse wi
train_source1	S1-122492157	WGZ Sab LLC	wgz sab llc	wgz sab	14428 29th Street, Phoenix, AZ	14428 29th street phoenix az
train_source1	S1-483281264	Louisa's Group	louisas group	louisas group	599 Mountain Shadow Lane, Maryville, TN	599 mountain shadow lane maryville tn
train_source1	S1-140525226	First Technical Solutions	first technical solutions	first technical solutions	IL, Lasalle, 393 N 30th Road	il lasalle 393 north 30th road
train_source1	S1-616755144	Keystone LLC	keystone llc	keystone	72 R M Way, Mead, OK	72 r m way mead ok
train_source1	S1-527727380	Alpha Bright Technologies Private Limited	alpha bright technologies private limited	alpha bright technologies	B1102 Unity Complex Chs Ltd Yari Road, East Of Link Road Near Gulmohar Garden, Mumbai, Maharashtra	b1102 unity complex chs ltd yari road east of link road near gulmohar garden mumbai maharashtra
train_source1	S1-387694500	Bombay Power Private Limited	bombay power private limited	bombay power	No: 32/2, 2Nd Floor, Mcc Towers, Opp To Sigma Soft Tech Park, Whitefield Main Road, Ramagon, Danahalli, Bangalore, Karnataka	number 32 2 2nd floor mcc towers opposite to sigma soft tech park whitefield main road ramagon danahalli bangalore karnataka
train_source1	S1-664267481	Daniella Pizano Wireless LLC	daniella pizano wireless llc	daniella pizano wireless	4647 Topaz Drive, San Tan Valley, AZ	4647 topaz drive san tan valley az
train_source1	S1-798970125	Hahn Pelican Inc.	hahn pelican inc	hahn pelican	4676 Larkspur Lane, Lake Elmo, MN	4676 larkspur lane lake elmo mn
train_source1	S1-840279529	Siobhan Caswell Safe Diversified LLC	siobhan caswell safe diversified llc	siobhan caswell safe diversified	2205 Hayes Road, Houston, TX	2205 hayes road houston tx
train_source1	S1-624514617	Tramaon Global LLC	tramaon global llc	tramaon global	15056 120th Place, Collinsville, OK	15056 120th place collinsville ok
train_source1	S1-557783855	Sunrise Investments Private Limited	sunrise investments private limited	sunrise investments	818 Devika Tower, Nehru Place, New Delhi, Delhi	818 devika tower nehru place new delhi delhi
train_source1	S1-187558029	Asset Building Charities	asset building charities	asset building charities	2103 Milwaukee Avenue, Minneapolis, MN	2103 milwaukee avenue minneapolis mn
train_source1	S1-737635669	Steffane Dale Clean Eaton	steffane dale clean eaton	steffane dale clean eaton	NC, Hays, 4205 Yellow Banks Road	nc hays 4205 yellow banks road
train_source1	S1-499566732	Mool System Private Limited	mool system private limited	mool system	Shop No.10, Ballour Road, Civil Court, Bahadurgarh, Jhajjar, Haryana	shop no10 ballour road civil court bahadurgarh jhajjar haryana
train_source1	S1-669754446	Bangalore Renewable Limited	bangalore renewable limited	bangalore renewable	Sree Kanaka Papamma Road Indraprastha Road, Ramamurthy Nagar, No 45, Karnataka, Bangalore	sree kanaka papamma road indraprastha road ramamurthy nagar number 45 karnataka bangalore
train_source1	S1-356319224	Womens Health Care	womens health care	womens health care	32 Lexington Avenue, Unit 1, Somerville, MA	32 lexington avenue unit 1 somerville ma
train_source1	S1-176550551	Val L. Roberts, MD	val l roberts md	val l roberts md	IL, Swansea, 3933 Michael John Drive	il swansea 3933 michael john drive
train_source1	S1-551688195	Devendra Lounge Pvt Ltd	devendra lounge pvt ltd	devendra lounge	76, Mahaveer Colony Pushkar Road, Ajmer, Rajasthan	76 mahaveer colony pushkar road ajmer rajasthan
train_source1	S1-698189395	PQ Solution Pvt Ltd	pq solution pvt ltd	pq solution	H No 450, Upper Ground Floor, Gali No 10 Majlis Park, Adarsh Nagar, Azadpur, Delhi, New Delhi, Delhi	h number 450 upper ground floor gali number 10 majlis park adarsh nagar azadpur delhi new delhi delhi
train_source1	S1-116737194	Cannon Precious LLC	cannon precious llc	cannon precious	Burlington, 161 Saint Paul Street, VT	burlington 161 saint paul street vt
train_source1	S1-136894582	Economic Development United Fellowship	economic development united fellowship	economic development united fellowship	3841 Forsyth Park Court, Greenville, NC	3841 forsyth park court greenville nc
train_source1	S1-342754370	Shree Care Private Limited	shree care private limited	shree care	1A - 201 Shilpitha Splendour, Bangalore North, Bangalore, Karnataka	1a 201 shilpitha splendour bangalore north bangalore karnataka
train_source1	S1-567349457	Bay Horse Inc.	bay horse inc	bay horse	6601 4th Avenue, Phoenix, AZ	6601 4th avenue phoenix az
train_source1	S1-468339122	Frederick's Machine Works	fredericks machine works	fredericks machine works	12209 Grimsley Drive, Austin, TX	12209 grimsley drive austin tx
train_source1	S1-615455408	D & L Metro LLC	d and l metro llc	d and l metro	29931 Jones Avenue, Ardmore, AL	29931 jones avenue ardmore al
train_source1	S1-971115873	Hernandez Better Karman LLC	hernandez better karman llc	hernandez better karman	325 Pr 640, Matagorda, TX	325 pr 640 matagorda tx
train_source1	S1-260530670	Allen, Sherpa & Lebowitz Superior LLC	allen sherpa and lebowitz superior llc	allen sherpa and lebowitz superior	2014 4th Street, Burlington, IA	2014 4th street burlington ia
train_source1	S1-848777360	India Northend Foundations Limited	india northend foundations limited	india northend foundations	1-7-1074/B, Flat No. 309, B Block, 3Rd Floor, Dattasai Commercial Complex, Rtcxroad, Ch, Ikkadpally, Hyderabad, Telangana	1 7 1074 b flat number 309 b block 3rd floor dattasai commercial complex rtcxroad ch ikkadpally hyderabad telangana
train_source1	S1-705961596	IMQ Eye Private Limited	imq eye private limited	imq eye	M.C.B.-Z-6-22224/0003 Main Road, Adarsh Nagar, Goniana Road, Bathinda, Punjab	mcb z 6 22224 0003 main road adarsh nagar goniana road bathinda punjab
train_source1	S1-685073108	Kylie's Hair Studio	kylies hair studio	kylies hair studio	15083 County Road 1400, Apache, OK	15083 county road 1400 apache ok
train_source1	S1-974991176	Fresh Certified Ashford-Leesburg	fresh certified ashford leesburg	fresh certified ashford leesburg	30 Ems T7A Lane, Leesburg, IN	30 ems t7a lane leesburg in
train_source1	S1-297525707	Bright Consultancy	bright consultancy	bright consultancy	Maharashtra, Mumbai City, Shop No. A/17 Gaurav Annex Nr. Mandvi Co.-Op. Bank. R. R. T. Rd., Mumbai, M, Ulund West	maharashtra mumbai city shop number a 17 gaurav annex near mandvi co op bank r r t road mumbai m ulund west
train_source1	S1-764937251	Tesch Investments	tesch investments	tesch investments	11211 Longbranch Street, Monrovia, IN	11211 longbranch street monrovia in
train_source1	S1-915022305	Cozy Pub	cozy pub	cozy pub	3616 Peterson Avenue, Chicago, IL	3616 peterson avenue chicago il
train_source1	S1-16609748	Midwest Mountain Wells LLC	midwest mountain wells llc	midwest mountain wells	2140 71st Street, Lubbock, TX	2140 71st street lubbock tx
train_source1	S1-281051556	Stella Vail House Inc	stella vail house inc	stella vail house	3620 Old Sand Mine Drive, Wilmington, NC	3620 old sand mine drive wilmington nc
train_source1	S1-231271132	Kumta Steel Limited	kumta steel limited	kumta steel	House No. 321, Balale, Madanagere, Ankola, Kumta, Uttara Kannada, Karnataka	house number 321 balale madanagere ankola kumta uttara kannada karnataka
train_source1	S1-536948776	I+ Corporate Inc.	i corporate inc	i corporate	718 94, Warwick, NY	718 94 warwick ny
train_source1	S1-241686597	Romero Technologies Co	romero technologies co	romero technologies	TN, 27 Creekbend Cove, Jackson	tn 27 creekbend cove jackson
train_source1	S1-684505968	Namaskar & Co Company	namaskar and co company	namaskar and	B 70/51, Keshav Puram, Delhi, North West Delhi, Delhi	b 70 51 keshav puram delhi north west delhi delhi
train_source1	S1-835425265	Green United Solana LLC	green united solana llc	green united solana	694 E Side Drive, Unit F, Layton, UT	694 east side drive unit f layton ut
train_source1	S1-580966525	Morbi Wires Private Limited	morbi wires private limited	morbi wires	S.No. 239/241/242, Sartanpar Road Near, Lezora Granito, At-Matel, Ta-Wanka, Ner, Morbi, Rajkot, Gujarat	sno 239 241 242 sartanpar road near lezora granito at matel ta wanka ner morbi rajkot gujarat
train_source1	S1-945468839	Gc Traders Private Limited	gc traders private limited	gc traders	H.No A-5 Gali No 20 G/F Madhu Vihar, Delhi, East Delhi, Delhi	hno a 5 gali number 20 g f madhu vihar delhi east delhi delhi
train_source1	S1-386654734	One Enterprises	one enterprises	one enterprises	H.No 6-3-712/90-23, 2Nd Floor, Beside Agarwal Eye Hospital, Panjagutta, Hyderabad, Telangana	hno 6 3 712 90 23 2nd floor beside agarwal eye hospital panjagutta hyderabad telangana
train_source1	S1-579617619	Cardiology Center LLC	cardiology center llc	cardiology center	60 Queen Street, Hempstead, NY	60 queen street hempstead ny
train_source1	S1-896836973	Odessa York, CPA	odessa york cpa	odessa york cpa	Mobile, 3845 Cottage Hill Road, AL	mobile 3845 cottage hill road al
train_source1	S1-881770296	Pediatric Dentistry Clinic, Inc	pediatric dentistry clinic inc	pediatric dentistry clinic	4 Snowbell Lane, Worcester, MA	4 snowbell lane worcester ma
train_source1	S1-504059078	Bastion Financial LLC	bastion financial llc	bastion financial	2729 Montclare Avenue, Chicago, IL	2729 montclare avenue chicago il
train_source1	S1-828917180	Wiggins Molecular P.C.	wiggins molecular pc	wiggins molecular pc	239 Duckworth Road, Pennsboro, WV	239 duckworth road pennsboro wv
train_source1	S1-973233920	Data Materials Networks	data materials networks	data materials networks	609 Hickory Street, Ottawa, KS	609 hickory street ottawa ks
train_source1	S1-451892808	Ortega Kogyo, Inc	ortega kogyo inc	ortega kogyo	11027 Wortham Boulevard, Houston, TX	11027 wortham boulevard houston tx
train_source1	S1-919867800	Oracle Educational Society	oracle educational society	oracle educational society	West Chavakatta Bridgepost Box No 2620 Canal Road, Alleppey, Alappuzha, Kerala	west chavakatta bridgepost box number 2620 canal road alleppey alappuzha kerala
train_source1	S1-769172378	Technocast Chit Private Limited	technocast chit private limited	technocast chit	A/39, Kamla Nagar, Near Ram Mandir, Kotra Sultanabad, Bhopal, Madhya Pradesh	a 39 kamla nagar near ram mandir kotra sultanabad bhopal madhya pradesh
train_source1	S1-223621109	Pioneer Projects LLP	pioneer projects llp	pioneer projects	Rohtak, Khewat No. 93, Kh No 197, Rajender Nagar, Plot No 12, Haryana	rohtak khewat number 93 kh number 197 rajender nagar plot number 12 haryana
train_source1	S1-983652708	Regional Heartland Chiropractic	regional heartland chiropractic	regional heartland chiropractic	1631 45th Place, Tulsa, OK	1631 45th place tulsa ok
train_source1	S1-904479856	Annmarie Pierson Creative Property LLC	annmarie pierson creative property llc	annmarie pierson creative property	11834 Big Leaf Way, Redmond, WA	11834 big leaf way redmond wa
train_source1	S1-783021266	Power Infotel	power infotel	power infotel	Sirsa, Ground Floor, H.No. 801, Sawera Hotel Wali Gali, Near Bus Stand, Gobind Nagar, Haryana, Sirsa	sirsa ground floor hno 801 sawera hotel wali gali near bus stand gobind nagar haryana sirsa
train_source1	S1-259452306	Shorter and Reyes Xrp	shorter and reyes xrp	shorter and reyes xrp	130 Main Street, Durham, NC	130 main street durham nc
train_source1	S1-926958422	Sunshine Healthcare Ltd	sunshine healthcare ltd	sunshine healthcare	No 9 Darshan Apt S 114/3, Pl 21 Vishrantwadi, Pune City, Pune, Maharashtra	number 9 darshan apartment south 114 3 place 21 vishrantwadi pune city pune maharashtra
train_source1	S1-19593330	FO Aktiengesellschaft Inc	fo aktiengesellschaft inc	fo aktiengesellschaft	3736 Riverdowns Drive N, Chesterfield County, VA	3736 riverdowns drive north chesterfield county va
train_source1	S1-929809097	Alisun Nowak Rocky Oxley	alisun nowak rocky oxley	alisun nowak rocky oxley	3631 Cushing Drive, Unit D, Columbus, OH	3631 cushing drive unit d columbus oh
train_source1	S1-253986331	Shirleen Knight Apex Income LLC	shirleen knight apex income llc	shirleen knight apex income	5000 Dartmouth Drive, Unit UNIT B29, College, AK	5000 dartmouth drive unit unit b29 college ak
train_source1	S1-336167025	Dasi Rothrock, DDS	dasi rothrock dds	dasi rothrock dds	3267 Eastcrest Road, West Valley City, UT	3267 eastcrest road west valley city ut
train_source1	S1-761585587	Classic Printing Enterprises Corp	classic printing enterprises corp	classic printing enterprises	22 Hickory Point Road, Constantia, NY	22 hickory point road constantia ny
train_source1	S1-576153543	Four Charitable Trust	four charitable trust	four charitable trust	334 Madhuban Apartment, Saket Nagar, Indore, Madhya Pradesh	334 madhuban apartment saket nagar indore madhya pradesh
train_source1	S1-948336320	Oliy Queenan, L.C.S.W.	oliy queenan lcsw	oliy queenan lcsw	445243 995 Road, Gore, OK	445243 995 road gore ok
train_source1	S1-109460220	Dharti City Private Limited	dharti city private limited	dharti city	Durga Sadan B-25/34A-1/49Jawahar Nagar Colony Varanasi, Uttar Prardesh, Varanasi, Uttar Pradesh	durga sadan b 25 34a 1 49jawahar nagar colony varanasi uttar prardesh varanasi uttar pradesh
train_source1	S1-699955992	Diaz Grifols LLC	diaz grifols llc	diaz grifols	3817 Crane Street, Independence, MO	3817 crane street independence mo
train_source1	S1-881535873	Azamgarh Marketing Private Limited	azamgarh marketing private limited	azamgarh marketing	C/O Ajai Kumar Rai, Village Lachirampur Hafizpur, Post- Heerapatti, Azamgarh, Uttar Pradesh	c o ajai kumar rai village lachirampur hafizpur post heerapatti azamgarh uttar pradesh
train_source1	S1-420936510	Maps Products Private Limited	maps products private limited	maps products	97, Vivekanand Nagar Agar, Shajapur, Madhya Pradesh	97 vivekanand nagar agar shajapur madhya pradesh
train_source1	S1-928237806	Heavener Qdro, Inc	heavener qdro inc	heavener qdro	1201 Fretz Avenue, Unit 35, Edmond, OK	1201 fretz avenue unit 35 edmond ok
train_source1	S1-602775749	Urology Rocky Care Associates	urology rocky care associates	urology rocky care associates	4419 27th Street, Unit 11, Phoenix, AZ	4419 27th street unit 11 phoenix az
train_source1	S1-166601186	Pediatric Medicine LLC	pediatric medicine llc	pediatric medicine	5022 Goose Neck Road, Northwest, NC	5022 goose neck road northwest nc
train_source1	S1-139532667	Merchant Charitable Trust	merchant charitable trust	merchant charitable trust	Mohla Road, Village Harphala, Post Office : Gadpuri, Ballabgarh, Faridabad, Haryana	mohla road village harphala post office gadpuri ballabgarh faridabad haryana
train_source1	S1-391248994	Smart Consulting Pvt Ltd	smart consulting pvt ltd	smart consulting	Kajala House, Ullody, Bela, Kasaragod, Kasargod, Kerala	kajala house ullody bela kasaragod kasargod kerala
train_source1	S1-217259238	Buttler, Wilding and Manjarrez Inc	buttler wilding and manjarrez inc	buttler wilding and manjarrez	2038 Ohara Avenue, Sneads, FL	2038 ohara avenue sneads fl
train_source1	S1-363414052	Meify, Inc	meify inc	meify	1202 Schreier Road, Unit B, Rossford, OH	1202 schreier road unit b rossford oh
train_source1	S1-719919136	Al Blue Consultancy Limited	al blue consultancy limited	al blue consultancy	24/7-A, Second Floor Tilak Nagar, New Delhi, West Delhi, Delhi	24 7 a second floor tilak nagar new delhi west delhi delhi
train_source1	S1-75134768	Urban Tech	urban tech	urban tech	Calcutta, 71 B R B Basu Rd, West Bengal, Kolkata	calcutta 71 b r b basu road west bengal kolkata
train_source1	S1-174758675	Phillis Rios Quantum	phillis rios quantum	phillis rios quantum	1091 Addice Way, Cincinnati, OH	1091 addice way cincinnati oh
train_source1	S1-124712855	Thompson Immigration Private Limited	thompson immigration private limited	thompson immigration	Princetowers, Doorno.52&53, 9Thfloorcollegeroad, Nungambakkam, Chennai, Tamil Nadu	princetowers doorno52 and 53 9thfloorcollegeroad nungambakkam chennai tamil nadu
train_source1	S1-305403960	Urban Food Private Limited	urban food private limited	urban food	5 East Avas Vikas Colony, Betiahata, Gorakhpur, Uttar Pradesh	5 east avas vikas colony betiahata gorakhpur uttar pradesh
train_source1	S1-615738219	Rahul Brothers Private Limited	rahul brothers private limited	rahul brothers	A-279Okhla Phase-I, New Delhi, South Delhi, Delhi	a 279okhla phase i new delhi south delhi delhi
train_source1	S1-925443249	Ameerpet Fab Pvt Ltd	ameerpet fab pvt ltd	ameerpet fab	Srishti Homes, Sanjeeva Reddy Nagar, Ameerpet, Telangana, 402, Hyderabad	srishti homes sanjeeva reddy nagar ameerpet telangana 402 hyderabad
train_source1	S1-635349757	Lock Flex of Silver Spring LLC	lock flex of silver spring llc	lock flex of silver spring	111 Eldrid Drive, Silver Spring, MD	111 eldrid drive silver spring md
train_source1	S1-300609714	Hawkes Montessori School	hawkes montessori school	hawkes montessori school	1002 33rd Street Court, Moline, IL	1002 33rd street court moline il
train_source1	S1-743936349	Shanda F. Jones, MD	shanda f jones md	shanda f jones md	15 Hager Lane, Richland, NY	15 hager lane richland ny
train_source1	S1-94297591	Quva LLC	quva llc	quva	9200 Beach Road, Town Of Port Wing, WI	9200 beach road town of port wing wi
train_source1	S1-817802155	Petronilla Sult Royalties L.L.C.	petronilla sult royalties llc	petronilla sult royalties	1012 Sharpsburg Circle, Irondale, AL	1012 sharpsburg circle irondale al
train_source1	S1-369711048	Robichaud Voya LLC	robichaud voya llc	robichaud voya	82 Erobi Ln, Iowa City, IA	82 erobi lane iowa city ia
train_source1	S1-501296085	Valley & Co	valley and co	valley and	Flat No 33 B, Udaygiri 1St, Sector 34, Uttar Pradesh, Gautam Buddha Nagar, Noida	flat number 33 b udaygiri 1st sector 34 uttar pradesh gautam buddha nagar noida
train_source1	S1-967153211	Sharl's Hair Studio LLC	sharls hair studio llc	sharls hair studio	9335 Horseshoe Bend Drive, Charlotte, NC	9335 horseshoe bend drive charlotte nc
train_source1	S1-300031623	City It Limited	city it limited	city it	I-110Mayapuri Indl Area Phase-Ii, New Delhi, West Delhi, Delhi	i 110mayapuri indl area phase ii new delhi west delhi delhi
train_source1	S1-98579303	Indian Technologies	indian technologies	indian technologies	Flat 19/1/16, Nabin Chandra Das Road, Kolkata, Kolkata, Howrah, West Bengal	flat 19 1 16 nabin chandra das road kolkata kolkata howrah west bengal
train_source1	S1-576857452	Urban Investment Private Limited	urban investment private limited	urban investment	709, 7Th Flr, Kosha Kommercial Komplex, Malad East, Mumbai, Maharashtra	709 7th floor kosha kommercial komplex malad east mumbai maharashtra
train_source1	S1-121839562	Horizon Wholesale Labs LLC	horizon wholesale labs llc	horizon wholesale labs	OH, 7495 Lauren J Drive, Mentor	oh 7495 lauren j drive mentor
train_source1	S1-79772943	Nobles School of Medicine	nobles school of medicine	nobles school of medicine	Hereford, AZ, 6252 Saddlehorn Circle	hereford az 6252 saddlehorn circle
train_source1	S1-694085192	Internal Medicine Associates	internal medicine associates	internal medicine associates	5227 Main Street, Unit 32, Downers Grove, IL	5227 main street unit 32 downers grove il
train_source1	S1-525055772	Summit Network	summit network	summit network	8313 Sweet Cherry Lane, Laurel, MD	8313 sweet cherry lane laurel md
train_source1	S1-376690332	Nilam Automation Private Limited	nilam automation private limited	nilam automation	Gbr 203, Alpha Building, Ghodbunder Road, Kasarvadavli Naka, Kasa, Rvadavli, Thane, Maharashtra	gbr 203 alpha building ghodbunder road kasarvadavli naka kasa rvadavli thane maharashtra
train_source1	S1-219548536	Dahlen Direct Muniyield	dahlen direct muniyield	dahlen direct muniyield	215 Victoria Road, Hartford, CT	215 victoria road hartford court
train_source1	S1-410701476	Perry Oaktree	perry oaktree	perry oaktree	312 Goldsboro Street, Fremont, NC	312 goldsboro street fremont nc
train_source1	S1-862338675	Sloan Mountain Grid Corp	sloan mountain grid corp	sloan mountain grid	3315 80th Street, City Of Kenosha, WI	3315 80th street city of kenosha wi
train_source1	S1-448345019	Urban Construction Private Limited	urban construction private limited	urban construction	Flat No. B1/604, Minar Regency Talao Pali Mumbra, Thane, Maharashtra	flat number b1 604 minar regency talao pali mumbra thane maharashtra
train_source1	S1-883829621	Orange Metals Private Limited	orange metals private limited	orange metals	Flat No 209, B-2 Vaishnav Building, Surendra Place, Bhopal, Madhya Pradesh	flat number 209 b 2 vaishnav building surendra place bhopal madhya pradesh
train_source1	S1-153055996	Summit Associates	summit associates	summit associates	1391 Country Lane, Bellingham, WA	1391 country lane bellingham wa
train_source1	S1-252433119	Secure Telecom Collective	secure telecom collective	secure telecom collective	2909 Pasture View Court, Powell, OH	2909 pasture view court powell oh
train_source1	S1-324674388	Classic Park LLC	classic park llc	classic park	5445 Desert Hills Drive, Glendale, AZ	5445 desert hills drive glendale az
train_source1	S1-638466806	Radhey Basket Private Limited	radhey basket private limited	radhey basket	Panchratna Office No. 624/1 Karve Road Erandawane, Pune, Maharashtra	panchratna office number 624 1 karve road erandawane pune maharashtra
train_source1	S1-827102573	Oncology Optimal Medicine PC	oncology optimal medicine pc	oncology optimal medicine pc	7295 Sunset Strip Avenue, Canton, OH	7295 sunset strip avenue canton oh
train_source1	S1-989439466	Value Digital Concepts	value digital concepts	value digital concepts	20464 Cooks Drive, Marshall, IL	20464 cooks drive marshall il
train_source1	S1-3732976	Strategic Fund, LLC	strategic fund llc	strategic fund	10486 Montecarlo Place, City Of Socorro, TX	10486 montecarlo place city of socorro tx
train_source1	S1-31205819	Tirupati Media Pvt Ltd	tirupati media pvt ltd	tirupati media	Zeelproperties Panchkutir, Pawarwadi A S Marg Powai, Mumbai, Maharashtra	zeelproperties panchkutir pawarwadi a south marg powai mumbai maharashtra
train_source1	S1-895771779	24HR Towing	24hr towing	24hr towing	641 Midfield Drive, Maumee, OH	641 midfield drive maumee oh
train_source1	S1-29354465	Horizon Freight Systems LLC	horizon freight systems llc	horizon freight systems	251 Larry Parsons Road, Ellerbe, NC	251 larry parsons road ellerbe nc
train_source1	S1-772189406	Cordelia Lalanne Teucrium LLC	cordelia lalanne teucrium llc	cordelia lalanne teucrium	Millcreek, UT, 986 Olympus Ridge Cove	millcreek ut 986 olympus ridge cove
train_source1	S1-872627167	Anand Brothers Limited	anand brothers limited	anand brothers	Flat No 703 Gut No 70/1 Pearl Shell Near Nath S, Aurangabad, Maharashtra, Aurangabad	flat number 703 gut number 70 1 pearl shell near nath south aurangabad maharashtra aurangabad
train_source1	S1-173906255	Curatolo, Juergens and Arrington	curatolo juergens and arrington	curatolo juergens and arrington	410 Mission Trail, Wimberley, TX	410 mission trail wimberley tx
train_source1	S1-566012078	Aarvin India Private Limited	aarvin india private limited	aarvin india	West Bengal, Murshidabad, 16/A Radhika Mohan Sen Road, Berhampore, Baharampur West Bengal	west bengal murshidabad 16 a radhika mohan sen road berhampore baharampur west bengal
train_source1	S1-610266870	High Estate Limited	high estate limited	high estate	Pl. No. 11, W.No.54, Radhika Nagar No.1, Near Hanuman Temple, Amravati, Maharashtra	place number 11 wno54 radhika nagar no1 near hanuman temple amravati maharashtra
train_source1	S1-506810298	ZE Corporate	ze corporate	ze corporate	575 Thornhill Drive, Unit 116, Carol Stream, IL	575 thornhill drive unit 116 carol stream il
train_source1	S1-162806244	Claudine Thompson Mitsubishi Corp	claudine thompson mitsubishi corp	claudine thompson mitsubishi	41251 Hearne Road, New London, NC	41251 hearne road new london nc
train_source1	S1-50643392	Loum Lending Inc	loum lending inc	loum lending	2861 Josephine Street, Mobile, AL	2861 josephine street mobile al
train_source1	S1-395813861	Sampada Ventures Private Limited	sampada ventures private limited	sampada ventures	No. 161, 2Nd Stage, 3Rd Block 2Nd F Cross, Nagarabhavi, Bangalore, Karnataka	number 161 2nd stage 3rd block 2nd f cross nagarabhavi bangalore karnataka
train_source1	S1-652331096	Arihant Infra Private Limited	arihant infra private limited	arihant infra	Ig -Ii, 738 A, Vikas Puri, New Delhi, Delhi	ig ii 738 a vikas puri new delhi delhi
train_source1	S1-436985273	Corner Pilates	corner pilates	corner pilates	KY, 116 Redwood Drive, Frankfort	ky 116 redwood drive frankfort
train_source1	S1-336308856	Rajendranagar Agro Private Limited	rajendranagar agro private limited	rajendranagar agro	Rajendranagar, Hyderabad, Bandlaguda Jagir, Telangana, Pno13&14Fno 203 Mounika N	rajendranagar hyderabad bandlaguda jagir telangana pno13 and 14fno 203 mounika north
train_source1	S1-459696014	Arihant Builders Private Limited	arihant builders private limited	arihant builders	11A, Lic Office Ke Piche Indra Nagar, Dibiyapur, Auraiya, Etawa, Uttar Pradesh	11a lic office ke piche indra nagar dibiyapur auraiya etawa uttar pradesh
train_source1	S1-169008536	Urban Projects	urban projects	urban projects	C/O Alauddin Molla Noorpur Ramnagar 24 Parganas, Diamond Harbour - I, South 24 Parganas, West Bengal	c o alauddin molla noorpur ramnagar 24 parganas diamond harbour i south 24 parganas west bengal
train_source1	S1-128347375	Anand Green Logistics Private Limited	anand green logistics private limited	anand green logistics	107 First Floor Plot No-6T.C, Jaina Tower -2 District Centre Janak New Delhi, Delhi, Jaina Tower -2 District Centre Janak New Delhi, Delhi, New Delhi, West Delhi, Delhi	107 first floor plot number 6tc jaina tower 2 district centre janak new delhi delhi jaina tower 2 district centre janak new delhi delhi new delhi west delhi delhi
train_source1	S1-493363382	Mitchell Rock of Phoenix, LLC	mitchell rock of phoenix llc	mitchell rock of phoenix	17950 68th Street, Unit 1044, Phoenix, AZ	17950 68th street unit 1044 phoenix az
train_source1	S1-457935815	Liberty Family Office PLLC	liberty family office pllc	liberty family office pllc	1028 Horah Street, Salisbury, NC	1028 horah street salisbury nc
train_source1	S1-924009686	Elegance Events (India) Private Limited	elegance events india private limited	elegance events india	Bangalore, Swati Enclave, Trb Layout 1St Main, 1St Cross, Bangalore, Karnataka, No. 401	bangalore swati enclave trb layout 1st main 1st cross bangalore karnataka number 401
train_source1	S1-820394674	Indu Trust	indu trust	indu trust	1001 Wing-D, Rustomjee, Paramount 18Th Rd, Khar W, Mumbai, Maharashtra	1001 wing d rustomjee paramount 18th road khar west mumbai maharashtra
train_source1	S1-116247627	Smart Agricultural Works Associates	smart agricultural works associates	smart agricultural works associates	1255 Maple Avenue, Southport, NY	1255 maple avenue southport ny
train_source1	S1-409451774	All Cargo Company	all cargo company	all cargo	4725 Chowen Avenue, Minneapolis, MN	4725 chowen avenue minneapolis mn
train_source1	S1-270844042	Chellam Management Limited	chellam management limited	chellam management	C/O Omparkash S/O Umrao V.P.O. Makdola (42), Farukh Nagar, Gurgaon, Haryana	c o omparkash south o umrao vpo makdola 42 farukh nagar gurgaon haryana
train_source1	S1-165891282	Industries Grand Brick Group	industries grand brick group	industries grand brick group	Shop No.-S-8, Second Floor, Plot No.-5 Pankaj Central Plaza, Pocket-5, Sector-12, Dwarka, New Delhi, Delhi	shop number south 8 second floor plot number 5 pankaj central plaza pocket 5 sector 12 dwarka new delhi delhi
train_source1	S1-49032225	Lakshmi Builders Private Limited	lakshmi builders private limited	lakshmi builders	D-109, Gauri Shanker Enclave, Prem Nagar-Iii Kirari Suleman Nagar, New Delhi, Delhi	d 109 gauri shanker enclave prem nagar iii kirari suleman nagar new delhi delhi
train_source1	S1-581797355	Virtus Lifespaces Private Limited	virtus lifespaces private limited	virtus lifespaces	Sy No 10/28, Ambalipura, Bangalore South, Bangalore, Karnataka	sy number 10 28 ambalipura bangalore south bangalore karnataka
train_source1	S1-979042353	Surya & Brothers Pvt Ltd	surya and brothers pvt ltd	surya and brothers	No.237 8Th Block 4Th Lane K.K.D Nagar Kodungaiyur, Chennai, Tamil Nadu	no237 8th block 4th lane kkd nagar kodungaiyur chennai tamil nadu
train_source1	S1-284710338	Inter India	inter india	inter india	A-2106, Ace Platinum, Block Zeta-1, Plot No Gh 12/1, Greater Noida, Dadri, Gautam Buddha Nagar, Uttar Pradesh	a 2106 ace platinum block zeta 1 plot number gh 12 1 greater noida dadri gautam buddha nagar uttar pradesh
train_source1	S1-812886866	Creative Purchase Private Limited	creative purchase private limited	creative purchase	No 19/2/369/108/15 Chandulal, Baradari Colony, Hyderabad, Telangana	number 19 2 369 108 15 chandulal baradari colony hyderabad telangana
train_source1	S1-677741106	Paul Holdings	paul holdings	paul holdings	C/O- Akhilesh Kr Chauhan Patwatoli, Near Naksha Ghar, Hajipur, Vaishali, Bihar	c o akhilesh kr chauhan patwatoli near naksha ghar hajipur vaishali bihar
train_source1	S1-263481527	Pinnacle Enterprises	pinnacle enterprises	pinnacle enterprises	401 Raghavbhawan Khjua Chowki, Rajendranagar, Lucknow, Uttar Pradesh	401 raghavbhawan khjua chowki rajendranagar lucknow uttar pradesh
train_source1	S1-447103941	Bell Flexipack Private Limited	bell flexipack private limited	bell flexipack	Ground Floor, Pitru Chhaya Bldg, 6 Sleater Road, First Cross Lane, Grant Road, Mumbai, Mumbai City, Maharashtra	ground floor pitru chhaya building 6 sleater road first cross lane grant road mumbai mumbai city maharashtra
train_source1	S1-177375169	High and Dills Generation LLC	high and dills generation llc	high and dills generation	3211 Heathstead Place, Unit C, Charlotte, NC	3211 heathstead place unit c charlotte nc
train_source1	S1-706514314	Dental Quality Associates, LLC	dental quality associates llc	dental quality associates	2831 Sutton Avenue, Kettering, OH	2831 sutton avenue kettering oh
train_source1	S1-352234501	Clean Investment Services	clean investment services	clean investment services	34 Abbott Square, Birmingham, AL	34 abbott square birmingham al
train_source1	S1-225119054	Complete Certified Pharmaceutical LLC	complete certified pharmaceutical llc	complete certified pharmaceutical	193 Maple Avenue, White Sulphur Springs, WV	193 maple avenue white sulphur springs wv
train_source1	S1-543144015	Freight Foods	freight foods	freight foods	B.K. Dutt Colony Lodhi Road, Delhi, K-5, New Delhi	bk dutt colony lodhi road delhi k 5 new delhi
train_source1	S1-233584777	Fischer Burtech Partners	fischer burtech partners	fischer burtech partners	2362 Stop 11 Road, Indianapolis, IN	2362 stop 11 road indianapolis in
train_source1	S1-192327811	NP Global Company	np global company	np global	61 T/F, Third Floor, Vijay Block, East Delhi, Delhi	61 t f third floor vijay block east delhi delhi
train_source1	S1-993357110	Chiropractic Center	chiropractic center	chiropractic center	416 5th Avenue, East Grand Forks, MN	416 5th avenue east grand forks mn
train_source1	S1-440023753	Brown Complete Coca LLC	brown complete coca llc	brown complete coca	3580 Jackson Avenue, Ogden City, UT	3580 jackson avenue ogden city ut
train_source1	S1-854319024	Regional Trust PLLC	regional trust pllc	regional trust pllc	7007 Savannah Run, Katy, TX	7007 savannah run katy tx
train_source1	S1-86094936	Jain Developers	jain developers	jain developers	88/A M C Garden Road Dumdum, Kolkata, Calcutta, West Bengal	88 a m c garden road dumdum kolkata calcutta west bengal
train_source1	S1-981904067	DJ Blue LLC	dj blue llc	dj blue	14 Bemus Street, Lakewood, NY	14 bemus street lakewood ny
train_source1	S1-832211747	EDT House, Inc	edt house inc	edt house	136 Peachtree Memorial Drive, Unit 7, Atlanta, GA	136 peachtree memorial drive unit 7 atlanta ga
train_source1	S1-488506845	Olanora Centers	olanora centers	olanora centers	VA, 156 School Lane, James City County	va 156 school lane james city county
train_source1	S1-654697159	Sector & Co of Noida	sector and co of noida	sector and company of noida	D-72, Sector-55 Noida Gautam Budh Nagar, Noida, Gautam Buddha Nagar, Uttar Pradesh	d 72 sector 55 noida gautam budh nagar noida gautam buddha nagar uttar pradesh
train_source1	S1-739195544	Neilla Killian Communications Inc	neilla killian communications inc	neilla killian communications	200 Faber Avenue, Waterbury, CT	200 faber avenue waterbury court
train_source1	S1-559551054	Prine Heartland Globa	prine heartland globa	prine heartland globa	115 State Street, Falmouth, KY	115 state street falmouth ky
train_source1	S1-580254632	As & Sons Pvt Ltd	as and sons pvt ltd	as and sons	Maharashtra, 401/402, Thane, Smruti Apartment, Vishnunagar, Naupada	maharashtra 401 402 thane smruti apartment vishnunagar naupada
train_source1	S1-405795474	Webster & Mullins LLC	webster and mullins llc	webster and mullins	1976 Franklin Place, Hoffman Estates, IL	1976 franklin place hoffman estates il
train_source1	S1-765456522	Fastgrow Software Limited	fastgrow software limited	fastgrow software	Type-02Q.No. -47, Congress Nagar Pathakheda, Shahpura, Betul, Madhya Pradesh	type 02qno 47 congress nagar pathakheda shahpura betul madhya pradesh
train_source1	S1-55333937	Ramesh Software Pvt Ltd	ramesh software pvt ltd	ramesh software	Second Floor Gowtham Arcade208 T V Samy Road East R S Puram, Coimbatore, Tamil Nadu	second floor gowtham arcade208 t v samy road east r south puram coimbatore tamil nadu
train_source1	S1-876256279	Panchkula Mount Private Limited	panchkula mount private limited	panchkula mount	Flat No 603, Tower 9B, Suncity Parikarma, Sector 20, Panchkula, Haryana	flat number 603 tower 9b suncity parikarma sector 20 panchkula haryana
train_source1	S1-651095976	Sterling Innovative Electric LLC	sterling innovative electric llc	sterling innovative electric	1747 Jackson Avenue, Fl 0, Wichita, KS	1747 jackson avenue fl 0 wichita ks
train_source1	S1-522840559	Tulsa Pediatric Dentistry Continental Medicine	tulsa pediatric dentistry continental medicine	tulsa pediatric dentistry continental medicine	7085 Foxtail Lane, Tulsa, OK	7085 foxtail lane tulsa ok
train_source1	S1-601945198	United Con LLP	united con llp	united con	Flat 1314/B Om Kalyani Chs Holy Cross Road Navagoan Dahisar West, Mumbai, Mumbai City, Maharashtra	flat 1314 b om kalyani chs holy cross road navagoan dahisar west mumbai mumbai city maharashtra
train_source1	S1-757082720	Urology Regional Clinic	urology regional clinic	urology regional clinic	50085 288, Young, AZ	50085 288 young az
train_source1	S1-590134263	Global Financial Global	global financial global	global financial global	Unit Suite 235, 10500 Bergtold Road, NY, Clarence	unit suite 235 10500 bergtold road ny clarence
train_source1	S1-842497118	Atlantic Chiron	atlantic chiron	atlantic chiron	3744 Blue Trace Lane, Farmers Branch, TX	3744 blue trace lane farmers branch tx
train_source1	S1-326704888	Ear Nose & Throat Tri-State Specialists Associates	ear nose and throat tri state specialists associates	ear nose and throat tri state specialists associates	7804 National Service Road, Greensboro, NC	7804 national service road greensboro nc
train_source1	S1-4869416	Pasillas and Rabinovich Group	pasillas and rabinovich group	pasillas and rabinovich group	4938 13th Avenue, Keizer, OR	4938 13th avenue keizer or
train_source1	S1-720468760	B & G Exchange	b and g exchange	b and g exchange	354 Claremont Road, Kingsport, TN	354 claremont road kingsport tn
train_source1	S1-93806322	New Media Private Limited	new media private limited	new media	Arabikula Street, Chinnakadai Veethi, No. 4, Tamil Nadu, Tiruchirappalli, Trichy	arabikula street chinnakadai veethi number 4 tamil nadu tiruchirappalli trichy
train_source1	S1-16642923	Jain Hitech It Pvt Ltd	jain hitech it pvt ltd	jain hitech it	Celler, Shop No 1, Sarvamangal B/H Zalak Complex, Nr Pankaj Society, Bhattha, Paldi, Ahmedabad, Gujarat	celler shop number 1 sarvamangal b h zalak complex near pankaj society bhattha paldi ahmedabad gujarat
train_source1	S1-951871591	Poddar College	poddar college	poddar college	C/O Lajje, Nr -Main Rasta, Village - Shahpur, Sector-128, Noida, Gautam Buddha Nagar, Uttar Pradesh	c o lajje near main rasta village shahpur sector 128 noida gautam buddha nagar uttar pradesh
train_source1	S1-665355186	International Nestor Interiors Limited	international nestor interiors limited	international nestor interiors	Block D, 2Nd Floor, Flat 2B, 35/1, Bangur Avenue, North 24 Parganas, Sky Residency, Jessore Road, West Bengal	block d 2nd floor flat 2b 35 1 bangur avenue north 24 parganas sky residency jessore road west bengal
train_source1	S1-953470089	Tirupati Systems Limited	tirupati systems limited	tirupati systems	C/O Mangesh Waman Nirantar, Shop No. G-1, F-Building, Kasliwal Suvarnayog, Garkhed, A, Aurangabad, Maharashtra	c o mangesh waman nirantar shop number g 1 f building kasliwal suvarnayog garkhed a aurangabad maharashtra
train_source1	S1-464105135	Wynter Secure Sachs	wynter secure sachs	wynter secure sachs	673 Cook Road, Sheldon, VT	673 cook road sheldon vt
train_source1	S1-272091966	Begley's Value Pet Care	begleys value pet care	begleys value pet care	5909 Brambleberry Way, Raleigh, NC	5909 brambleberry way raleigh nc
train_source1	S1-675959550	Ne Forwarding Private Limited	ne forwarding private limited	ne forwarding	No.5M-651/A, 1St Floor, 5Th Main, Banasawadi, Ombr Layout, Bangalore, Karnataka	no5m 651 a 1st floor 5th main banasawadi ombr layout bangalore karnataka
train_source1	S1-716442915	Creative Plum	creative plum	creative plum	7371 Denny Drive, North Ridgeville, OH	7371 denny drive north ridgeville oh
train_source1	S1-657025372	Ertha M. Swanson, DPM, P.C.	ertha m swanson dpm pc	ertha m swanson dpm pc	810 Park Avenue, Dunn, NC	810 park avenue dunn nc
train_source1	S1-958577120	NTW Land Private Limited	ntw land private limited	ntw land	Flat -101, Bhagwat Villa Apartment, Bhubaneswar, Khordha, Orissa	flat 101 bhagwat villa apartment bhubaneswar khordha orissa
train_source1	S1-606480359	Creative Services Private Limited	creative services private limited	creative services	H.No.8-3-214/1/A-1, Plot No.B2Madhura Nagar, Hyderabad., Andhra Pradesh, Telangana	hno8 3 214 1 a 1 plot nob2madhura nagar hyderabad andhra pradesh telangana
train_source1	S1-378652653	Gulf Network Inc	gulf network inc	gulf network	22022 Shale Barren Court, Cypress, TX	22022 shale barren court cypress tx
train_source1	S1-24519478	Apex Finance Private Limited	apex finance private limited	apex finance	68A, Pocket-1, Harsh Appartment Sector-10, Dwarka, New Delhi, South West Delhi, Delhi	68a pocket 1 harsh appartment sector 10 dwarka new delhi south west delhi delhi
train_source1	S1-539197690	Foundation Purple Logistics Limited	foundation purple logistics limited	foundation purple logistics	Thameens Residence Allumoodu Jn, Neyyattinkara P O, Thiruvananthapuram, Trivandrum, Kerala	thameens residence allumoodu jn neyyattinkara p o thiruvananthapuram trivandrum kerala
train_source1	S1-977704542	Williams Strategic	williams strategic	williams strategic	197 Kenton Run, Wythe County, VA	197 kenton run wythe county va
train_source1	S1-338840619	Quartz, LLC	quartz llc	quartz	602 723, Bldg Residence, Crittenden County, KY	602 723 building residence crittenden county ky
train_source1	S1-170960991	Maanya & Co Center	maanya and co center	maanya and company center	Mr. Vishun Dayal, Flat No. 91 Pkt B2 Lok Nayak Puram, Mundka Near Ashram, Delhi, West Delhi, Delhi	mr vishun dayal flat number 91 pkt b2 lok nayak puram mundka near ashram delhi west delhi delhi
train_source1	S1-152967828	Grand Staffing Solutions	grand staffing solutions	grand staffing solutions	27 Woodlawn Avenue, Poughkeepsie, NY	27 woodlawn avenue poughkeepsie ny
train_source1	S1-13859063	Garware Educational Society	garware educational society	garware educational society	House No-979/A, Jagdev Nagar, Jagdev Path Behind Chandrama Market, Ps-Nawada, Po-A, Naith, Arrah, Bhojpur, Bihar	house number 979 a jagdev nagar jagdev path behind chandrama market ps nawada po a naith arrah bhojpur bihar
train_source1	S1-152217425	Tejada, Simmons & Mars	tejada simmons and mars	tejada simmons and mars	10011 County Farm Road, IL, Chester	10011 county farm road il chester
train_source1	S1-113241674	Peek, Hitchings and Cowan	peek hitchings and cowan	peek hitchings and cowan	210 Branson Drive, Dickson, TN	210 branson drive dickson tn
train_source1	S1-711682948	Catherine Nesbit Industries LLC	catherine nesbit industries llc	catherine nesbit industries	2 Stonegate Court, Fairfield, OH	2 stonegate court fairfield oh
train_source1	S1-284209086	Solutions Basco Marine Corp	solutions basco marine corp	solutions basco marine	Sudhaapartment, 2Ndfloor, Flatno.134, N.S.Road, Nabapally, Barasat, 24P, Gs. (N), Kolkata, Howrah, West Bengal	sudhaapartment 2ndfloor flatno134 nsroad nabapally barasat 24p gs north kolkata howrah west bengal
train_source1	S1-537478269	National Association Inc.	national association inc	national association	2907 W, Snyder, TX	2907 west snyder tx
train_source1	S1-208550511	Muriel Quality Nextera LLC	muriel quality nextera llc	muriel quality nextera	NC, Sylva, 1580 Blanton Branch Road	nc sylva 1580 blanton branch road
train_source1	S1-632136965	Hultz & Kaufman LLC	hultz and kaufman llc	hultz and kaufman	2518 Back Bay Loop, Costa Mesa, CA	2518 back bay loop costa mesa ca
train_source1	S1-133868991	Hyderabad-7. Travels Public Limited	hyderabad 7 travels public limited	hyderabad 7 travels public	Telangana, Andhra Pradesh, H.No.2-98/3, 10-B, Block B, Kakateeyaagar Habsiguda, Hyderabad-7.	telangana andhra pradesh hno2 98 3 10 b block b kakateeyaagar habsiguda hyderabad 7
train_source1	S1-684878299	Kannur Builders Ltd	kannur builders ltd	kannur builders	Room No. 6/443, Kayaralam Motta, Kayaralam Post, Kannur, Kerala	room number 6 443 kayaralam motta kayaralam post kannur kerala
train_source1	S1-281356776	Allied Educational Society	allied educational society	allied educational society	Gurugram, Gurgaon, Haryana, H-115 South City 2 Gurugram	gurugram gurgaon haryana h 115 south city 2 gurugram
train_source1	S1-40830766	G.T. Road Properties LLP	gt road properties llp	gt road properties	84/105A, Kanpur, G.T. Road, Uttar Pradesh	84 105a kanpur gt road uttar pradesh
train_source1	S1-89093509	Saini Drinks Limited	saini drinks limited	saini drinks	D 35 Pocket C Mayur Vihar Phase Ii, East Delhi, Delhi	d 35 pocket c mayur vihar phase ii east delhi delhi
train_source1	S1-954595905	Operating Engineers Union Local No 269	operating engineers union local no 269	operating engineers union local no 269	1311 Wildwood Drive, Arlington, TX	1311 wildwood drive arlington tx
train_source1	S1-287666599	Bates Generation LLC	bates generation llc	bates generation	25943 Highland Road, Richmond Heights, OH	25943 highland road richmond heights oh
train_source1	S1-952988982	Reed, Taylor & Simien LLC	reed taylor and simien llc	reed taylor and simien	180 Anchor Drive, Somerset, MA	180 anchor drive somerset ma
train_source1	S1-349873839	Desert College LLC	desert college llc	desert college	1819 Stoneridge Lane, Town Of Cedarburg, WI	1819 stoneridge lane town of cedarburg wi
train_source1	S1-279661956	Historical League	historical league	historical league	2875 Jackdaw Drive, Bend, OR	2875 jackdaw drive bend or
train_source1	S1-353948236	Golden Keystone LLC	golden keystone llc	golden keystone	600 Grove Parkway, Unit 1091, Tempe, AZ	600 grove parkway unit 1091 tempe az
train_source1	S1-126927804	Future Healthcare Pvt Ltd	future healthcare pvt ltd	future healthcare	Unit No. 14, Krishna Commercial Centre, 6, Udyog Nagar, Near Kamat Club, Goregaon, (West), Mumbai, Maharashtra	unit number 14 krishna commercial centre 6 udyog nagar near kamat club goregaon west mumbai maharashtra
train_source1	S1-627443733	Freight India Private Limited	freight india private limited	freight india	175, Sec 16-17, Hissar, Haryana	175 sec 16 17 hissar haryana
train_source1	S1-280818643	Torgerson & Perry	torgerson and perry	torgerson and perry	445 Broadway, Unit Apartment 3B, Hastings-on-hudson, NY	445 broadway unit apartment 3b hastings on hudson ny
train_source1	S1-974716750	Hu Analytics Inc	hu analytics inc	hu analytics	29111 Wilmot Road, Village Of Salem Lakes, WI	29111 wilmot road village of salem lakes wi
train_source1	S1-85500745	Ines Varnado Beacon Lithium	ines varnado beacon lithium	ines varnado beacon lithium	105 303, Orangetown, NY	105 303 orangetown ny
train_source1	S1-452308590	Midwest Coalition	midwest coalition	midwest coalition	126 6645, Tennessee Colony, TX	126 6645 tennessee colony tx
train_source1	S1-330281696	New International Private Limited	new international private limited	new international	B-148, Vikas Vihar Vikas Nagar, Uttam Nagar, New Delhi, West Delhi, Delhi	b 148 vikas vihar vikas nagar uttam nagar new delhi west delhi delhi
train_source1	S1-75862106	Department of Environmental Protection	department of environmental protection	department of environmental protection	1122 Wankan Road, Nacogdoches, TX	1122 wankan road nacogdoches tx
train_source1	S1-763496609	Shakti Consulting Limited	shakti consulting limited	shakti consulting	Flat No. 8, C Wing, Sai Tower Chs Ltd, Ambadi Road, Vasai West, Thane, Maharashtra	flat number 8 c wing sai tower chs ltd ambadi road vasai west thane maharashtra
train_source1	S1-631165181	Brown & Martinez	brown and martinez	brown and martinez	1119 24th Avenue, Grand Forks, ND	1119 24th avenue grand forks nd
train_source1	S1-737977090	Clay, Randall and Ely Sony	clay randall and ely sony	clay randall and ely sony	506 11th Street, West Memphis, AR	506 11th street west memphis ar
train_source1	S1-987994833	Muskan India Limited	muskan india limited	muskan india	S F Shop 2, Vaidehi Shine, Near Suraj 48, Gandhinagar, Gandhi Nagar, Gujarat	south f shop 2 vaidehi shine near suraj 48 gandhinagar gandhi nagar gujarat
train_source1	S1-512288351	Arambagh Crm Private Limited	arambagh crm private limited	arambagh crm	West Bengal, W/N 5, Rabindrapally, Opposite Electric Supply Office, Hooghly, Arambagh	west bengal west north 5 rabindrapally opposite electric supply office hooghly arambagh
train_source1	S1-198026451	Shivam Producer Private Limited	shivam producer private limited	shivam producer	Karnal, Shop No. 34 Sbs Market, Haryana, Karnal	karnal shop number 34 sbs market haryana karnal
train_source1	S1-493059116	Kehoe, Crespo & Tysinger Inc.	kehoe crespo and tysinger inc	kehoe crespo and tysinger	64 Lions Creek Court, Noblesville, IN	64 lions creek court noblesville in
train_source1	S1-708417088	Mah Visa Private Limited	mah visa private limited	mah visa	Gat No 751 At Post Velu, Bhor, Pune, Maharashtra	gat number 751 at post velu bhor pune maharashtra
train_source1	S1-548116192	EXV Immunopharma Inc	exv immunopharma inc	exv immunopharma	733 Pavilion View Drive, Unit A102, Matthews, NC	733 pavilion view drive unit a102 matthews nc
train_source1	S1-74901450	Silver Star Products	silver star products	silver star products	Shed No. E-26 Road No. 12 Aie(Apiic), Pedagantyada, Visakhapatnam, Vishakhapatnam, Andhra Pradesh	shed number east 26 road number 12 aieapiic pedagantyada visakhapatnam vishakhapatnam andhra pradesh
train_source1	S1-19868030	Leech, Hammer & Baratta Environmental Services	leech hammer and baratta environmental services	leech hammer and baratta environmental services	730 Bierly Street, Walkerton, IN	730 bierly street walkerton in
train_source1	S1-460136045	Lakshmi It Private Limited	lakshmi it private limited	lakshmi it	Puri, Orissa, Puri, Station Road	puri orissa puri station road
train_source1	S1-332388880	Bedford County Community Church Group	bedford county community church group	bedford county community church group	Unit STE A-07, Bedford County, VA, 18013 Forest Road	unit suite a 07 bedford county va 18013 forest road
train_source1	S1-792880767	Gray Financial LLC	gray financial llc	gray financial	404 Coxs Fork Road, Danville, WV	404 coxs fork road danville wv
train_source1	S1-457615425	Shanks's Interstate Physical Therapy	shankss interstate physical therapy	shankss interstate physical therapy	6515 Belcrest Road, Unit 1416, Hyattsville, MD	6515 belcrest road unit 1416 hyattsville md
train_source1	S1-396759763	O H Jefferson Strategic Care	o h jefferson strategic care	o h jefferson strategic care	21185 Westfield Road, Charleston, IL	21185 westfield road charleston il
train_source1	S1-944430830	Real Trading	real trading	real trading	Plot 120, Sy No 41 Kavuri Hills Phase-1, Jubilee Hills, Hyderabad, Telangana	plot 120 sy number 41 kavuri hills phase 1 jubilee hills hyderabad telangana
train_source1	S1-90032658	Fortune Energy Private Limited	fortune energy private limited	fortune energy	F No.201, Keshavkala Appt, Sauth Ambazari Rd, Rahate, Nagpur, Maharashtra	f no201 keshavkala appt sauth ambazari road rahate nagpur maharashtra
train_source1	S1-483140947	Highland Continental Photonics Inc.	highland continental photonics inc	highland continental photonics	1023 Gravel Lick Road, Sand Gap, KY	1023 gravel lick road sand gap ky
train_source1	S1-566183725	Coco Sangh	coco sangh	coco sangh	H.No. 9-586/I, Shaikroza Road, Opp. Genius School, Aland Colony, Gulbarga, Karnataka	hno 9 586 i shaikroza road opposite genius school aland colony gulbarga karnataka
train_source1	S1-756304715	Choice Rate	choice rate	choice rate	2333 Sierra Madre Court, Rancho Cordova, CA	2333 sierra madre court rancho cordova ca
train_source1	S1-306095185	Leo International School	leo international school	leo international school	Mumbai, Maharashtra, Mumbai City, Al-Safa Chs, Millat Nagar, Andheri (West), 104/A-1	mumbai maharashtra mumbai city al safa chs millat nagar andheri west 104 a 1
train_source1	S1-387418200	Dixon Learning Center Inc.	dixon learning center inc	dixon learning center	228 Blue Ridge Drive, Old Hickory, TN	228 blue ridge drive old hickory tn
train_source1	S1-500998121	Odonnell Spa, LLC	odonnell spa llc	odonnell spa	4354 Patterson Street, Omaha, NE	4354 patterson street omaha ne
train_source1	S1-362880192	Gulf Apex LLC	gulf apex llc	gulf apex	1025 Holland Sylvania Road, Unit 5, Toledo, OH	1025 holland sylvania road unit 5 toledo oh
train_source1	S1-932539298	Escobedo Smart of Williamson	escobedo smart of williamson	escobedo smart of williamson	NY, Williamson, 6475 Salmon Creek Road	ny williamson 6475 salmon creek road
train_source1	S1-98168281	Ortiz's Advanced Freight	ortizs advanced freight	ortizs advanced freight	61022 Holly Court, OR, Bend	61022 holly court or bend
train_source1	S1-839067903	Dustin Premier Spdr	dustin premier spdr	dustin premier spdr	2602 Hemlock Avenue, Baltimore, MD	2602 hemlock avenue baltimore md
train_source1	S1-572490154	Krishan Services Ltd	krishan services ltd	krishan services	G-31, Preet Vihar, Delhi	g 31 preet vihar delhi
train_source1	S1-545582895	Global Techzone Foundation Limited	global techzone foundation limited	global techzone foundation	Plot No. 1, Gut No. 27, Bankarwadi Ranjangaon, Midc, Waluj, Aurangabad, Maharashtra	plot number 1 gut number 27 bankarwadi ranjangaon midc waluj aurangabad maharashtra
train_source1	S1-444149322	White, Helge W., DDS	white helge w dds	white helge w dds	12007 Rock Spring Dr, Coldstream, KY	12007 rock spring drive coldstream ky
train_source1	S1-232999426	Maa Works Private Limited	maa works private limited	maa works	At House No.35, Wadad, Tq-Aundha, Dist-Hingoli, Hingoli, Maharashtra	at house no35 wadad tq aundha dist hingoli hingoli maharashtra
train_source1	S1-402046621	Family Clinic	family clinic	family clinic	VA, 23037 Olympia Drive, Loudoun County	va 23037 olympia drive loudoun county
train_source1	S1-323747485	Cacioppo, Webster & Sheets Biopharmaceuticals LLC	cacioppo webster and sheets biopharmaceuticals llc	cacioppo webster and sheets biopharmaceuticals	36724 Carter Street, Yucaipa, CA	36724 carter street yucaipa ca
train_source1	S1-780502827	Congregation Community Church	congregation community church	congregation community church	WI, Unit Site 69, Town Of Alma, N11702 Elker Road	wi unit site 69 town of alma n11702 elker road
train_source1	S1-120433302	Authentic Electro Ltd	authentic electro ltd	authentic electro	House No. S-219, Basement, Greater Kailash-Ii, New Delhi, South Delhi, Delhi	house number south 219 basement greater kailash ii new delhi south delhi delhi
train_source1	S1-131038804	Torres Heartland Northland LLC	torres heartland northland llc	torres heartland northland	5515 Strawberry Hill Drive, Charlotte, NC	5515 strawberry hill drive charlotte nc
train_source1	S1-436307824	Franni's Chemical Group	frannis chemical group	frannis chemical group	6800 Clover Avenue, Mason, OH	6800 clover avenue mason oh
train_source1	S1-314962839	Dalmia Speciality Pvt. Ltd.	dalmia speciality pvt ltd	dalmia speciality	Fk-50, Block-Fk Shastri Nagar, Delhi	fk 50 block fk shastri nagar delhi
train_source1	S1-804663373	Universal Management Private Limited	universal management private limited	universal management	100 Ft Bye Pass Road, Chennai, Chennai City Corporation, 127, Tamil Nadu	100 ft bye pass road chennai chennai city corporation 127 tamil nadu
train_source1	S1-760380153	Bryant Corporation	bryant corporation	bryant	884 Palmer Road, Memphis, TN	884 palmer road memphis tn
train_source1	S1-820935401	Research (India) Bengal Private Limited	research india bengal private limited	research india bengal	G-244, Vikas Nagar Colony, Near Ketan Hospital Barga, Gorakhpur Sadar, Gorakhpur, Uttar Pradesh	g 244 vikas nagar colony near ketan hospital barga gorakhpur sadar gorakhpur uttar pradesh
train_source1	S1-562989120	Acp Plus Private Limited	acp plus private limited	acp plus	Hyderabad, Telangana, Pt-55 & 56, Sy No.102, 103(P) & 1 Ph-Ii H No 4-50/P-Ii/55/1F To 5F, Gachibowli, Hyderabad	hyderabad telangana pt 55 and 56 sy no102 103p and 1 ph ii h number 4 50 p ii 55 1f to 5f gachibowli hyderabad
train_source1	S1-125331877	New Delhi Global Corp	new delhi global corp	new delhi global	New Delhi, Delhi, C-1/67-Old No-4B, West Delhi, Kh No-120/2 Madhu Vihar	new delhi delhi c 1 67 old number 4b west delhi kh number 120 2 madhu vihar
train_source1	S1-276322405	Kellie Rowley, D.C., P.C.	kellie rowley dc pc	kellie rowley dc pc	115 Grant Street, Brownsburg, IN	115 grant street brownsburg in
train_source1	S1-71714945	Legacy Engineering Enterprises Corp	legacy engineering enterprises corp	legacy engineering enterprises	1208 Farrington Drive, Knoxville, TN	1208 farrington drive knoxville tn
train_source1	S1-636549603	Family Physicians Inc	family physicians inc	family physicians	1024 31st Avenue, Bellwood, IL	1024 31st avenue bellwood il
train_source1	S1-147465602	Apex Foods Private Limited	apex foods private limited	apex foods	25A, Model Town, Phagwara, Kapurthala, Punjab	25a model town phagwara kapurthala punjab
train_source1	S1-724291976	Gonzalezlopez's Wholesale	gonzalezlopezs wholesale	gonzalezlopezs wholesale	CA, 1235 Chestnut Street, Upland	ca 1235 chestnut street upland
train_source1	S1-906281937	Ada G. Curtis, CPA Partners	ada g curtis cpa partners	ada g curtis cpa partners	1903 Las Palmaritas Drive, Unit 225, Phoenix, AZ	1903 las palmaritas drive unit 225 phoenix az
train_source1	S1-97581850	Green Exports Private Limited	green exports private limited	green exports	B-3, B-71C, Janakpuri, New Delhi, West Delhi, Delhi	b 3 b 71c janakpuri new delhi west delhi delhi
train_source1	S1-15005997	Raphaela F. Newell, O.D.	raphaela f newell od	raphaela f newell od	34 Bank Street, New Bedford, MA	34 bank street new bedford ma
train_source1	S1-866369736	CDR Digital, Inc	cdr digital inc	cdr digital	Grove, NY, 11852 16	grove ny 11852 16
train_source1	S1-989125871	Houston Alto	houston alto	houston alto	638 Majestic Ridge Drive, Houston, TX	638 majestic ridge drive houston tx
train_source1	S1-447452795	Blue Network Corporation	blue network corporation	blue network	177 1st Avenue, Nashville, TN	177 1st avenue nashville tn
train_source1	S1-698954473	Pnc (India) Design Private Limited	pnc india design private limited	pnc india design	Sonkh Road Kumher, Bharatpur, Rajasthan	sonkh road kumher bharatpur rajasthan
train_source1	S1-701741704	Bay Granite LLC	bay granite llc	bay granite	AR, Blytheville, 4437 Unnamed	ar blytheville 4437 unnamed
train_source1	S1-314045617	Williams Premier Xrp	williams premier xrp	williams premier xrp	845 Mildred Avenue, Dundalk, MD	845 mildred avenue dundalk md
train_source1	S1-832593986	Bureau of Health	bureau of health	bureau of health	370 Buckeye Circle, La Plata, MD	370 buckeye circle la plata md
train_source1	S1-889584874	Bebe Singletary Empire Blackstone LLC	bebe singletary empire blackstone llc	bebe singletary empire blackstone	146 Forest Oaks Lane, Lake Jackson, TX	146 forest oaks lane lake jackson tx
train_source1	S1-926018314	X T Weinstein Painting	x t weinstein painting	x t weinstein painting	8049 Bay Bend Drive, Willis, TX	8049 bay bend drive willis tx
train_source1	S1-90128015	Valley Charter School	valley charter school	valley charter school	VA, Prince William County, 1541 Colonial Drive, Unit UNIT 303	va prince william county 1541 colonial drive unit unit 303
train_source1	S1-748243940	Blaine Box	blaine box	blaine box	3008 Davis Road, Spokane Valley, WA	3008 davis road spokane valley wa
train_source1	S1-543291404	Southern Technologies Private Limited	southern technologies private limited	southern technologies	Excelsior Building Thengana, Perumpanachy P.O., Changanacherry, Kottayam, Kerala	excelsior building thengana perumpanachy po changanacherry kottayam kerala
train_source1	S1-878904744	Downtown Ice Cream	downtown ice cream	downtown ice cream	138 23rd Avenue, Melrose Park, IL	138 23rd avenue melrose park il
train_source1	S1-778456014	Tot Network Company	tot network company	tot network	Mahuva, Bhavnagar, Behind Kings Cold Storage, Mahuva-Bhavnagar Highway, Mahuva, Revenue Survey No. 190P1/P1 & 190P1/P2, Gujarat	mahuva bhavnagar behind kings cold storage mahuva bhavnagar highway mahuva revenue survey number 190p1 p1 and 190p1 p2 gujarat
train_source1	S1-887285254	Frontier Resilience LLC	frontier resilience llc	frontier resilience	6022 Railroad, Wallis, TX	6022 railroad wallis tx
train_source1	S1-387008828	Shyam All Finance Private Limited	shyam all finance private limited	shyam all finance	248/1731 Fakirmohan Nagar, Balasore, Orissa	248 1731 fakirmohan nagar balasore orissa
train_source1	S1-338441694	Prime Engineering Limited	prime engineering limited	prime engineering	Burdwan, P.O.- Joteram, Dist- Purba Bardhaman, Burdwan, Bardhaman, West Bengal, Vill- Nandur	burdwan po joteram dist purba bardhaman burdwan bardhaman west bengal vill nandur
train_source1	S1-407730822	Anant Trade Private Limited	anant trade private limited	anant trade	Kaushik Sadan, Subhash Nagar Makrana Tehsil Makrana, Nagaur, Rajasthan	kaushik sadan subhash nagar makrana tehsil makrana nagaur rajasthan
train_source1	S1-584442364	Ar Law Chambers	ar law chambers	ar law chambers	Mr-3/242 Mahalaxmi Nagar, Indore, Madhya Pradesh	mr 3 242 mahalaxmi nagar indore madhya pradesh
train_source1	S1-590082446	First Food Private Limited	first food private limited	first food	20, Baranashi Ghosh Street, Kolkata, Kolkata, Howrah, West Bengal	20 baranashi ghosh street kolkata kolkata howrah west bengal
train_source1	S1-629969170	Keelia White Smart Futurewave Inc	keelia white smart futurewave inc	keelia white smart futurewave	12 Haffards Street, Unit 1N, Fall River, MA	12 haffards street unit 1n fall river ma
train_source1	S1-883468618	Tmr (india) Private Limited	tmr india private limited	tmr india	Plot No. A 390 391, Riico Growth Centre, Swaroopganj, Hamirgarh, Bhilwara, Rajasthan	plot number a 390 391 riico growth centre swaroopganj hamirgarh bhilwara rajasthan
train_source1	S1-904228116	Office of Aging	office of aging	office of aging	2637 Greenbrier Drive, Hinton, WV	2637 greenbrier drive hinton wv
train_source1	S1-805104360	Mcleod Cardiology	mcleod cardiology	mcleod cardiology	1000 Taywood Road, Unit 112, Englewood, OH	1000 taywood road unit 112 englewood oh
train_source1	S1-224534945	Gitanjali Realestate Private Limited	gitanjali realestate private limited	gitanjali realestate	Khasra No 950, 950 Me And 951, Village Kilhora Jalalabad Hapur, Hapur, Ghaziabad, Uttar Pradesh	khasra number 950 950 me and 951 village kilhora jalalabad hapur hapur ghaziabad uttar pradesh
train_source1	S1-631840437	Romero and Almendares Enbridge LLC	romero and almendares enbridge llc	romero and almendares enbridge	4695 Shagbark Court, City Of Brookfield, WI	4695 shagbark court city of brookfield wi
train_source1	S1-117902162	Atharva Promoters (India) Pvt. Ltd.	atharva promoters india pvt ltd	atharva promoters india	215, Vats Market Pitam Pura, Delhi	215 vats market pitam pura delhi
train_source1	S1-381957415	Digital Care Limited	digital care limited	digital care	Flat No. 1 Sumangal Resi. Ulka Nagari, Aurngabad, Aurangabad, Maharashtra	flat number 1 sumangal resi ulka nagari aurngabad aurangabad maharashtra
train_source1	S1-258353664	Porur Vyapar Private Limited	porur vyapar private limited	porur vyapar	No.137, Gandhi Street, 2Nd Main Road Subhashri Nagar, Mugalivakkam, Porur, Chennai, Tamil Nadu	no137 gandhi street 2nd main road subhashri nagar mugalivakkam porur chennai tamil nadu
train_source1	S1-745976550	Driver, Lewis & Harris	driver lewis and harris	driver lewis and harris	230 Arbor Drive, Carmel, IN	230 arbor drive carmel in
train_source1	S1-164240371	Family Association	family association	family association	OH, Fl 3, Columbus, 5059 Enclave Boulevard	oh fl 3 columbus 5059 enclave boulevard
train_source1	S1-346603579	Reliable Quality Motors LLC	reliable quality motors llc	reliable quality motors	Utica, 21 Rose Place, NY	utica 21 rose place ny
train_source1	S1-328371553	Rajdhani Holdings	rajdhani holdings	rajdhani holdings	Noida, Uttar Pradesh, Habibpur, Greater Noida, C/O Daya Chandra R/O Shop No.5 D Sharma Market, Gautam Buddha Nagar	noida uttar pradesh habibpur greater noida c o daya chandra r o shop no5 d sharma market gautam buddha nagar
train_source1	S1-542424915	Taravi Andfinance	taravi andfinance	taravi andfinance	Office No. A-508, 5Th Floor, Shiv Chamber Plot No. 21, Sector-11, Cbd Belapur, Navi Mumbai, Mumbai City, Maharashtra	office number a 508 5th floor shiv chamber plot number 21 sector 11 cbd belapur navi mumbai mumbai city maharashtra
train_source1	S1-116081375	Kestex Park	kestex park	kestex park	6334 Chandler Street, Cincinnati, OH	6334 chandler street cincinnati oh
train_source1	S1-956108284	Gunina Travels Private Limited	gunina travels private limited	gunina travels	Panchsheel Greens, Gautam Buddha Nagar, Uttar Pradesh, Gautam Buddha Nagar, 1403 Type C I 14Th Floor	panchsheel greens gautam buddha nagar uttar pradesh gautam buddha nagar 1403 type c i 14th floor
train_source1	S1-599703679	Moylan Argentina L.L.C.	moylan argentina llc	moylan argentina	OK, Spiro, 24062 Tucker Road	ok spiro 24062 tucker road
train_source1	S1-159067707	Parth Technologies (India) Private Limited	parth technologies india private limited	parth technologies india	C/O Karan Singh Parmar Shop No. 08, Ramayan South Katara Hills, Bhopal, Madhya Pradesh	c o karan singh parmar shop number 08 ramayan south katara hills bhopal madhya pradesh
train_source1	S1-590285242	Netta Giddings Spire	netta giddings spire	netta giddings spire	254 Capitol Drive, Village Of Hartland, WI	254 capitol drive village of hartland wi
train_source1	S1-378978603	QH Vendome, L.L.C.	qh vendome llc	qh vendome	Katy, TX, 21342 Bending Green Way	katy tx 21342 bending green way
train_source1	S1-730858380	Silver Consultants Private Limited	silver consultants private limited	silver consultants	# 4, New Vinoba Basti, Sri Ganganagar, Sriganga Nagar, Rajasthan	4 new vinoba basti sri ganganagar sriganga nagar rajasthan
train_source1	S1-101076392	Straight Edge Pub	straight edge pub	straight edge pub	515 Monroe Avenue, Mcalester, OK	515 monroe avenue mcalester ok
train_source1	S1-635491453	Bay Investment LLC	bay investment llc	bay investment	820 Chicago Avenue, Downers Grove, IL	820 chicago avenue downers grove il
train_source1	S1-148845479	Nowaczyk Continental Neurosciences, Inc.	nowaczyk continental neurosciences inc	nowaczyk continental neurosciences	524 Fifth Avenue, City Of Stevens Point, WI	524 fifth avenue city of stevens point wi
train_source1	S1-29696416	Silver Exports Private Limited	silver exports private limited	silver exports	Noida, Gautam Buddha Nagar, Jasas C-58/8, Sector-62, Uttar Pradesh, A-101	noida gautam buddha nagar jasas c 58 8 sector 62 uttar pradesh a 101
train_source1	S1-684012770	PCO Golden Oncology, Inc.	pco golden oncology inc	pco golden oncology	4204 Applegate Lane, Suitland, MD	4204 applegate lane suitland md
train_source1	S1-71172417	Tirupati Estate Private Limited	tirupati estate private limited	tirupati estate	Flat No: 302, Foor No 3, Krishna Kunj, Gokuldham, Film City Road, Goregon, Mumbai, Mumbai City, Maharashtra	flat number 302 foor number 3 krishna kunj gokuldham film city road goregon mumbai mumbai city maharashtra
train_source1	S1-8813651	High Industries Private Limited	high industries private limited	high industries	42/333 Sant Tukaram Nagar, Pimpri, Pune, Maharashtra	42 333 sant tukaram nagar pimpri pune maharashtra
train_source1	S1-183363639	Metro Green Biosciences, Inc	metro green biosciences inc	metro green biosciences	1617 Woodbridge Court, Leesburg Town, VA	1617 woodbridge court leesburg town va
train_source1	S1-999555430	Diamond Marine Products LLC	diamond marine products llc	diamond marine products	3768 Oleander Avenue, Corvallis, OR	3768 oleander avenue corvallis or
train_source1	S1-633779655	Aspen Zhejiang LLC	aspen zhejiang llc	aspen zhejiang	24304 33rd Avenue, WA, Spanaway	24304 33rd avenue wa spanaway
train_source1	S1-913042783	Quality Crest	quality crest	quality crest	5653 Myers Court, Virginia Beach City, VA	5653 myers court virginia beach city va
train_source1	S1-558031216	50/53 Mobility	50 53 mobility	50 53 mobility	MO, Saint Louis, 588 Garden Avenue	mo saint louis 588 garden avenue
train_source1	S1-690538628	Hydro Krupa	hydro krupa	hydro krupa	4-139, Maruthi Nagar, Guduru Mandal, Guduru, Krishna, Andhra Pradesh	4 139 maruthi nagar guduru mandal guduru krishna andhra pradesh
train_source1	S1-86804153	Regional Cornerstone Citizens LLC	regional cornerstone citizens llc	regional cornerstone citizens	1300 Winding Creek Road, NC, Granite Quarry	1300 winding creek road nc granite quarry
train_source1	S1-92768400	Weiss Transport Inc.	weiss transport inc	weiss transport	15208 178th Avenue, Gig Harbor, WA	15208 178th avenue gig harbor wa
train_source1	S1-246225268	Wooten Continental Enterprises Inc	wooten continental enterprises inc	wooten continental enterprises	AZ, Prescott, 469 Miracle Rider Road	az prescott 469 miracle rider road
train_source1	S1-979509841	Golden Medical Alliance	golden medical alliance	golden medical alliance	307 Riggs Road, Unit 419, Washington, DC	307 riggs road unit 419 washington dc
train_source1	S1-942087593	Wells Management P.C.	wells management pc	wells management pc	1343 Highway 88, Pencil Bluff, AR	1343 highway 88 pencil bluff ar
train_source1	S1-566485202	New Life Synagogue	new life synagogue	new life synagogue	2035 Litchfield Dr, Hiawatha, IA	2035 litchfield drive hiawatha ia
train_source1	S1-360188878	Good Constructions	good constructions	good constructions	C/O Jaharoom Bee Qureshi Near Jobat Tent House, Rajiv Colony, Deodara, Mandla, Madhya Pradesh	c o jaharoom bee qureshi near jobat tent house rajiv colony deodara mandla madhya pradesh
train_source1	S1-607646145	Gleda Engle Heritage Fuels Inc	gleda engle heritage fuels inc	gleda engle heritage fuels	847 Horseman Drive, Rock Hill, SC	847 horseman drive rock hill sc
train_source1	S1-422926253	Sky Enterprises Pvt Ltd	sky enterprises pvt ltd	sky enterprises	A- 42, Ground Front Side, Dayal Bagh Faridabad, Faridabad, Haryana	a 42 ground front side dayal bagh faridabad faridabad haryana
train_source1	S1-92729851	Capital Council Inc	capital council inc	capital council	221 Main Street, Florence, KY	221 main street florence ky
train_source1	S1-674558177	Synergic Lifestyle Private Limited	synergic lifestyle private limited	synergic lifestyle	5Th Floor, Kailash-B, 5, Sumangalam Society Opp. Drive In Cinema, Drive In Road, Ahmedabad, Gujarat	5th floor kailash b 5 sumangalam society opposite drive in cinema drive in road ahmedabad gujarat
train_source1	S1-126393436	Al Trading Private Limited	al trading private limited	al trading	Maharashtra, Mumbai, T G Shah Buildingsecond Floor Pydhonie Chowk, Mumbai	maharashtra mumbai t g shah buildingsecond floor pydhonie chowk mumbai
train_source1	S1-806365059	Jaganath Dev Pvt Ltd	jaganath dev pvt ltd	jaganath dev	14/3A Gariahat Road, Kolkata, Calcutta, West Bengal	14 3a gariahat road kolkata calcutta west bengal
train_source1	S1-180523534	Piedmont Trust III	piedmont trust iii	piedmont trust iii	WI, N16040 State Highway 13, Park Falls	wi n16040 state highway 13 park falls
train_source1	S1-713966229	Red Vision Construction Private Limited	red vision construction private limited	red vision construction	Plot No E 3/4 Floor- 1A Purnendu Nagar Po Anishabad, Patna, Bihar	plot number east 3 4 floor 1a purnendu nagar po anishabad patna bihar
train_source1	S1-790887991	Agni College	agni college	agni college	37/3, Kala Complex Fourth Avenue, Ashok Nagar, Chennai, Tamil Nadu	37 3 kala complex fourth avenue ashok nagar chennai tamil nadu
train_source1	S1-46049969	Dynamic National Westin LLC	dynamic national westin llc	dynamic national westin	Charles City, 2163 Old Highway Road, IA	charles city 2163 old highway road ia
train_source1	S1-106691524	Saiprasad Online Private Limited	saiprasad online private limited	saiprasad online	215/275/4 B S Palya, Bangalore, Karnataka	215 275 4 b south palya bangalore karnataka
train_source1	S1-183540234	Hussain (thrissur) Private Limited	hussain thrissur private limited	hussain thrissur	Yasmin 0131 Umar Sardar, Road Near Azad Hind Club, Barrackpur - I, North 24 Parganas, West Bengal	yasmin 0131 umar sardar road near azad hind club barrackpur i north 24 parganas west bengal
train_source1	S1-545370440	Oliver Springs Urology Precision Care PC	oliver springs urology precision care pc	oliver springs urology precision care pc	628 Sleepy Hollow Road, Oliver Springs, TN	628 sleepy hollow road oliver springs tn
train_source1	S1-410040347	Temple Synagogue	temple synagogue	temple synagogue	10202 W Maple Road, Omaha, NE	10202 west maple road omaha ne
train_source1	S1-174390454	Awesome Trading Private Limited	awesome trading private limited	awesome trading	F.No.404 And 405, 4 Th Floor Maithri Vihar Complex, Ameerpet, Hyderabad, Telangana	fno404 and 405 4 th floor maithri vihar complex ameerpet hyderabad telangana
train_source1	S1-695737678	Paschal and Liu Associates	paschal and liu associates	paschal and liu associates	Albemarle, 1006 Charlotte Road, NC	albemarle 1006 charlotte road nc
train_source1	S1-143410687	Sanders Superior Data LLC	sanders superior data llc	sanders superior data	1522 Aberdeen Road, Unit APT. 13, Hampton City, VA	1522 aberdeen road unit apartment 13 hampton city va
train_source1	S1-690898835	Yee Royal Factory LLC	yee royal factory llc	yee royal factory	124 Walcott Avenue, Staten Island, NY	124 walcott avenue staten island ny
train_source1	S1-196054265	Healy Endocrinology	healy endocrinology	healy endocrinology	30 Coolidge Road, Winchester, MA	30 coolidge road winchester ma
train_source1	S1-710909094	Halley Parker American Corporation	halley parker american corporation	halley parker american	4502 Indian School Road, Unit 221, Phoenix, AZ	4502 indian school road unit 221 phoenix az
train_source1	S1-171653159	First Hospitality LLP	first hospitality llp	first hospitality	Wz-351, Delhi, Shakurpur Village, Delhi	wz 351 delhi shakurpur village delhi
train_source1	S1-861378966	Matrix Sangh	matrix sangh	matrix sangh	House No. A-408A New Ashok Nagar, New Delhi, Delhi	house number a 408a new ashok nagar new delhi delhi
train_source1	S1-60629534	Delta Center	delta center	delta center	26 Brookdale Street, Valley Falls, RI	26 brookdale street valley falls ri
train_source1	S1-679782609	Creative Semiconductor Ventures Inc	creative semiconductor ventures inc	creative semiconductor ventures	10864 Prairie Rose Road, Frisco, TX	10864 prairie rose road frisco tx
train_source1	S1-150829563	Verron Software, LLC	verron software llc	verron software	25432 Park Avenue, Buckeye, AZ	25432 park avenue buckeye az
train_source1	S1-986863583	Caldeon Duke Inc	caldeon duke inc	caldeon duke	8747 Santa Ridge Circle, Elk Grove, CA	8747 santa ridge circle elk grove ca
train_source1	S1-67904101	Pc Industries Group Pvt. Ltd.	pc industries group pvt ltd	pc industries group	A3/605 Purvanchal Heights, Greater Noida, Gautam Buddha Nagar, Uttar Pradesh	a3 605 purvanchal heights greater noida gautam buddha nagar uttar pradesh
train_source1	S1-552720726	ZX Chit Private Limited	zx chit private limited	zx chit	50/1112, D11 2Nd Floor, Muhammad Haji Building Station Junction, Edappally P.O, Kochi, Ernakulam, Kerala	50 1112 d11 2nd floor muhammad haji building station junction edappally po kochi ernakulam kerala
train_source1	S1-531110798	Clarabelle's Signature Home Improvements	clarabelles signature home improvements	clarabelles signature home improvements	118 Main Street, St Charles, MO	118 main street street charles mo
train_source1	S1-88905792	Sunderban Welfare Society	sunderban welfare society	sunderban welfare society	Lucknow, T C- 46, Lucknow, Uttar Pradesh, Vibhuti Khand, Gomti Nagar, Lucknow	lucknow t c 46 lucknow uttar pradesh vibhuti khand gomti nagar lucknow
train_source1	S1-403028834	Piedmont Construction LLC	piedmont construction llc	piedmont construction	OK, 917 Linn Lane, Yukon	ok 917 linn lane yukon
train_source1	S1-279014952	Kt Animation Private Limited	kt animation private limited	kt animation	Flat No-124, Cate Iii Sfs Hauz Khas, New Delhi, South West Delhi, Delhi	flat number 124 cate iii sfs hauz khas new delhi south west delhi delhi
train_source1	S1-66101502	Lemay Quetta LLC	lemay quetta llc	lemay quetta	1 Spring House Road, Lutherville, MD	1 spring house road lutherville md
train_source1	S1-419304665	Akola Glove LLP	akola glove llp	akola glove	168 Tambaour Road, Near Goverment Hospital, Biswan, Sitapur, Uttar Pradesh	168 tambaour road near goverment hospital biswan sitapur uttar pradesh
train_source1	S1-189831319	Jai Foods Private Limited	jai foods private limited	jai foods	Netawar, Post - Belaon, Siwan, Siwan, Bihar	netawar post belaon siwan siwan bihar
train_source1	S1-464514986	Valley Fund	valley fund	valley fund	97 Cass Avenue, Cheektowaga, NY	97 cass avenue cheektowaga ny
train_source1	S1-418896338	Miller Rocky Ses LLC	miller rocky ses llc	miller rocky ses	401 Cascade View Drive, Ronald, WA	401 cascade view drive ronald wa
train_source1	S1-492793391	Audio Infrastructure Limited	audio infrastructure limited	audio infrastructure	Ernakulam, Iv E Fourt Floor Rds Retreatchittoor Road Kacheripady, Kerala, Ernakulam	ernakulam iv east fourt floor rds retreatchittoor road kacheripady kerala ernakulam
train_source1	S1-648894561	Supreme Consultants Private Limited	supreme consultants private limited	supreme consultants	236 & 237, The Galleria Dlf, Second Floor, Mayur Vihar Ext-1, Noida Link Road, New Delhi, East Delhi, Delhi	236 and 237 the galleria dlf second floor mayur vihar ext 1 noida link road new delhi east delhi delhi
train_source1	S1-143671838	Svs Lal LLP	svs lal llp	svs lal	Pune, Plaza, Sn -27 (Pt) Plot-3, Pune City, Maharashtra, Office No 612 Clover Hill	pune plaza sn 27 pt plot 3 pune city maharashtra office number 612 clover hill
train_source1	S1-851799346	Mountain Animal Hospital Associates	mountain animal hospital associates	mountain animal hospital associates	5389 Ferndale Road, Ferndale, WA	5389 ferndale road ferndale wa
train_source1	S1-804171096	Uptown Yoga!	uptown yoga	uptown yoga	8001 Coastal Highway, Unit C, Ocean City, MD	8001 coastal highway unit c ocean city md
train_source1	S1-751608780	Day Maintenance LLC	day maintenance llc	day maintenance	485 Ruby Raymond Road, Waterbury, VT	485 ruby raymond road waterbury vt
train_source1	S1-163766842	Star Offshore Care	star offshore care	star offshore care	235 Sunset Avenue, Wenatchee, WA	235 sunset avenue wenatchee wa
train_source1	S1-569100881	Resorts Traders Pvt Ltd	resorts traders pvt ltd	resorts traders	Office No.9, Miragaothan Mahajanwadi, National Highway, Mira Road East, Thane, Mumbai, Mumbai City, Maharashtra	office no9 miragaothan mahajanwadi national highway mira road east thane mumbai mumbai city maharashtra
train_source1	S1-104955523	Infotech Engineering Pvt. Ltd.	infotech engineering pvt ltd	infotech engineering	H No 555, 556 Budhwar Peth, Pune City, Maharashtra, Ground Floor Shop No 2A, Pune	h number 555 556 budhwar peth pune city maharashtra ground floor shop number 2a pune
train_source1	S1-291991311	Physical Therapy Coastal Group	physical therapy coastal group	physical therapy coastal group	710 7th Avenue, Mandan, ND	710 7th avenue mandan nd
train_source1	S1-364278564	Mount Chapel	mount chapel	mount chapel	151 32 Parkway, Mt Orab, OH	151 32 parkway mt orab oh
train_source1	S1-965040695	Icon Jewellers Limited	icon jewellers limited	icon jewellers	Vishranti Apartment, Near Anand Nagar Garden, Anand Nagar, Vasai (, Thane, W), Maharashtra, 4	vishranti apartment near anand nagar garden anand nagar vasai thane west maharashtra 4
train_source1	S1-509571057	Keystone Summit Platforms	keystone summit platforms	keystone summit platforms	356 Racetrack Road, Unit #13, KY, Henderson	356 racetrack road unit 13 ky henderson
train_source1	S1-150821320	CI Consulting Private Limited	ci consulting private limited	ci consulting	84/63 H.No. 264 Tejab Mill Campus Anwarganj, Kanpur Nagar, Kanpur, Uttar Pradesh	84 63 hno 264 tejab mill campus anwarganj kanpur nagar kanpur uttar pradesh
train_source1	S1-78166516	Faque Capital Partners	faque capital partners	faque capital partners	275 Midway Oval, Groton, CT	275 midway oval groton court
train_source1	S1-112860356	Good Logistics Private Limited	good logistics private limited	good logistics	Office No 1405, Kamdhenu Commerz Premises, Sector 14, Plot No 02, Panvel, Raigarh(Mh), Maharashtra	office number 1405 kamdhenu commerz premises sector 14 plot number 02 panvel raigarhmh maharashtra
train_source1	S1-419129929	Ali Green Edp LLC	ali green edp llc	ali green edp	217 Valleys Edge Street, Mcminnville, OR	217 valleys edge street mcminnville or
train_source1	S1-40045119	Chloette Mason Allied Tree LLC	chloette mason allied tree llc	chloette mason allied tree	1 Overland Street, Boston, MA	1 overland street boston ma
train_source1	S1-837908386	A Cure 3 You Inc.	a cure 3 you inc	a cure 3 you	103 Hampton Lee Court, Unit 1A, Cary, NC	103 hampton lee court unit 1a cary nc
train_source1	S1-967500830	Cozy Tavern!	cozy tavern	cozy tavern	505 White Street, Unit 505, Floydada, TX	505 white street unit 505 floydada tx
train_source1	S1-718976444	Mumbai Bharat Pvt. Ltd.	mumbai bharat pvt ltd	mumbai bharat	702 Sneh Building, Anandnagar Near Mohan Soc, Dahisar East, Mumbai, Mumbai City, Maharashtra	702 sneh building anandnagar near mohan soc dahisar east mumbai mumbai city maharashtra
train_source1	S1-304297041	Shivam Projects Private Limited	shivam projects private limited	shivam projects	Howrah, Kolkata, Ground Floor Princeton Club 26 Prince Anwar Shah Road, West Bengal, Kolkata	howrah kolkata ground floor princeton club 26 prince anwar shah road west bengal kolkata
train_source1	S1-177943533	Orbyn Federal	orbyn federal	orbyn federal	606 Panama Court, Granbury, TX	606 panama court granbury tx
train_source1	S1-868064087	Kashish Fuel Private Limited	kashish fuel private limited	kashish fuel	Chennai, Tamil Nadu, 3/171 Silicon Valley Q Block I. T. Highway Old Mahapalipuram Road, Thuraipakkam	chennai tamil nadu 3 171 silicon valley q block i t highway old mahapalipuram road thuraipakkam
train_source1	S1-409256428	Future Projects Private Limited	future projects private limited	future projects	No-10, West Karikalan, Street, Adambakkam, Saidapet, Kanchipuram, Tamil Nadu	number 10 west karikalan street adambakkam saidapet kanchipuram tamil nadu
train_source1	S1-631031485	Federal Arrow	federal arrow	federal arrow	91 1170, Logan City, UT	91 1170 logan city ut
train_source1	S1-16807998	Innovative Payment Digital	innovative payment digital	innovative payment digital	1202 Scottsboro Road, Unit C, Marion, IL	1202 scottsboro road unit c marion il
train_source1	S1-600462984	Babb S. Johnson, DO, DDS PC	babb s johnson do dds pc	babb s johnson do dds pc	231 Wildcat Lane, Little Sandy, KY	231 wildcat lane little sandy ky
train_source1	S1-240050566	Frontier Holdings	frontier holdings	frontier holdings	216 Jefferson Pike, Lavergne, TN	216 jefferson pike lavergne tn
train_source1	S1-840622396	Gulf Kochav	gulf kochav	gulf kochav	1801 Baker Boulevard, Carthage, MO	1801 baker boulevard carthage mo
train_source1	S1-130034572	Piedmont Alliance V PC	piedmont alliance v pc	piedmont alliance v pc	Weddington, 1224 Willow Oaks Trail, NC	weddington 1224 willow oaks trail nc
train_source1	S1-164072881	Bennett's Transport	bennetts transport	bennetts transport	46 Village Gate Boulevard, Delaware, OH	46 village gate boulevard delaware oh
train_source1	S1-587645790	Bjr Impex Private Limited	bjr impex private limited	bjr impex	C Block Jaldarourkela, Sundargarh, Orissa	c block jaldarourkela sundargarh orissa
train_source1	S1-577250550	Pixels Public School	pixels public school	pixels public school	92/110, Nehru Place, New Delhi, South Delhi, Delhi	92 110 nehru place new delhi south delhi delhi
train_source1	S1-487652257	Vedyne Detailing LLC	vedyne detailing llc	vedyne detailing	24W 740 Argyle Avenue, IL, Roselle	24w 740 argyle avenue il roselle
train_source1	S1-281725882	Chennai Developmentcompany Private Limited	chennai developmentcompany private limited	chennai developmentcompany	No.4, Raniji Nagar Annex 1St Street, Madananthapuram, Porur, Chennai, Tamil Nadu	no4 raniji nagar annex 1st street madananthapuram porur chennai tamil nadu
train_source1	S1-562163221	Good Constructions Limited	good constructions limited	good constructions	F-35A, S/F, Abul Fazal, Enclave Part 1 Jamia Nagar, Okhla, Char Minar Masjid, Delhi, South Delhi, Delhi	f 35a south f abul fazal enclave part 1 jamia nagar okhla char minar masjid delhi south delhi delhi
train_source1	S1-92502000	Gadin (India) Electricals Public Limited	gadin india electricals public limited	gadin india electricals public	30 Apaki Industrial Premises Co-Op Socy. Ltd., Sidhpura Ind Estate Masranilane, Mumbai, Mumbai City, Maharashtra	30 apaki industrial premises co op socy ltd sidhpura ind estate masranilane mumbai mumbai city maharashtra
train_source1	S1-268149339	North Enterprises Private Limited	north enterprises private limited	north enterprises	Bid, Vadvani, 360, Maharashtra, Khadaki Tq Dharur Beed	bid vadvani 360 maharashtra khadaki tq dharur beed
train_source1	S1-667406578	Miles and Wright	miles and wright	miles and wright	28 County Road 5100, Cleveland, TX	28 county road 5100 cleveland tx
train_source1	S1-908498505	LO Venture LLC	lo venture llc	lo venture	620 2nd Street, City Of Baraboo, WI	620 2nd street city of baraboo wi
train_source1	S1-156883486	Gainey, Shanahan and Brown Chs Inc	gainey shanahan and brown chs inc	gainey shanahan and brown chs	604 Grand Lake Boulevard, West Chicago, IL	604 grand lake boulevard west chicago il
train_source1	S1-368846142	Metro Ubs	metro ubs	metro ubs	203 Westminster Avenue, Syracuse, NY	203 westminster avenue syracuse ny
train_source1	S1-231101064	Daisi Tate Ocean	daisi tate ocean	daisi tate ocean	922 Van Buren Avenue, Dixon, IL	922 van buren avenue dixon il
train_source1	S1-372903225	Elevate Professional Center	elevate professional center	elevate professional center	74B, Lowther Road, Allahabad, Uttar Pradesh	74b lowther road allahabad uttar pradesh
train_source1	S1-621386822	Anand Impex Private Limited	anand impex private limited	anand impex	15 809 Mhb Colony Kher Nagar, Bandra East M, Mumbai City, Maharashtra	15 809 mhb colony kher nagar bandra east m mumbai city maharashtra
train_source1	S1-238012566	Baldwin Superior Farms LLC	baldwin superior farms llc	baldwin superior farms	5016 85, New Salem, ND	5016 85 new salem nd
train_source1	S1-96384915	Urban Agro LLP	urban agro llp	urban agro	C/O Shree Chand, Vill Maithna Inder Singh, Meerut, Uttar Pradesh	c o shree chand vill maithna inder singh meerut uttar pradesh
train_source1	S1-307702274	Da (India) Agro Limited	da india agro limited	da india agro	Flat No 1703, Brighton Tower, 2Nd Cross Lane, Lokhandwala Complex, Mumbai, Maharashtra	flat number 1703 brighton tower 2nd cross lane lokhandwala complex mumbai maharashtra
train_source1	S1-933356469	Agasti & Sons	agasti and sons	agasti and sons	Bangalore, Unit-G2 Ground Floor, Karnataka, No. 35/1 And 35/2 Sgr Dental College Main Road, Munnekolal	bangalore unit g2 ground floor karnataka number 35 1 and 35 2 sgr dental college main road munnekolal
train_source1	S1-164830224	Reliable Ameren	reliable ameren	reliable ameren	902 Ocean Avenue, West Haven, CT	902 ocean avenue west haven court
train_source1	S1-100405609	Capital Network III LLC	capital network iii llc	capital network iii	3216 Frinks Street, Raleigh, NC	3216 frinks street raleigh nc
train_source1	S1-234407650	Choice Iron LLC	choice iron llc	choice iron	KS, Sedgwick, Fl 0, 11750 Ridge Road	ks sedgwick fl 0 11750 ridge road
train_source1	S1-725482440	Guru International Private Limited	guru international private limited	guru international	Plot No - D-13/5, 13/6 13/7 Ttc Indl Area Turbhe, Navi Mumbai, Thane, Maharashtra	plot number d 13 5 13 6 13 7 ttc indl area turbhe navi mumbai thane maharashtra
train_source1	S1-192345497	Wildlife Center	wildlife center	wildlife center	7 Demar Road, Lexington, MA	7 demar road lexington ma
train_source1	S1-622515318	City Food Private Limited	city food private limited	city food	Telangana, K.V.Rangareddy, Serilingampally, Fno B 305 3Rd Floor, Ramky One Kosmos	telangana kvrangareddy serilingampally fno b 305 3rd floor ramky one kosmos
train_source1	S1-59409377	Alyss Lopez Dbdr Corp	alyss lopez dbdr corp	alyss lopez dbdr	2220 Jackson Avenue, Hempstead, NY	2220 jackson avenue hempstead ny
train_source1	S1-319952925	Pinnacle Federal Lionheart Inc	pinnacle federal lionheart inc	pinnacle federal lionheart	1785 Vizaleea Drive, Dubuque, IA	1785 vizaleea drive dubuque ia
train_source1	S1-111867989	Sujal Technologies Company	sujal technologies company	sujal technologies	G-1, Akruti Height Road No.3 Rajendra Nagar, R Nagar, Patna, Bihar	g 1 akruti height road no3 rajendra nagar r nagar patna bihar
train_source1	S1-580992307	Creative Baba It Private Limited	creative baba it private limited	creative baba it	D220, S/Floor Defence Colony, New Delhi, South Delhi, Delhi	d220 south floor defence colony new delhi south delhi delhi
train_source1	S1-684624531	Raj Global Private Limited	raj global private limited	raj global	C/O Lhadom Wangdi, Patel Road, Behind Sn Bose, Siliguri, Darjiling, Darjeeling, West Bengal	c o lhadom wangdi patel road behind sn bose siliguri darjiling darjeeling west bengal
train_source1	S1-744424482	Nelson Classic Ship Inc	nelson classic ship inc	nelson classic ship	4715 Overview Drive, Fayetteville, NC	4715 overview drive fayetteville nc
train_source1	S1-160617128	Winners Marketing Private Limited	winners marketing private limited	winners marketing	Kh. No. 26/12/1 Ground Floor, Shahbad Daulatpur, Delhi, North West Delhi, Delhi	kh number 26 12 1 ground floor shahbad daulatpur delhi north west delhi delhi
train_source1	S1-388951829	Bastion Japan Ltd	bastion japan ltd	bastion japan	422 165th Street Court, Spanaway, WA	422 165th street court spanaway wa
train_source1	S1-502282153	Garland's Diamond Catering Inc	garlands diamond catering inc	garlands diamond catering	1402 Ravencrest Apts, Frankfort, KY	1402 ravencrest apts frankfort ky
train_source1	S1-554328643	A Complete Gen LLC	a complete gen llc	a complete gen	1225 Providence Terrace, Fairfax County, VA	1225 providence terrace fairfax county va
train_source1	S1-959189311	Allied Pembina	allied pembina	allied pembina	Nashville, 519 Yokley Road, TN	nashville 519 yokley road tn
train_source1	S1-355110377	Anchor Medical Systems PC	anchor medical systems pc	anchor medical systems pc	258 Meadowbrook Lane, Nelson County, VA	258 meadowbrook lane nelson county va
train_source1	S1-419243203	Mcdonald Companies	mcdonald companies	mcdonald companies	337 Main Street, Unit 1, Medford, MA	337 main street unit 1 medford ma
train_source1	S1-791484925	International Vision Technologies Pvt Ltd	international vision technologies pvt ltd	international vision technologies	Shop No 50, Shivam Reality Shri Sharan Business Park, Changodar, Ahmedabad, Gujarat	shop number 50 shivam reality shri sharan business park changodar ahmedabad gujarat
train_source1	S1-607311453	Family Horizon Associates LLC	family horizon associates llc	family horizon associates	Springfield, MO, 737 Westbypass	springfield mo 737 westbypass
train_source1	S1-823066174	Consultants Magnificent Marketing of Jabalpur Private Limited	consultants magnificent marketing of jabalpur private limited	consultants magnificent marketing of jabalpur	C/O Sandeep Dubey Chatr Pal, Udna Sadak, Jabalpur, Madhya Pradesh	c o sandeep dubey chatr pal udna sadak jabalpur madhya pradesh
train_source1	S1-169036830	C 5 H Ingredients Inc	c 5 h ingredients inc	c 5 h ingredients	232 Hoot Owl Circle, Quinlan, TX	232 hoot owl circle quinlan tx
train_source1	S1-345107626	Childress Translational LP	childress translational lp	childress translational lp	5600 S 3rd St, Louisville, KY	5600 south 3rd street louisville ky
train_source1	S1-748540962	Swastik Sun Investment Private Limited	swastik sun investment private limited	swastik sun investment	H.No. B 1 Plot No. 8 1St Floor Extended Lal Dora Santnagar Parwati Anch, Al Burari, New Delhi, Central Delhi, Delhi	hno b 1 plot number 8 1st floor extended lal dora santnagar parwati anch al burari new delhi central delhi delhi
train_source1	S1-277014552	Tech Consulting Private Limited	tech consulting private limited	tech consulting	Pl No. 1, Fl No. 2, Priyanka Kunj Co-Op Hsg. Soc., Kothrud, Pune, Sr. No. 5, Pune, Maharashtra	place number 1 fl number 2 priyanka kunj co op hsg soc kothrud pune sr number 5 pune maharashtra
train_source1	S1-912273534	Davis & Lucia Inc	davis and lucia inc	davis and lucia	IL, 1240 Beacon Ridge, Troy	il 1240 beacon ridge troy
train_source1	S1-456715439	Moses Corporation Center	moses corporation center	moses corporation center	6397 Murphy Drive, Victor, NY	6397 murphy drive victor ny
train_source1	S1-637465929	Healthcare Kay Consulting Limited	healthcare kay consulting limited	healthcare kay consulting	Office No. 307, W Mall, Pearls Corporate, Mangalam Palace Sec-3, Rohini, New Delhi, Delhi	office number 307 west mall pearls corporate mangalam palace sec 3 rohini new delhi delhi
train_source1	S1-526349990	Peak Cloud Concepts	peak cloud concepts	peak cloud concepts	736 Ardmore Lane, Shelbyville, KY	736 ardmore lane shelbyville ky
train_source1	S1-296323848	Modern Consulting Private Limited	modern consulting private limited	modern consulting	Bangalore Rural, Bengaluru, Karnataka, 29/1 Ground Floor Hosur Main Road Old Chandapura Anekal Taluk	bangalore rural bengaluru karnataka 29 1 ground floor hosur main road old chandapura anekal taluk
train_source1	S1-547546143	Delhi It Private Limited	delhi it private limited	delhi it	West Delhi, G-106, Nandram Park Uttam Nagar, Delhi	west delhi g 106 nandram park uttam nagar delhi
train_source1	S1-80960427	Hari Ram Infrastructure Private Limited	hari ram infrastructure private limited	hari ram infrastructure	No.29 Moore Street, Chennai, Tamil Nadu	no29 moore street chennai tamil nadu
train_source1	S1-609323033	Batts Global	batts global	batts global	362 Ocean Parkway, Berlin, MD	362 ocean parkway berlin md
train_source1	S1-523354110	Alpha Sky Logistics Private Limited	alpha sky logistics private limited	alpha sky logistics	9/192/A, Lakshmi Building, Poovambayi, Panangad, Koyilandi, Kozhikode, Kerala	9 192 a lakshmi building poovambayi panangad koyilandi kozhikode kerala
train_source1	S1-231416129	Midwest Association	midwest association	midwest association	Unit STE 101, TX, 1404 Clarewood Drive, San Marcos	unit suite 101 tx 1404 clarewood drive san marcos
train_source1	S1-460133008	Lo Blackrock Inc	lo blackrock inc	lo blackrock	9950 N Shore Road, Waconia, MN	9950 north shore road waconia mn
train_source1	S1-676648395	Bhubaneswar India	bhubaneswar india	bhubaneswar india	Rev. Plot No. 1063, Duplex No. 40, Golden Arena, Balianta, Bhubaneswar, Khordha, Orissa	rev plot number 1063 duplex number 40 golden arena balianta bhubaneswar khordha orissa
train_source1	S1-972836911	First Rapid Xsolla Corp	first rapid xsolla corp	first rapid xsolla	104 Lanita Drive, Roland, OK	104 lanita drive roland ok
train_source1	S1-292830915	Heritage Therapies Inc	heritage therapies inc	heritage therapies	2115 Pennsylvania Avenue, Baltimore, MD	2115 pennsylvania avenue baltimore md
train_source1	S1-51101506	Krishna Media Pvt Ltd	krishna media pvt ltd	krishna media	House No. 8.64, Kva House Naduvattom - Karinkallthani Road Ayilakkad Po, Malappuram, Malappuram, Malapuram, Kerala	house number 864 kva house naduvattom karinkallthani road ayilakkad po malappuram malappuram malapuram kerala
train_source1	S1-509332273	Kolkata Animation Private Limited	kolkata animation private limited	kolkata animation	Kolkata, B Block, 1St Floor, Suite-7, Kolkata, West Bengal, Howrah, 1 Chandney Chawk Street	kolkata b block 1st floor suite 7 kolkata west bengal howrah 1 chandney chawk street
train_source1	S1-127222577	Shivam City Products Private Limited	shivam city products private limited	shivam city products	Safa Building Airport Road, Ramanatkara, Calicut Dt, Kozhikode, Kerala	safa building airport road ramanatkara calicut dt kozhikode kerala
train_source1	S1-589521969	Ranice Haw Star Mfa	ranice haw star mfa	ranice haw star mfa	TN, 200 Stewarts Chapel Road, Flintville	tn 200 stewarts chapel road flintville
train_source1	S1-208167915	Steel Welfare Society	steel welfare society	steel welfare society	Plot No K-4 1465 Kalinga Vihar, Bhuabneswar, Khordha, Orissa	plot number k 4 1465 kalinga vihar bhuabneswar khordha orissa
train_source1	S1-420226248	Rhea Karg Continental Technical LLC	rhea karg continental technical llc	rhea karg continental technical	Colerain, NC, 204 Dew Drop Road	colerain nc 204 dew drop road
train_source1	S1-512080827	Komal Fusion Private Limited	komal fusion private limited	komal fusion	H.No.12-2- 709/C/1, Flat No.2, 2Nd Floor, Sai Teja Apartments, Padmanabhanagar, Mehadipatnam, Hyderabad, Telangana	hno12 2 709 c 1 flat no2 2nd floor sai teja apartments padmanabhanagar mehadipatnam hyderabad telangana
train_source1	S1-151302070	Diamond Sterling Systems	diamond sterling systems	diamond sterling systems	1257 Spotswood Drive, Orange County, VA	1257 spotswood drive orange county va
train_source1	S1-670025586	Inox Management Private Limited	inox management private limited	inox management	14, Hamam Street, Fort, Mumbai, Maharashtra	14 hamam street fort mumbai maharashtra
train_source1	S1-529148390	PG Contractors Private Limited	pg contractors private limited	pg contractors	Sube Singh X3-4624 Rohtak, Haryana, Rohtak, Haryana	sube singh x3 4624 rohtak haryana rohtak haryana
train_source1	S1-12487330	Upkar Success Private Limited	upkar success private limited	upkar success	Radhabhawan, Jatarprinters, Girjakundward Nearmahavirvyayayamshala, Seoni, Madhya Pradesh	radhabhawan jatarprinters girjakundward nearmahavirvyayayamshala seoni madhya pradesh
train_source1	S1-831133424	Metropolitan Trust	metropolitan trust	metropolitan trust	175 Amherst Mobile Homes, Amherst, OH	175 amherst mobile homes amherst oh
train_source1	S1-671445253	Metro Care, LLC	metro care llc	metro care	MA, 500 Quincy Street, Abington, Unit 3-C1	ma 500 quincy street abington unit 3 c1
train_source1	S1-700600281	Smith and Martin LLC	smith and martin llc	smith and martin	4 Peter Scott Drive, Cornwall, NY	4 peter scott drive cornwall ny
train_source1	S1-857022301	Zepheus Barings LLC	zepheus barings llc	zepheus barings	1633 James Drive, Crawfordsville, IN	1633 james drive crawfordsville in
train_source1	S1-64140802	Hailee Willsey Innovation LLC	hailee willsey innovation llc	hailee willsey innovation	1120 Cedar Street, Jourdanton, TX	1120 cedar street jourdanton tx
train_source1	S1-690449852	Jeannette White Anchor System P.C.	jeannette white anchor system pc	jeannette white anchor system pc	51 Howard Street, New York, NY	51 howard street new york ny
train_source1	S1-391697975	Marketing Nalin Chemical Private Limited	marketing nalin chemical private limited	marketing nalin chemical	Flt No- E 219, Walchand Co, Kashmira Rd Oppkamla Park, Thane, Maharashtra	flt number east 219 walchand co kashmira road oppkamla park thane maharashtra
train_source1	S1-486510827	Creative Developers Private Limited	creative developers private limited	creative developers	2, Floor-5, 72 Keshari Bhavan, Shaikh Memon Street, Zaveri Bazar, Kalbadevi, Mumbai, Mumbai City, Maharashtra	2 floor 5 72 keshari bhavan shaikh memon street zaveri bazar kalbadevi mumbai mumbai city maharashtra
train_source1	S1-516705356	Tele Future (India) Ltd	tele future india ltd	tele future india	No127, Sriananthammalcompx Arcot Road, Virugambakkam, Chennai, Tamil Nadu	no127 sriananthammalcompx arcot road virugambakkam chennai tamil nadu
train_source1	S1-275228042	Primary Care Specialists Inc.	primary care specialists inc	primary care specialists	807 Calvert Drive, Bismarck, ND	807 calvert drive bismarck nd
train_source1	S1-612138552	Harini & Co	harini and co	harini and	15/1-1, Malviya Nagar, New Delhi, Delhi	15 1 1 malviya nagar new delhi delhi
train_source1	S1-571214733	Wooten Atlantic Bhav	wooten atlantic bhav	wooten atlantic bhav	Albuquerque, 2009 Pinonwood Avenue, NM	albuquerque 2009 pinonwood avenue nm
train_source1	S1-906686327	Happy Cleaning Service, LLC	happy cleaning service llc	happy cleaning service	15 Pirates Cove, Hampton City, VA	15 pirates cove hampton city va
train_source1	S1-939880982	Montiq Treasury LLC	montiq treasury llc	montiq treasury	Columbus, IN, 735 Whitfield Drive	columbus in 735 whitfield drive
train_source1	S1-60980827	Bhavishya International School	bhavishya international school	bhavishya international school	B-104, Second Floor, Okhla Industrial Area, Phase-1, Delhi, South Delhi, Delhi	b 104 second floor okhla industrial area phase 1 delhi south delhi delhi
train_source1	S1-476385483	Urology Pioneer Associates LLC	urology pioneer associates llc	urology pioneer associates	1365 Western Avenue, Unit Apartment 15, Saint Paul, MN	1365 western avenue unit apartment 15 saint paul mn
train_source1	S1-359497386	Shakti Global	shakti global	shakti global	2-40-314/C Ambedkar Nagar, Balamrai, Gymkhana, Hyderabad, Telangana	2 40 314 c ambedkar nagar balamrai gymkhana hyderabad telangana
train_source1	S1-791947968	Hem Educational Society	hem educational society	hem educational society	2, Gulmohar Soc., Mithbunder Road Thane East, Thane, Maharashtra	2 gulmohar soc mithbunder road thane east thane maharashtra
train_source1	S1-2106291	Jai Producer Private Limited	jai producer private limited	jai producer	Vishalaxmipur, Ashram More 24 Kakdweep Parganas South Wb, Kakdweep, Parganas South, West Bengal	vishalaxmipur ashram more 24 kakdweep parganas south wb kakdweep parganas south west bengal
train_source1	S1-802762694	Mamie Dsouza Management Inc	mamie dsouza management inc	mamie dsouza management	416 Castle Street, Knoxville, TN	416 castle street knoxville tn
train_source1	S1-763758768	Empire Travel	empire travel	empire travel	136 County Road 4002, Chilton, TX	136 county road 4002 chilton tx
train_source1	S1-368557784	Bhagwati (India) (madras) Limited	bhagwati india madras limited	bhagwati india madras	F547 Ph8A, Indl Area Mohali, S.A.S.Nagar (Mohali), Rupnagar, Punjab	f547 ph8a indl area mohali sasnagar mohali rupnagar punjab
train_source1	S1-801306682	Perfect Foundation	perfect foundation	perfect foundation	Chennai, No.388/8, 200 Feet Road, S.Kolathur, Tamil Nadu, Chennai	chennai no388 8 200 feet road skolathur tamil nadu chennai
train_source1	S1-910150597	Regional Aria, LLC	regional aria llc	regional aria	711 Vintage Hills Way, Unit 302, Knoxville, TN	711 vintage hills way unit 302 knoxville tn
train_source1	S1-204397870	Advanced Food LLC	advanced food llc	advanced food	5877 Glennon Drive, Galloway, OH	5877 glennon drive galloway oh
train_source1	S1-853669737	Jackson Wood Private Limited	jackson wood private limited	jackson wood	Ground Floor, Office No12, Sunstar Tower Near Ioc Qtr., Panchayat Nagar, Rajkot, Gujarat	ground floor office no12 sunstar tower near ioc qtr panchayat nagar rajkot gujarat
train_source1	S1-170998977	Bridges and Baker	bridges and baker	bridges and baker	Ofallon, 2404 Meadow Pointe Drive, MO	ofallon 2404 meadow pointe drive mo
train_source1	S1-72369296	Enterprises Mittal Developers Private Limited	enterprises mittal developers private limited	enterprises mittal developers	Haryana, Orchid Centre, Near, Iilm Institute, Sec 53, Tf, Dlf Qe, Gurgaon	haryana orchid centre near iilm institute sec 53 tf dlf qe gurgaon
train_source1	S1-114279394	Stoddard Hickman House Clinic	stoddard hickman house clinic	stoddard hickman house clinic	NY, 285 5th Street, Smithtown	ny 285 5th street smithtown
train_source1	S1-558634684	Prime Food Private Limited	prime food private limited	prime food	Plot No. 23, Zone-1 M.P. Nagar, Bhopal, Madhya Pradesh	plot number 23 zone 1 mp nagar bhopal madhya pradesh
train_source1	S1-185338284	Aditya Sai Management Limited	aditya sai management limited	aditya sai management	Royal Space Bldg No, 154/20, 3Rd Flr, 5Th Main, Bangalore South, Bangalore, Karnataka	royal space building number 154 20 3rd floor 5th main bangalore south bangalore karnataka
train_source1	S1-352005417	Wildrick and Sands LLC	wildrick and sands llc	wildrick and sands	25481 151st Drive, Surprise, AZ	25481 151st drive surprise az
train_source1	S1-870254921	Vm India Private Limited	vm india private limited	vm india	Kanjirathani, Vattakkunnu, Kappur P.O, Ottappalam, Palakkad, Kerala	kanjirathani vattakkunnu kappur po ottappalam palakkad kerala
train_source1	S1-574943722	Hayes Unified Regions LLC	hayes unified regions llc	hayes unified regions	12 School Square, Unit 2, Winchendon, MA	12 school square unit 2 winchendon ma
train_source1	S1-829163315	Silver Barbershop PC	silver barbershop pc	silver barbershop pc	230 Chapman Drive Extension, Asheville, NC	230 chapman drive extension asheville nc
train_source1	S1-657654513	Rodriguez, Watson and Anderson LLC	rodriguez watson and anderson llc	rodriguez watson and anderson	740 Western Avenue, New Lenox, IL	740 western avenue new lenox il
train_source1	S1-623261026	Orthopedic Care	orthopedic care	orthopedic care	827 Elmhurst Road, Des Plaines, IL	827 elmhurst road des plaines il
train_source1	S1-393157555	Golden Ice Cream!	golden ice cream	golden ice cream	307 Belleville Street, Freeburg, IL	307 belleville street freeburg il
train_source1	S1-528999441	Pacific Can	pacific can	pacific can	903 Main Street, Bourbon, IN	903 main street bourbon in
train_source1	S1-445131173	Luque Prairie Evolution Clinic	luque prairie evolution clinic	luque prairie evolution clinic	8261 Henry Circle, Anchorage, AK	8261 henry circle anchorage ak
train_source1	S1-906572599	Z & B Entergy	z and b entergy	z and b entergy	6801 35th Avenue, Fl 1, Lacey, WA	6801 35th avenue fl 1 lacey wa
train_source1	S1-720173062	Maurita's Crystal Wellness Inc	mauritas crystal wellness inc	mauritas crystal wellness	20198 Brookview Square, Loudoun County, VA	20198 brookview square loudoun county va
train_source1	S1-779180246	Infratech Seva Samiti	infratech seva samiti	infratech seva samiti	Rzp-1/29, New Roshan Pura Nazafgarh, New Delhi, South West Delhi, Delhi	rzp 1 29 new roshan pura nazafgarh new delhi south west delhi delhi
train_source1	S1-812486340	Fortune Consultants Private Limited	fortune consultants private limited	fortune consultants	House No. 6, Road No. 5, East Punjabi Bagh, New Delhi, West Delhi, Delhi	house number 6 road number 5 east punjabi bagh new delhi west delhi delhi
train_source1	S1-585692765	Golden Construction Technologies LLC	golden construction technologies llc	golden construction technologies	AZ, Sierra Vista, 1381 Jasmin Drive	az sierra vista 1381 jasmin drive
train_source1	S1-358447941	6-Star	6 star	6 star	1304 105th Place, Unit 1004, Mesa, AZ	1304 105th place unit 1004 mesa az
train_source1	S1-206894799	Dynamic Exports Pvt Ltd	dynamic exports pvt ltd	dynamic exports	#56, Saint Thomos School Road, Industrial Suburb, Vishweshwara Nagar, Mysore, Karnataka	56 saint thomos school road industrial suburb vishweshwara nagar mysore karnataka
train_source1	S1-27158214	Darby Thomas News LLC	darby thomas news llc	darby thomas news	125 Seward Street, Smyrna, TN	125 seward street smyrna tn
train_source1	S1-196578854	Young Joint LLC	young joint llc	young joint	116-38 Merrick Boulevard, Jamaica, NY	116 38 merrick boulevard jamaica ny
train_source1	S1-624045976	City Medical Centre	city medical centre	city medical centre	Andhra Pradesh, Revenue Ward 23, Vijaya Lakshmi Puram, Bapatla, Guntur, 14-5-26	andhra pradesh revenue ward 23 vijaya lakshmi puram bapatla guntur 14 5 26
train_source1	S1-362520	Empire Dental Associates	empire dental associates	empire dental associates	765 400, UT, Spanish Fork	765 400 ut spanish fork
train_source1	S1-463548524	Swastik Shyam Enterprises Private Limited	swastik shyam enterprises private limited	swastik shyam enterprises	Flat No-501, B-Wing, Barcelona, Off Madh Road, Bhd Madh Church, Malad (W, Est), Mumbai, Mumbai City, Maharashtra	flat number 501 b wing barcelona off madh road bhd madh church malad west est mumbai mumbai city maharashtra
train_source1	S1-897226407	Lv Industries Group Private Limited	lv industries group private limited	lv industries group	A 19, Ground Floor, Fiee Complex, Suite 1247, New Delhi, South Delhi, Delhi	a 19 ground floor fiee complex suite 1247 new delhi south delhi delhi
train_source1	S1-645713459	Ellis, Chavis and Renfro Hyperliquid Partners	ellis chavis and renfro hyperliquid partners	ellis chavis and renfro hyperliquid partners	4759 Mayfield Road, South Euclid, OH	4759 mayfield road south euclid oh
train_source1	S1-229555888	Rapid Quality Made LP	rapid quality made lp	rapid quality made lp	6 Wildwood Lane, Goshen, MA	6 wildwood lane goshen ma
train_source1	S1-68456921	Dynamic Hospitality Private Limited	dynamic hospitality private limited	dynamic hospitality	2Nd Floor, Trivedi Bhawan, Pghpl Group Campus, Opp. Western Gate A.N. College, Boring R, Oad, Patna, Bihar	2nd floor trivedi bhawan pghpl group campus opposite western gate an college boring r oad patna bihar
train_source1	S1-992003464	Aashi & Co Corp	aashi and co corp	aashi and	Row House 10Syno246/1Mani, Konda Chitrapuri Colony, Rangareddy, Telangana	row house 10syno246 1mani konda chitrapuri colony rangareddy telangana
train_source1	S1-912947277	Biomedical Institute of Technology Pvt Ltd	biomedical institute of technology pvt ltd	biomedical institute of technology	Plot No10, Kila No69, 1St Floor, Hans Enclave, Sadar Bazar, Gurgaon, Haryana	plot no10 kila no69 1st floor hans enclave sadar bazar gurgaon haryana
train_source1	S1-417264639	Melton Workshop PLLC	melton workshop pllc	melton workshop pllc	9326 Hemphill Drive, Fort Wayne, IN	9326 hemphill drive fort wayne in
train_source1	S1-470845482	Sft Finance Private Limited	sft finance private limited	sft finance	Paldi, National Design Business Incubator National Institute Of Design, Gujarat, Ahmedabad	paldi national design business incubator national institute of design gujarat ahmedabad
train_source1	S1-987779515	Landeros, Liza N., D.C.	landeros liza n dc	landeros liza n dc	3400 Country Club Road, Tucson, AZ	3400 country club road tucson az
train_source1	S1-509283665	Bay Pinnacle Horizon LP	bay pinnacle horizon lp	bay pinnacle horizon lp	2450 County Road 022, TX, Jasper	2450 county road 022 tx jasper
train_source1	S1-619895264	Dudley Invesco	dudley invesco	dudley invesco	2807 7th Avenue, Birmingham, AL	2807 7th avenue birmingham al
train_source1	S1-17339733	Pediatric Dentistry Care Associates Inc	pediatric dentistry care associates inc	pediatric dentistry care associates	Norwich, CT, 59 Grant Court	norwich court 59 grant court
train_source1	S1-647059934	ZJ Desert Plutonian	zj desert plutonian	zj desert plutonian	11602 Bannerstone Street, Marana, AZ	11602 bannerstone street marana az
train_source1	S1-161901150	Ia & Co	ia and co	ia and	6 Flr, 603, B & C Wing, C 66, G Block One Bkc, Opp. Bank Of Baroda, Bandra (Ea, St), Mumbai, Mumbai City, Maharashtra	6 floor 603 b and c wing c 66 g block one bkc opposite bank of baroda bandra ea street mumbai mumbai city maharashtra
train_source1	S1-241742700	Linderman Rapid Pennantpark Inc	linderman rapid pennantpark inc	linderman rapid pennantpark	Cedar Rapids, IA, Unit 3, 2134 N Towne Ct NE	cedar rapids ia unit 3 2134 north towne court ne
train_source1	S1-512634625	Ironclad Lending LLC	ironclad lending llc	ironclad lending	OH, Hamilton, 736 East Avenue	oh hamilton 736 east avenue
train_source1	S1-37213524	Surgical Clinic Clinic	surgical clinic clinic	surgical clinic clinic	864 Country Road, Brookhaven, NY	864 country road brookhaven ny
train_source1	S1-916773322	Integrated Myers Group	integrated myers group	integrated myers group	311 Glenn Avenue, Unit 33, Auburn, AL	311 glenn avenue unit 33 auburn al
train_source1	S1-263724589	Gadaon	gadaon	gadaon	TX, 900 30, Garland	tx 900 30 garland
train_source1	S1-734453985	Kriste Ross Elite Auto Glass LLC	kriste ross elite auto glass llc	kriste ross elite auto glass	9837 Peakview Avenue, Unit D03, Cherry Creek, CO	9837 peakview avenue unit d03 cherry creek co
train_source1	S1-722883348	Red Nails LLC	red nails llc	red nails	1319 Ety Pointe Drive, Lancaster, OH	1319 ety pointe drive lancaster oh
train_source1	S1-309101313	Uniglobe Properties Limited	uniglobe properties limited	uniglobe properties	C/O-Suryadev Kumar, Patel Colony, Patna Sadar, Sampatchak, Patna, Bihar	c o suryadev kumar patel colony patna sadar sampatchak patna bihar
train_source1	S1-266640251	Game Consultancy Private Limited	game consultancy private limited	game consultancy	Delhi, South Delhi, Kh No-185, Lane No-3 U/G/Fr/S, Saidulajab, Delhi, B-39	delhi south delhi kh number 185 lane number 3 u g fr south saidulajab delhi b 39
train_source1	S1-619068107	Reinecke Capital Inc	reinecke capital inc	reinecke capital	251 Polk Street, Gary, IN	251 polk street gary in
train_source1	S1-706856946	Safe Vanguard Properties LLC	safe vanguard properties llc	safe vanguard properties	488 Lakeside Drive, Latonia Ky, KY	488 lakeside drive latonia ky ky
train_source1	S1-774836812	Weiler Blue Brokerage PLLC	weiler blue brokerage pllc	weiler blue brokerage pllc	132 Danforth Street, Portland, ME	132 danforth street portland me
train_source1	S1-452691275	Dd Memorial Trust	dd memorial trust	dd memorial trust	Hotel Swati 21/6 Chhoti Gwal Toli Near Sarvate Bus Stand, Indore, Madhya Pradesh	hotel swati 21 6 chhoti gwal toli near sarvate bus stand indore madhya pradesh
train_source1	S1-277375862	Human Rights Initiative Associates	human rights initiative associates	human rights initiative associates	1302 Fair Street, Unit D, Marion, IL	1302 fair street unit d marion il
train_source1	S1-110602510	Real Alpha Media Private Limited	real alpha media private limited	real alpha media	House No C-262, Siddharth Nagar, Jaipur, Rajasthan	house number c 262 siddharth nagar jaipur rajasthan
train_source1	S1-770963722	Howard, Smith and Anderson, Inc	howard smith and anderson inc	howard smith and anderson	71 Hemlock Place, Middletown, CT	71 hemlock place middletown court
train_source1	S1-341378122	Bumoex Corporation	bumoex corporation	bumoex	Chagrin Falls, OH, 8850 Taylor May Road	chagrin falls oh 8850 taylor may road
train_source1	S1-202909837	Sevue Family Office Inc	sevue family office inc	sevue family office	Baltimore, MD, 2102 Patapsco Avenue	baltimore md 2102 patapsco avenue
train_source1	S1-520992658	Value Retail Global Inc.	value retail global inc	value retail global	2518 Young, Colville, WA	2518 young colville wa
train_source1	S1-277391322	Dynamic Textile Networks LLC	dynamic textile networks llc	dynamic textile networks	18848 250 Road E, Danvers, IL	18848 250 road east danvers il
train_source1	S1-638110492	Super Care Limited	super care limited	super care	Kalkaji, New Delhi, Delhi, J-86	kalkaji new delhi delhi j 86
train_source1	S1-844896591	Modern Packaging Global PC	modern packaging global pc	modern packaging global pc	8935 Georgetown Pike, Fairfax County, VA	8935 georgetown pike fairfax county va
train_source1	S1-245014023	Keva Trust LLC	keva trust llc	keva trust	11451 Cherry Hill Road, Unit 203, Beltsville, MD	11451 cherry hill road unit 203 beltsville md
train_source1	S1-790771894	Nexnet Family Office LP	nexnet family office lp	nexnet family office lp	1330 Dale Avenue, Stephenville, TX	1330 dale avenue stephenville tx
train_source1	S1-437422427	Scholarship Fellowship	scholarship fellowship	scholarship fellowship	8 Jan Sebastian Way, Unit 6, Sandwich, MA	8 jan sebastian way unit 6 sandwich ma
train_source1	S1-870525516	Geo Brothers	geo brothers	geo brothers	Ernakulam, 36/1924 Sky Marks Chammani - Complx Judges Avenue Cross Rd (Sebastian Rd) Kochi, Ernakulam, Kerala	ernakulam 36 1924 sky marks chammani complx judges avenue cross road sebastian road kochi ernakulam kerala
train_source1	S1-382138150	Amrit Open Private Limited	amrit open private limited	amrit open	Room No.6, Kashinath Patil Chawl, Opp Sapana Hotel, S V Road, Mumbai, Mumbai City, Maharashtra	room no6 kashinath patil chawl opposite sapana hotel south v road mumbai mumbai city maharashtra
train_source1	S1-470699785	Krystyna's Energy Inc	krystynas energy inc	krystynas energy	NY, Unit Apartment 206, 183 Main Street, Fredonia	ny unit apartment 206 183 main street fredonia
train_source1	S1-696598587	Bell Controls LLC	bell controls llc	bell controls	136 Donegal Avenue, Thousand Oaks, CA	136 donegal avenue thousand oaks ca
train_source1	S1-960756168	Board of Public Works	board of public works	board of public works	13265 601, Midland, NC	13265 601 midland nc
train_source1	S1-842881175	Mandie Cannon, DO	mandie cannon do	mandie cannon do	3315 Nelson Road, Town Of Algoma, WI	3315 nelson road town of algoma wi
train_source1	S1-42596820	Lakshmi Construction Private Limited	lakshmi construction private limited	lakshmi construction	B-11/C-2, Malviya Nagar, Ind. Area, Jaipur, Rajasthan	b 11 c 2 malviya nagar ind area jaipur rajasthan
train_source1	S1-360871186	Naya Bas Eye LLP	naya bas eye llp	naya bas eye	290, Naya Bas, Alwar, Rajasthan	290 naya bas alwar rajasthan
train_source1	S1-868335410	Dorman Crest Group	dorman crest group	dorman crest group	5943 Otis Court, Columbine, CO	5943 otis court columbine co
train_source1	S1-780893579	Godbole City Corp	godbole city corp	godbole city	Building No. 61/245- B2, Zeia Arcade, Church Landing Road, Pallimukku, Kochi, Ernakulam, Kerala	building number 61 245 b2 zeia arcade church landing road pallimukku kochi ernakulam kerala
train_source1	S1-372897884	Brigit Brown Montreal	brigit brown montreal	brigit brown montreal	1890 Marble Ridge Drive, Rockingham County, VA	1890 marble ridge drive rockingham county va
train_source1	S1-582550646	U A & O Securities PLLC	u a and o securities pllc	u a and o securities pllc	514 Snow Mass Lane, Yakima, WA	514 snow mass lane yakima wa
train_source1	S1-761888543	Jhk Industries Private Limited	jhk industries private limited	jhk industries	P-3, New C.I.T.Road Second Floor, Kolkata, Kolkata, Howrah, West Bengal	p 3 new citroad second floor kolkata kolkata howrah west bengal
train_source1	S1-430842276	North Solutions Private Limited	north solutions private limited	north solutions	Plot No. 18 Bhaisaura, Gomti Nagar Extension, Lucknow, Uttar Pradesh	plot number 18 bhaisaura gomti nagar extension lucknow uttar pradesh
train_source1	S1-533701421	First Cartesian LLC	first cartesian llc	first cartesian	586 Country Way, Sanford, NC	586 country way sanford nc
train_source1	S1-140574806	Agneta Allen Shore	agneta allen shore	agneta allen shore	216 Eagle Lane, Pittsylvania County, VA	216 eagle lane pittsylvania county va
train_source1	S1-388312190	Esparza, Kwon & Omara Sciences LLC	esparza kwon and omara sciences llc	esparza kwon and omara sciences	226 Barefield Drive, NC, Millers Creek	226 barefield drive nc millers creek
train_source1	S1-767371184	Khush Memorial Trust	khush memorial trust	khush memorial trust	House No 8-B Jr Coconest, Marasur, Anekal, Bangalore, Karnataka	house number 8 b jr coconest marasur anekal bangalore karnataka
train_source1	S1-395950954	Aragon Biotech L.L.C.	aragon biotech llc	aragon biotech	8231 Rebecca Woods Drive, Bartlett, TN	8231 rebecca woods drive bartlett tn
train_source1	S1-691555791	Kopf Labs	kopf labs	kopf labs	Spring, TX, 74 Slatestone Circle	spring tx 74 slatestone circle
train_source1	S1-793019850	Rocky Trust, LLC	rocky trust llc	rocky trust	846 217, Claverack, NY	846 217 claverack ny
train_source1	S1-975506716	Radharani (India) Green Private Limited	radharani india green private limited	radharani india green	Door No:6-21, C.Kothapalli, Chapalamadugu Gram Pancha, Markapur, Prakasam, Andhra Pradesh	door no6 21 ckothapalli chapalamadugu gram pancha markapur prakasam andhra pradesh
train_source1	S1-495990882	Primary Care Choice Clinic LLC	primary care choice clinic llc	primary care choice clinic	10508 Farm To Market 1130, Orange, TX	10508 farm to market 1130 orange tx
train_source1	S1-666435696	Apex Pinnacle Music Group	apex pinnacle music group	apex pinnacle music group	NC, Albemarle, 29569 Forrest Road	nc albemarle 29569 forrest road
train_source1	S1-129027978	Express Construction LLC	express construction llc	express construction	430 Haldimand Avenue, Hamilton, OH	430 haldimand avenue hamilton oh
train_source1	S1-922994065	Amethi Finance Limited	amethi finance limited	amethi finance	Amethi, Uttar Pradesh, Sultanpur, C/O Narsingh Yadav Ramganj Ram Awadh Rampur Ramganj	amethi uttar pradesh sultanpur c o narsingh yadav ramganj ram awadh rampur ramganj
train_source1	S1-623350674	K 7 Classic Painting LLC	k 7 classic painting llc	k 7 classic painting	3615 Jefferson Street, Kansas City, MO	3615 jefferson street kansas city mo
train_source1	S1-753180274	Helios LLC	helios llc	helios	306 Wrights Lane, Bldg BRIAN GRIFFITH DENTISTRY, Prestonsburg, KY	306 wrights lane building brian griffith dentistry prestonsburg ky
train_source1	S1-617270478	Aasara Brothers Private Limited	aasara brothers private limited	aasara brothers	No:2 Shah Sultan Complex 17/1 Ali Asker Cross Road, Cunningham R, Oad, Bangalore, Karnataka	no2 shah sultan complex 17 1 ali asker cross road cunningham r oad bangalore karnataka
train_source1	S1-334052695	Guru Constructions Private Limited	guru constructions private limited	guru constructions	Plot No 13, Pushpak Nagar, Lokhande Mala, Nashik, Maharashtra	plot number 13 pushpak nagar lokhande mala nashik maharashtra
train_source1	S1-102971431	Delhi Hospitality Private Limited	delhi hospitality private limited	delhi hospitality	West Delhi, Delhi, 25/2-W-1 West Patel Nagar	west delhi delhi 25 2 west 1 west patel nagar
train_source1	S1-948624922	Smart Hall Inc.	smart hall inc	smart hall	935 Sycamore Avenue, Corvallis, OR	935 sycamore avenue corvallis or
train_source1	S1-638785454	Gs Hospitals Private Limited	gs hospitals private limited	gs hospitals	H.No-30, Ward No-16, Near Ice Factory Near Hindalco Petrol Pump, Hindalco City, Renukoot, Sonbhadra, Uttar Pradesh	hno 30 ward number 16 near ice factory near hindalco petrol pump hindalco city renukoot sonbhadra uttar pradesh
train_source1	S1-455885431	Lyrial Aria	lyrial aria	lyrial aria	21406 Catalina Circle, Rehoboth Beach, DE	21406 catalina circle rehoboth beach de
train_source1	S1-312194988	Dios Hospital	dios hospital	dios hospital	Bardhaman, West Bengal, Bijon Kumar Dey, Bulchandrapur, P O-Painta, Burdwan, C/O	bardhaman west bengal bijon kumar dey bulchandrapur p o painta burdwan c o
train_source1	S1-745218864	Yodha Associates Private Limited	yodha associates private limited	yodha associates	M.A. Sarani, Bisharpara, North 24 Paraganas, North 24 Parganas, West Bengal	ma sarani bisharpara north 24 paraganas north 24 parganas west bengal
train_source1	S1-576426786	Jennings, Seaver & Powell Corp	jennings seaver and powell corp	jennings seaver and powell	7159 Sagert Street, Unit #106, Tualatin, OR	7159 sagert street unit 106 tualatin or
train_source1	S1-298951977	Family Associates of New Hartford	family associates of new hartford	family associates of new hartford	20 Canterbury Road, New Hartford, NY	20 canterbury road new hartford ny
train_source1	S1-380060263	Devashish Plaza Private Limited	devashish plaza private limited	devashish plaza	B-3 Horning Stars T Road Mahim, Mumbai, Maharashtra	b 3 horning stars t road mahim mumbai maharashtra
train_source1	S1-603442937	Skill Agro Private Limited	skill agro private limited	skill agro	3/101 Shree Krishan Avenyu Face, Limbodi, Indore, Madhya Pradesh	3 101 shree krishan avenyu face limbodi indore madhya pradesh
train_source1	S1-795245610	Village Of Howard Regional Midwest Chiropractic	village of howard regional midwest chiropractic	village of howard regional midwest chiropractic	1844 Maplewood Avenue, Village Of Howard, WI	1844 maplewood avenue village of howard wi
train_source1	S1-873852360	Pune City General Private Limited	pune city general private limited	pune city general	Cts No. 15, F.P. 17, Plot No. 2, Erandwane, Karve Road, Pune City, Pune, Maharashtra	cts number 15 fp 17 plot number 2 erandwane karve road pune city pune maharashtra
train_source1	S1-144718195	Golden Pizza	golden pizza	golden pizza	1101 22nd Avenue, Battle Ground, WA	1101 22nd avenue battle ground wa
train_source1	S1-518394026	One Healthcare	one healthcare	one healthcare	E50, 3Rd Floor, Ihfd, Nagar, Pallavaram, Kanchipuram, Tamil Nadu	e50 3rd floor ihfd nagar pallavaram kanchipuram tamil nadu
train_source1	S1-703428973	WXP Commercial LP	wxp commercial lp	wxp commercial lp	Lavergne, 132 Vaughnwood Drive, TN	lavergne 132 vaughnwood drive tn
train_source1	S1-478051664	Cruz Rare	cruz rare	cruz rare	8120 Holly Crest Drive, Chattanooga, TN	8120 holly crest drive chattanooga tn
train_source1	S1-95925372	Temple Presbyterian Church	temple presbyterian church	temple presbyterian church	11802 Hickory Drive, Fort Washington, MD	11802 hickory drive fort washington md
train_source1	S1-436247714	U C Oliver Popular LLC	u c oliver popular llc	u c oliver popular	10222 Southwind Lane, Unit UNIT 1024, AZ, Scottsdale	10222 southwind lane unit unit 1024 az scottsdale
train_source1	S1-993604636	Nanak & Partners Pvt Ltd	nanak and partners pvt ltd	nanak and partners	288-B, Vivek Vihar, New Sanganer Road, Jaipur, Rajasthan	288 b vivek vihar new sanganer road jaipur rajasthan
train_source1	S1-515624637	Mireles Generation LLC	mireles generation llc	mireles generation	2114 S 3rd Street, Unit 5D, Shelbyville, IL	2114 south 3rd street unit 5d shelbyville il
train_source1	S1-295377582	Hotel Gujarat Management Private Limited	hotel gujarat management private limited	hotel gujarat management	9Th Avenue Business Park, No. 3, Unit No. 503, 5Th Floor, K.P. Puttanna Chetty Road, 5Th Main Road, Bangalore South, Bangalore, Karnataka	9th avenue business park number 3 unit number 503 5th floor kp puttanna chetty road 5th main road bangalore south bangalore karnataka
train_source1	S1-616628716	Apt Holdings	apt holdings	apt holdings	First & Second Floor, Shop No. 25, Malik Singh Complex, Sector-17, Kurukshetra, Haryana	first and second floor shop number 25 malik singh complex sector 17 kurukshetra haryana
train_source1	S1-187058094	Ahmedabad Innovators Center	ahmedabad innovators center	ahmedabad innovators center	Indochem House 8 Sundarvansociety Opp Gujarat Vidyapith Ushmanpura Ashram Road, Gujarat, Ahmedabad	indochem house 8 sundarvansociety opposite gujarat vidyapith ushmanpura ashram road gujarat ahmedabad
train_source1	S1-557975484	Tathastu Traders Pvt. Ltd.	tathastu traders pvt ltd	tathastu traders	Plot No.84/C, Phase -I, I.D.A Jeedimetla Quthubullapur, Medchal- Malkajgiri Dist., Hyderabad, Rangareddy, Telangana	plot no84 c phase i ida jeedimetla quthubullapur medchal malkajgiri dist hyderabad rangareddy telangana
train_source1	S1-487154804	Behavioral Health Medicine LLC	behavioral health medicine llc	behavioral health medicine	2770 163, Colorado City, TX	2770 163 colorado city tx
train_source1	S1-536638885	Mega Advisors Limited	mega advisors limited	mega advisors	A-99, Karan Vihar Ph V, New Delhi, Delhi	a 99 karan vihar ph v new delhi delhi
train_source1	S1-511863452	Pediatric Dentistry Prime Center Center	pediatric dentistry prime center center	pediatric dentistry prime center center	Grove City, OH, 4749 Barnwood Drive	grove city oh 4749 barnwood drive
train_source1	S1-956446110	Dns Institute	dns institute	dns institute	Room No 18/498 B31 Bus Stand Shopping Complex, Koyilandy, Kozhikode, Kerala	room number 18 498 b31 bus stand shopping complex koyilandy kozhikode kerala
train_source1	S1-889448973	YRI Spices Private Limited	yri spices private limited	yri spices	Unit No.903, Remi Commercio Bldg, Plot No. 14, 9Th Floor, Shah Industrial Estate, Andheri West, Mumbai, Mumbai City, Maharashtra	unit no903 remi commercio building plot number 14 9th floor shah industrial estate andheri west mumbai mumbai city maharashtra
train_source1	S1-925403791	12 30 Bhav	12 30 bhav	12 30 bhav	50 200, Unit OFFICE, Farmington, UT	50 200 unit office farmington ut
train_source1	S1-234200441	Packer Broadband LLC	packer broadband llc	packer broadband	535 Cox Lane, Minor Hill, TN	535 cox lane minor hill tn
train_source1	S1-354705482	Safe First Rockwool	safe first rockwool	safe first rockwool	323 Lake Elaine Road, Shelbyville, TN	323 lake elaine road shelbyville tn
train_source1	S1-37630161	Schiller Interprivate Partners	schiller interprivate partners	schiller interprivate partners	34 Indian Summer Court, Deatsville, AL	34 indian summer court deatsville al
train_source1	S1-763611874	Reina's Summit Engineering	reinas summit engineering	reinas summit engineering	MD, 4637 Harwich Drive, Waldorf	md 4637 harwich drive waldorf
train_source1	S1-285739773	Gobind & Sons	gobind and sons	gobind and sons	C/O Gaurav Kumar, Chand Choura Morcha Gali, Gaya, Bihar	c o gaurav kumar chand choura morcha gali gaya bihar
train_source1	S1-119279828	Patterson Travel	patterson travel	patterson travel	12962 Black Hills Drive, MN, Burnsville	12962 black hills drive mn burnsville
train_source1	S1-432139268	Clark & Hebert Jpmorgan LLC	clark and hebert jpmorgan llc	clark and hebert jpmorgan	7815 Mirage Valley Drive, Dallas, TX	7815 mirage valley drive dallas tx
train_source1	S1-580205927	Indo Projects Pvt Ltd	indo projects pvt ltd	indo projects	Sy No:710, Near Nuthankal Rice Mill Nuthankal, Medchal, Rangareddy, Telangana	sy no710 near nuthankal rice mill nuthankal medchal rangareddy telangana
train_source1	S1-119171444	Fresh Equity Laboratories	fresh equity laboratories	fresh equity laboratories	17834 Parker Road, Homer Glen, IL	17834 parker road homer glen il
train_source1	S1-584177675	Bangalore Vintrade Pvt Ltd	bangalore vintrade pvt ltd	bangalore vintrade	Ice Queens Amber No.006, 1St Cross, Omkar Nagar, Arekere Mico Layout Bannerghatta Road, Bangalore, Karnataka	ice queens amber no006 1st cross omkar nagar arekere mico layout bannerghatta road bangalore karnataka
train_source1	S1-761930510	Summit Anchor Good Inc	summit anchor good inc	summit anchor good	1101 Fulton Street, Hempstead, NY	1101 fulton street hempstead ny
train_source1	S1-197922151	Orbelle Quality Inc	orbelle quality inc	orbelle quality	6110 Trotting Place, Greensboro, NC	6110 trotting place greensboro nc
train_source1	S1-256602729	Developers Inova Preservation Ltd	developers inova preservation ltd	developers inova preservation	F/2, 1St Floor, Ashokraj Building, Off S. V. Road, Goregaon ( West), Mumbai, Mumbai City, Maharashtra	f 2 1st floor ashokraj building off south v road goregaon west mumbai mumbai city maharashtra
train_source1	S1-274090278	Baba Marketing Private Limited	baba marketing private limited	baba marketing	Hyderabad, H No 4-6-158/44 Plat No 44 Durga Nagar Nacharam, Hyderabad, Telangana	hyderabad h number 4 6 158 44 plat number 44 durga nagar nacharam hyderabad telangana
train_source1	S1-312481466	C I Fisher Allstate	c i fisher allstate	c i fisher allstate	111 Liberty Street, Victoria, TX	111 liberty street victoria tx
train_source1	S1-906079981	Radhakrishna Ship Private Limited	radhakrishna ship private limited	radhakrishna ship	108 B, Devika Tower, New Delhi, South Delhi, Delhi	108 b devika tower new delhi south delhi delhi
train_source1	S1-193918319	Keiser Abrdn LLC	keiser abrdn llc	keiser abrdn	15013 93rd Street, Vancouver, WA	15013 93rd street vancouver wa
train_source1	S1-928870866	Maddie Alexander Strategic Bitwise PLLC	maddie alexander strategic bitwise pllc	maddie alexander strategic bitwise pllc	821 Parkplace Ri, Princeton, TX	821 parkplace ri princeton tx
train_source1	S1-613445780	Radhey Advisors	radhey advisors	radhey advisors	M-18 And M-19 Half Ground Floor, Connaught Circus, New Delhi, Central Delhi, Delhi	m 18 and m 19 half ground floor connaught circus new delhi central delhi delhi
train_source1	S1-461369552	Zemanek Lithium P.C.	zemanek lithium pc	zemanek lithium pc	1401 Union Street, Lincoln, IL	1401 union street lincoln il
train_source1	S1-38402575	White Marketing Private Limited	white marketing private limited	white marketing	S. No 142/4, Cts No 5102, Fl No 1001, Bld No C, 10Th Floor, Aishwaryam Ventures, Pune City, Pune, Maharashtra	south number 142 4 cts number 5102 fl number 1001 bld number c 10th floor aishwaryam ventures pune city pune maharashtra
train_source1	S1-37338275	Mjm Energy Private Limited	mjm energy private limited	mjm energy	2104 Delmar Tower 2, Salunkhe Vihar Road, Near Reliance Mart, Pune, Maharashtra	2104 delmar tower 2 salunkhe vihar road near reliance mart pune maharashtra
train_source1	S1-543127091	Painters Local 46	painters local 46	painters local 46	6446 Ranier Lane, Maple Grove, MN	6446 ranier lane maple grove mn
train_source1	S1-340996011	IWM Hotels Private Limited	iwm hotels private limited	iwm hotels	House No 13Bank Enclave, Delhi, East Delhi, Delhi	house number 13bank enclave delhi east delhi delhi
train_source1	S1-606725408	Green Consulting Pvt Ltd	green consulting pvt ltd	green consulting	M-171, Greater Kailash-Ii, New Delhi, Delhi	m 171 greater kailash ii new delhi delhi
train_source1	S1-945115789	Volt Traders LLP	volt traders llp	volt traders	S. No. 464, Gouri Kirana Store, Tukaram Nagar, Shivaji School Road, Talwade, Pune, Maharashtra	south number 464 gouri kirana store tukaram nagar shivaji school road talwade pune maharashtra
train_source1	S1-639012333	Oncology Care	oncology care	oncology care	1809 Spencer Street, Greensboro, NC	1809 spencer street greensboro nc
train_source1	S1-473235417	Bowling Tire Shop, Inc	bowling tire shop inc	bowling tire shop	415 Perfect Run, Mountain Rest, SC	415 perfect run mountain rest sc
train_source1	S1-930984906	Shiv Blue Agro Limited	shiv blue agro limited	shiv blue agro	B-154, Basement Dayanand Colony, Lajpat Nagar Iv, Delhi, South Delhi, Delhi	b 154 basement dayanand colony lajpat nagar iv delhi south delhi delhi
train_source1	S1-862093695	Loveron LLC	loveron llc	loveron	39 River Oaks Drive, Unit C, Greensboro, NC	39 river oaks drive unit c greensboro nc
train_source1	S1-749000475	Anish Polytechnic Private Limited	anish polytechnic private limited	anish polytechnic	F-12/1, Nimmco Tiles Compound, Kalawade Naka, Midc, Tarapur-Boisar, Thane, Maharashtra	f 12 1 nimmco tiles compound kalawade naka midc tarapur boisar thane maharashtra
train_source1	S1-369632481	Grajales, Miller and Fuente PLLC	grajales miller and fuente pllc	grajales miller and fuente pllc	901 Yoakum Hollow Road, Jacksboro, TN	901 yoakum hollow road jacksboro tn
train_source1	S1-430604402	Countryman Oxford Inc	countryman oxford inc	countryman oxford	12360 502, Unit Gw2h, Venus, TX	12360 502 unit gw2h venus tx
train_source1	S1-538780979	Dwarka & Sons Private Limited	dwarka and sons private limited	dwarka and sons	C/O Vithal Gangaram Damgude H No 134 At Asni Taluka Velha, Pune, Maharashtra	c o vithal gangaram damgude h number 134 at asni taluka velha pune maharashtra
train_source1	S1-416469670	North Ventures Limited	north ventures limited	north ventures	H No, Je-33 A, New -127-Old Kh-55 Khirki Extension, Delhi, South Delhi, Delhi	h number je 33 a new 127 old kh 55 khirki extension delhi south delhi delhi
train_source1	S1-351025388	Clyus Americas LLC	clyus americas llc	clyus americas	8913 Stowers Lane, Collinsville, IL	8913 stowers lane collinsville il
train_source1	S1-960355473	Visionary & Sons Private Limited	visionary and sons private limited	visionary and sons	Ground Floor, Incor Opulence Gunjur Palya Road, Gunjur Village, Varthur, Bangalore, Flat No.G05, Karnataka, Bangalore	ground floor incor opulence gunjur palya road gunjur village varthur bangalore flat nog05 karnataka bangalore
train_source1	S1-453223583	Varshika Services Private Limited	varshika services private limited	varshika services	Bh. Ranibag Street, Amrut Sweet Vari Galima, Porbandar, Gujarat	bh ranibag street amrut sweet vari galima porbandar gujarat
train_source1	S1-571115458	Highland Fund LLC	highland fund llc	highland fund	CT, 62 Lake Drive, Madison	court 62 lake drive madison
train_source1	S1-143265439	Drayex Armour	drayex armour	drayex armour	312 Derby Lane, Unit 202, Lexington, NC	312 derby lane unit 202 lexington nc
train_source1	S1-220020462	Red Pizza	red pizza	red pizza	15 Wells Avenue, East Hartford, CT	15 wells avenue east hartford court
train_source1	S1-803676246	Laxmi Perfect It Private Limited	laxmi perfect it private limited	laxmi perfect it	Uttar Pradesh, Noida, 16Th Avenue, Gaur City 2, G.Noida West, Gautam Buddha Nagar, H-18057	uttar pradesh noida 16th avenue gaur city 2 gnoida west gautam buddha nagar h 18057
train_source1	S1-510772858	Life Agro Private Limited	life agro private limited	life agro	35, 26/2A/2, Anand Nagar, Pathardi, Tal. Pathardi, Pathardi, Ahmed Nagar, Maharashtra	35 26 2a 2 anand nagar pathardi tal pathardi pathardi ahmed nagar maharashtra
train_source1	S1-549011344	Delta Tactical	delta tactical	delta tactical	2169 Stringtown Road, Grove City, OH	2169 stringtown road grove city oh
train_source1	S1-350245409	Select Broadcast Networks	select broadcast networks	select broadcast networks	671 Main Street, Chartiers Township, PA	671 main street chartiers township pa
train_source1	S1-373457471	Vadodara Finance Private Limited	vadodara finance private limited	vadodara finance	Ark 04Th Floor Subplot No1 Of Plot No A/27, 28 & B/ 29-32 Part Shri Krishna Ind Estate Opp B, Idc Gorwa, Vadodara, Gujarat	ark 04th floor subplot no1 of plot number a 27 28 and b 29 32 part shri krishna ind estate opposite b idc gorwa vadodara gujarat
train_source1	S1-554902174	Arabela's Properties Inc.	arabelas properties inc	arabelas properties	4216 29, Crossville, AL	4216 29 crossville al
train_source1	S1-966940882	Fine & Co	fine and co	fine and	Bangalore, Karnataka, Prestige Falcon City, Kanakapura Main Road, Konanakunte Cross, Bangalore, Flat No. 51262	bangalore karnataka prestige falcon city kanakapura main road konanakunte cross bangalore flat number 51262
train_source1	S1-241670741	Biriva L.L.C.	biriva llc	biriva	Unit 1156, AZ, Phoenix, 24250 23rd Avenue	unit 1156 az phoenix 24250 23rd avenue
train_source1	S1-758075760	Bharat Investments	bharat investments	bharat investments	No 7, 3Rd Floor, N.W.A Club Road Market Sector Iv Market, West Punjabi Bagh, New Delhi, Delhi	number 7 3rd floor nwa club road market sector iv market west punjabi bagh new delhi delhi
train_source1	S1-773320212	Marathon Infoway Private Limited	marathon infoway private limited	marathon infoway	A-304, Pushpvan Apt. Nr. Ioc Pump Bodakdev, Ahmedabad, Gujarat	a 304 pushpvan apartment near ioc pump bodakdev ahmedabad gujarat
train_source1	S1-881005414	Liberty Montessori School	liberty montessori school	liberty montessori school	217 Talahi Road, Vienna Town, VA	217 talahi road vienna town va
train_source1	S1-100302483	Indrva Recycling Ltd	indrva recycling ltd	indrva recycling	B/3, Axay Park Society, Nr Jakatnaka Gorwa, Vadodara, Gujarat	b 3 axay park society near jakatnaka gorwa vadodara gujarat
train_source1	S1-692096873	Surgical Partners, L.L.C.	surgical partners llc	surgical partners	972 1285, Clinton, UT	972 1285 clinton ut
train_source1	S1-919267939	LX Electricalsprivate Private Limited	lx electricalsprivate private limited	lx electricalsprivate	M- 59 Baludhyan Road Uttam Nagar, New Delhi, West Delhi, Delhi	m 59 baludhyan road uttam nagar new delhi west delhi delhi
train_source1	S1-524979710	Platinum Aerospace Partners PC	platinum aerospace partners pc	platinum aerospace partners pc	114 Lindsay Court, Thomasville, NC	114 lindsay court thomasville nc
train_source1	S1-886802071	Infrastructure Industries Pvt. Ltd.	infrastructure industries pvt ltd	infrastructure industries	F.No 504, Svp Residency, Pno162A, Addagutta Society, Tirumalagiri, Hyderabad, Telangana	fno 504 svp residency pno162a addagutta society tirumalagiri hyderabad telangana
train_source1	S1-95264755	Krishna Memorial Trust	krishna memorial trust	krishna memorial trust	Parippallil House Tiruvalla Po, Paliakara, Pathanamthitta, Kerala	parippallil house tiruvalla po paliakara pathanamthitta kerala
train_source1	S1-558011533	Mumbai Infra Limited	mumbai infra limited	mumbai infra	B/103 Nirman Palacejijamatamarg Pump House Andheri East, Mumbai, Maharashtra	b 103 nirman palacejijamatamarg pump house andheri east mumbai maharashtra
train_source1	S1-874413333	Primary Care Classic Associates LLC	primary care classic associates llc	primary care classic associates	James City County, VA, 3005 London Company Way	james city county va 3005 london company way
train_source1	S1-671129885	Mara M. Snell, DMD	mara m snell dmd	mara m snell dmd	15911 Bazelbriar Lane, Missouri City, TX	15911 bazelbriar lane missouri city tx
train_source1	S1-803808238	Prairie Tidewater Inc	prairie tidewater inc	prairie tidewater	5414 Glover Park Drive, Upper Marlboro, MD	5414 glover park drive upper marlboro md
train_source1	S1-620608935	Urban Bistro PLLC	urban bistro pllc	urban bistro pllc	8560 9, Lewis, NY	8560 9 lewis ny
train_source1	S1-951609532	Chemico Traders Private Limited	chemico traders private limited	chemico traders	Site # 677, 1St Floor, 27Th Main Road, 13Th Cross Road, Hsr Layout, Sector 1, Bengaluru, K, Arnataka, Bengaluru, Bangalore, Karnataka	site 677 1st floor 27th main road 13th cross road hsr layout sector 1 bengaluru k arnataka bengaluru bangalore karnataka
train_source1	S1-568217118	Simms Osisko Inc	simms osisko inc	simms osisko	3113 Springdale Avenue, Glenview, IL	3113 springdale avenue glenview il
train_source1	S1-946744214	Btm Hitech Private Limited	btm hitech private limited	btm hitech	C-2, Sanjay Enclave, Main Rajapuri Road, New Delhi, West Delhi, Delhi	c 2 sanjay enclave main rajapuri road new delhi west delhi delhi
train_source1	S1-596007326	Best Lakshmi Power Private Limited	best lakshmi power private limited	best lakshmi power	A/203, Sunrise Plaza, Kasturi Garden, Ssm Road, Behind Maxus Mall, Bhayander W, Est, Bhayander, Thane, Maharashtra	a 203 sunrise plaza kasturi garden ssm road behind maxus mall bhayander west est bhayander thane maharashtra
train_source1	S1-104226194	Global Lotus Construction Pvt Ltd	global lotus construction pvt ltd	global lotus construction	A-212, Malhotra Complex, Gali No. Â 01, Vikas Marg, Shakarpur, Laxmi Nagar, East Delhi, Delhi	a 212 malhotra complex gali number â 01 vikas marg shakarpur laxmi nagar east delhi delhi
train_source1	S1-987152524	Preferred Education Global LLC	preferred education global llc	preferred education global	Columbus, OH, 1290 London Drive	columbus oh 1290 london drive
train_source1	S1-589253257	Future Management Private Limited	future management private limited	future management	C/O Shalini Singh, Village-Rampur Post- Bacchawan, Varanasi, Uttar Pradesh	c o shalini singh village rampur post bacchawan varanasi uttar pradesh
train_source1	S1-445455950	Blue Bike Shop	blue bike shop	blue bike shop	807 Jackson Boulevard, Unit 1-3, Jonesborough, TN	807 jackson boulevard unit 1 3 jonesborough tn
train_source1	S1-198728897	Luciana Williams Landscaping LLC	luciana williams landscaping llc	luciana williams landscaping	7165 Burke County Road, Hickory, NC	7165 burke county road hickory nc
train_source1	S1-279971988	Lee & Ginder, Inc.	lee and ginder inc	lee and ginder	460 Sunaire Terrace, Cincinnati, OH	460 sunaire terrace cincinnati oh
train_source1	S1-479239049	Palakkad Techno Private Limited	palakkad techno private limited	palakkad techno	No.12/189, Kelath Parambil (H), Kondurkara P.O Karakkad, Kalladipatta (Via), Palakkad, Kerala	no12 189 kelath parambil h kondurkara po karakkad kalladipatta via palakkad kerala
train_source1	S1-108314429	Supreme Dream It	supreme dream it	supreme dream it	Office No F-39, First Floor Eternity Commercial Premises, Lbs Marg, Teen Hath Naka, Thane, Maharashtra	office number f 39 first floor eternity commercial premises lbs marg teen hath naka thane maharashtra
train_source1	S1-700882543	Frontier Rent Inc	frontier rent inc	frontier rent	2785 14, Unit 1, Reidsville, NC	2785 14 unit 1 reidsville nc
train_source1	S1-805440050	Williams Automotive LLC	williams automotive llc	williams automotive	1157 Officers Row, WA, Vancouver	1157 officers row wa vancouver
train_source1	S1-710147242	ZM Gems Pvt Ltd	zm gems pvt ltd	zm gems	No. 257, Mezzanine Floor, 9Th A Main 3Rd Block, Jayanagar, Bangalore, Karnataka	number 257 mezzanine floor 9th a main 3rd block jayanagar bangalore karnataka
train_source1	S1-465082733	Sales Consultants Private Limited	sales consultants private limited	sales consultants	137, Sarabhai Society, Vadodara, Gujarat	137 sarabhai society vadodara gujarat
train_source1	S1-402994011	Puhl Global, Inc	puhl global inc	puhl global	1411 Seneca Court, Granbury, TX	1411 seneca court granbury tx
train_source1	S1-236963798	RO Atlantic Galaxy Inc	ro atlantic galaxy inc	ro atlantic galaxy	2119 Tipton Street, Seymour, IN	2119 tipton street seymour in
train_source1	S1-680585243	National Platinum Qdro Inc	national platinum qdro inc	national platinum qdro	MO, 105 Azalea Street, Duenweg	mo 105 azalea street duenweg
train_source1	S1-392245358	Physical Therapy Crystal Center	physical therapy crystal center	physical therapy crystal center	17 Ave H, Markham, TX	17 avenue h markham tx
train_source1	S1-521730978	Real Ace Investment Private Limited	real ace investment private limited	real ace investment	9-E Sunita Apartmentcumballa Hill 62 Pedder Road, Mumbai, Maharashtra	9 east sunita apartmentcumballa hill 62 pedder road mumbai maharashtra
train_source1	S1-103952189	Liex PC	liex pc	liex pc	9448 Lovat Road, Fulton, MD	9448 lovat road fulton md
train_source1	S1-691021205	Narvaez Vanguard Solutions	narvaez vanguard solutions	narvaez vanguard solutions	1070 County Road 2269, Cleveland, TX	1070 county road 2269 cleveland tx
train_source1	S1-532630246	PV Finance Pvt Ltd	pv finance pvt ltd	pv finance	S. No. 222/2, Kambagi, Bijapur, Bijapur(Kar), Karnataka	south number 222 2 kambagi bijapur bijapurkar karnataka
train_source1	S1-63162461	Apex Wholesale Concepts LLC	apex wholesale concepts llc	apex wholesale concepts	160 Brook Farm Road, Boston, MA	160 brook farm road boston ma
train_source1	S1-367965660	Poole, Goe and Voss, LLC	poole goe and voss llc	poole goe and voss	195 Myers Drive, Gurley, AL	195 myers drive gurley al
train_source1	S1-731133418	Lockport Arts Charities	lockport arts charities	lockport arts charities	542 4th Street, Lockport, IL	542 4th street lockport il
train_source1	S1-885630742	Clyara Motors LLC	clyara motors llc	clyara motors	216 Lake Avenue, City Of Crandon, WI	216 lake avenue city of crandon wi
train_source1	S1-807555566	American Cardiology	american cardiology	american cardiology	555 Woodside Avenue, Park City (summit Co), UT	555 woodside avenue park city summit co ut
train_source1	S1-401836525	Interstate Charities	interstate charities	interstate charities	170 Tiffany Nicole Lane, Lexington, TN	170 tiffany nicole lane lexington tn
train_source1	S1-796024407	Celinka Walters Ramaco LLC	celinka walters ramaco llc	celinka walters ramaco	2929 Dougherty Ferry Road, Unit APT 110, Saint Louis, MO	2929 dougherty ferry road unit apartment 110 saint louis mo
train_source1	S1-149887453	International August Heights Public Limited	international august heights public limited	international august heights public	Plno.7, Srushti Bangalow, Srno.119/4, Opp.My World, Haveli, Pune, Maharashtra	plno7 srushti bangalow srno119 4 oppmy world haveli pune maharashtra
train_source1	S1-823731657	CLI Taxable LLC	cli taxable llc	cli taxable	13274 Highway 51, Unit 5, Atoka, TN	13274 highway 51 unit 5 atoka tn
train_source1	S1-578641214	Sbi Traders Private Limited	sbi traders private limited	sbi traders	Maharashtra, Raigarh, Plot No-40, Krishna Heights, Sector-17, Ulwe Road, Flat No-1104, Ulwe	maharashtra raigarh plot number 40 krishna heights sector 17 ulwe road flat number 1104 ulwe
train_source1	S1-549086594	Sun Marketing Private Limited	sun marketing private limited	sun marketing	D- 8, Gf, Pandav Nagar, East Delhi, Delhi	d 8 gf pandav nagar east delhi delhi
train_source1	S1-21590818	D J & I Lng	d j and i lng	d j and i lng	26363 Carondelette Drive, Orange Beach, AL	26363 carondelette drive orange beach al
train_source1	S1-555090350	Star Consultancy LLP	star consultancy llp	star consultancy	103 Raja Gardenring Road, New Delhi, North Delhi, Delhi	103 raja gardenring road new delhi north delhi delhi
train_source1	S1-557511474	Raut Sangh	raut sangh	raut sangh	Perecherla, Guntur, Andhra Pradesh	perecherla guntur andhra pradesh
train_source1	S1-576220090	Premia Gaushala Private Limited	premia gaushala private limited	premia gaushala	C-126, Third Floor, Naraina Industrial Area, Phase-I, New Delhi, South West Delhi, Delhi	c 126 third floor naraina industrial area phase i new delhi south west delhi delhi
train_source1	S1-299278979	Siri Industries Limited	siri industries limited	siri industries	H. No. 223 Korain, Fatehpur, Uttar Pradesh	h number 223 korain fatehpur uttar pradesh
train_source1	S1-202490639	Future It Private Limited	future it private limited	future it	Shop No. 2, Ground Floor, Baba Arcade, B-Wing, Plot No. 711 & 712, Sector 11, Vashi, Navi Mumbai, Maharashtra	shop number 2 ground floor baba arcade b wing plot number 711 and 712 sector 11 vashi navi mumbai maharashtra
train_source1	S1-122618676	Rodgers Westin Inc	rodgers westin inc	rodgers westin	936 Emmer Street, Rolesville, NC	936 emmer street rolesville nc
train_source1	S1-144979450	Sanjay Seva Samiti Corporation	sanjay seva samiti corporation	sanjay seva samiti	Ff-8, Devkrupa Flora, Opp. Astha Complex, Ahmedabad, Gujarat	ff 8 devkrupa flora opposite astha complex ahmedabad gujarat
train_source1	S1-877733833	Torrens Preferred Nano	torrens preferred nano	torrens preferred nano	1895 Garretts Bend, Sod, WV	1895 garretts bend sod wv
train_source1	S1-51525259	Gsm Builders Private Limited	gsm builders private limited	gsm builders	Lg5, Toral Apt, Station Road Navsari, Navsari, Gujarat	lg5 toral apartment station road navsari navsari gujarat
train_source1	S1-945650918	Continental Family Office LP	continental family office lp	continental family office lp	135 Fred Drive, North East, MD	135 fred drive north east md
train_source1	S1-947166860	Apoorva Works Private Limited	apoorva works private limited	apoorva works	22/2791, Old Y Block, 6Th Street 12Th Main Road, Anna Nagar, Chennai, Tamil Nadu	22 2791 old y block 6th street 12th main road anna nagar chennai tamil nadu
train_source1	S1-243140298	Kestrel PLLC	kestrel pllc	kestrel pllc	9308 Cherry Hill Road, Unit 523, College Park, MD	9308 cherry hill road unit 523 college park md
train_source1	S1-694979060	Raj One Technology Pvt Ltd	raj one technology pvt ltd	raj one technology	C/O M/S Jindal Industries, Vill Alamgarh Abohar, Abohar, Firozpur, Punjab	c o m south jindal industries vill alamgarh abohar abohar firozpur punjab
train_source1	S1-429112441	Alankar Webtech of Berhampur	alankar webtech of berhampur	alankar webtech of berhampur	Gajapati Nagar-1St Lane Berhampur, Berhampur, Ganjam, Orissa	gajapati nagar 1st lane berhampur berhampur ganjam orissa
train_source1	S1-246462346	Empire American Vision Center LLC	empire american vision center llc	empire american vision center	8 Derry Park Drive, Unit 17, Middleborough, MA	8 derry park drive unit 17 middleborough ma
train_source1	S1-232082545	Pinnacle LLC	pinnacle llc	pinnacle	1656 Crooked Fork Road, Weston, WV	1656 crooked fork road weston wv
train_source1	S1-186761262	Jodhpur Health Private Limited	jodhpur health private limited	jodhpur health	B-35-36 Industry Estate, Jodhpur, Rajasthan, Jodhpur	b 35 36 industry estate jodhpur rajasthan jodhpur
train_source1	S1-100146655	Bricklayers Local Union 428	bricklayers local union 428	bricklayers local union 428	4268 Davis Hill Road, Scio, NY	4268 davis hill road scio ny
train_source1	S1-341291980	Oncology Care LLC	oncology care llc	oncology care	8905 Penrith Drive, Spotsylvania County, VA	8905 penrith drive spotsylvania county va
train_source1	S1-572730139	Kraft, Jobina, CPA Care	kraft jobina cpa care	kraft jobina cpa care	512 Colvard Woods, NC, Durham	512 colvard woods nc durham
train_source1	S1-594141325	Veterans Center LLC	veterans center llc	veterans center	1940 Mary Queen Road, City Of Green Bay, WI	1940 mary queen road city of green bay wi
train_source1	S1-401761505	Moran Staffing LLC	moran staffing llc	moran staffing	1902 Shamrock Road, Dothan, AL	1902 shamrock road dothan al
train_source1	S1-820196196	Mohanlalganj Infra Private Limited	mohanlalganj infra private limited	mohanlalganj infra	Beli Kalan, Gosainganj, Mohanlalganj, Lucknow, Uttar Pradesh	beli kalan gosainganj mohanlalganj lucknow uttar pradesh
train_source1	S1-81981566	American Oxley LLC	american oxley llc	american oxley	W197N4950 Hickory Street, Unit Apartment 303, Village Of Menomonee Falls, WI	w197n4950 hickory street unit apartment 303 village of menomonee falls wi
train_source1	S1-92690219	All Vanguard Pinnacle	all vanguard pinnacle	all vanguard pinnacle	15641 Regian Drive, Lindale, TX	15641 regian drive lindale tx
train_source1	S1-888167789	Eye Clinic Center	eye clinic center	eye clinic center	501 Harris Street, Madill, OK	501 harris street madill ok
train_source1	S1-942011133	Modern Systems Private Limited	modern systems private limited	modern systems	196-A Gujrat Societykanta Kunj Sion West, Mumbai, Maharashtra	196 a gujrat societykanta kunj sion west mumbai maharashtra
train_source1	S1-142288436	High Laxmi Investment	high laxmi investment	high laxmi investment	Faizabad, Uttar Pradesh, C/O Shri Amar Nath Shiv Nagar Colony, Faizabad, Pahar Ganj	faizabad uttar pradesh c o shri amar nath shiv nagar colony faizabad pahar ganj
train_source1	S1-119783341	Sun Consulting Limited	sun consulting limited	sun consulting	Ix/6372, Ground Floor, Netaji Gali, Gandhi Nagar, East Delhi, Delhi	ix 6372 ground floor netaji gali gandhi nagar east delhi delhi
train_source1	S1-328164935	Fiix LLC	fiix llc	fiix	4922 Port Royal Road, Unit A, Spring Hill, TN	4922 port royal road unit a spring hill tn
train_source1	S1-926243009	Linzy's Regional Pet Care LLC	linzys regional pet care llc	linzys regional pet care	Reynoldsburg, 6451 Old Church Way, OH	reynoldsburg 6451 old church way oh
train_source1	S1-376882708	Unified Aerospace Studios	unified aerospace studios	unified aerospace studios	1121 500, Unit 18, Salt Lake City, UT	1121 500 unit 18 salt lake city ut
train_source1	S1-400092918	Metropolitan Supply Dynamics Inc	metropolitan supply dynamics inc	metropolitan supply dynamics	284 B Commercial Street, Unit 2, Provincetown, MA	284 b commercial street unit 2 provincetown ma
train_source1	S1-419235241	Zirain Eco Limited	zirain eco limited	zirain eco	T-Hub Foundation 1/C 83/1, Level 6 Raidurg, Panmakth, Shaikpet, Hyderabad, Telangana	t hub foundation 1 c 83 1 level 6 raidurg panmakth shaikpet hyderabad telangana
train_source1	S1-724315493	Cobalt LP	cobalt lp	cobalt lp	3300 204th Street, Unit ROOM 12, WA, Lynnwood	3300 204th street unit room 12 wa lynnwood
train_source1	S1-336476210	Gonzalez Index of Englewood	gonzalez index of englewood	gonzalez index of englewood	607 Taywood Road, Englewood, OH	607 taywood road englewood oh
train_source1	S1-977818366	Dental Allied Medicine	dental allied medicine	dental allied medicine	5262 Clematis Way, West Jordan City, UT	5262 clematis way west jordan city ut
train_source1	S1-347171620	Firefighters Local 584	firefighters local 584	firefighters local 584	3494 State Rt 41, Troy, OH	3494 state rt 41 troy oh
train_source1	S1-346929118	Nectar & Associates of Phulwari	nectar and associates of phulwari	nectar and associates of phulwari	C/O Ratnesh Kumar, F.No-415B Lotus Apartment, Phulwari, Patna, Bihar	c o ratnesh kumar fno 415b lotus apartment phulwari patna bihar
train_source1	S1-561269090	Sirius	sirius	sirius	9102 Trickle Trace Trail, Round Rock, TX	9102 trickle trace trail round rock tx
train_source1	S1-640578446	Physical Therapy Medicine of Methuen LLC	physical therapy medicine of methuen llc	physical therapy medicine of methuen	59 Ford Street, Unit D, Methuen, MA	59 ford street unit d methuen ma
train_source1	S1-317610576	Fatehnagar Power Pvt Ltd	fatehnagar power pvt ltd	fatehnagar power	C/O Kamal Nayan Agarwal Kalyan Furniture, Main Market, Fatehnagar, Udaipur, Rajasthan	c o kamal nayan agarwal kalyan furniture main market fatehnagar udaipur rajasthan
train_source1	S1-398084502	Halcyon LLC	halcyon llc	halcyon	6600 Capitol Drive, Greenbelt, MD	6600 capitol drive greenbelt md
train_source1	S1-429137290	Xenon Products Limited	xenon products limited	xenon products	Block A-5, Mianwali Nagar, Paschim Vihar, West Delhi, Delhi, New Delhi, H.No. 10	block a 5 mianwali nagar paschim vihar west delhi delhi new delhi hno 10
train_source1	S1-256480068	Kshatriya (India) Logistics LLP	kshatriya india logistics llp	kshatriya india logistics	H.No.24 A T Umbarni, Village Tal Kalyan Dist, Kalyan, Thane, Maharashtra	hno24 a t umbarni village tal kalyan dist kalyan thane maharashtra
train_source1	S1-375348297	United Foods LLC	united foods llc	united foods	4455 Hodge Road, Memphis, TN	4455 hodge road memphis tn
train_source1	S1-415042128	Ujala Public School	ujala public school	ujala public school	Thrissur, Room No.6/404 D1 Mary Land Complex, Thrissur, Kerala, Venginessery P O	thrissur room no6 404 d1 mary land complex thrissur kerala venginessery p o
train_source1	S1-410228098	Caa Center	caa center	caa center	VA, Campbell County, 1310 Chapel Grove Road	va campbell county 1310 chapel grove road
train_source1	S1-460033462	FYJ Apparels Private Limited	fyj apparels private limited	fyj apparels	No.1 19Th Street K.K.Nagar, Chennai, Tamil Nadu	no1 19th street kknagar chennai tamil nadu
train_source1	S1-317952287	High Food LLP	high food llp	high food	No 25/18, W H Hanumanthappa Road Gandhinagar, Bangalore, Karnataka	number 25 18 west h hanumanthappa road gandhinagar bangalore karnataka
train_source1	S1-615534064	Bidar Resources Private Limited	bidar resources private limited	bidar resources	Houseno.40, Humnabad Road, Sidda Basava Colony, Bidar, Karnataka	houseno40 humnabad road sidda basava colony bidar karnataka
train_source1	S1-616272752	Continental Leapfrog	continental leapfrog	continental leapfrog	372 Round Pond Lane, Greece, NY	372 round pond lane greece ny
train_source1	S1-441322	Evangeline Chase Invesco LLC	evangeline chase invesco llc	evangeline chase invesco	13809 43rd Avenue, Spokane, WA	13809 43rd avenue spokane wa
train_source1	S1-391141182	East Beyond	east beyond	east beyond	2950 Dothan Street, Memphis, TN	2950 dothan street memphis tn
train_source1	S1-950174003	HTP Technology Private Limited	htp technology private limited	htp technology	Patparganj, 344, New Delhi, Sita Ram Appartments Plot No- 102, Ip Extention, Delhi	patparganj 344 new delhi sita ram appartments plot number 102 ip extention delhi
train_source1	S1-175633133	Suyash Ventures Private Limited	suyash ventures private limited	suyash ventures	D.No.9-47/36/3, Gf-103, Dtr, Mansion, Vaibhav Nagar, Visakhapatnam (Rural), Visakhapatnam, Vishakhapatnam, Andhra Pradesh	dno9 47 36 3 gf 103 dtr mansion vaibhav nagar visakhapatnam rural visakhapatnam vishakhapatnam andhra pradesh
train_source1	S1-644411036	Steele Express Bhav LLC	steele express bhav llc	steele express bhav	400 6th Street, Scotts Mills, OR	400 6th street scotts mills or
train_source1	S1-762958682	Bharathi Pharmaceuticals LLP	bharathi pharmaceuticals llp	bharathi pharmaceuticals	H No. S No. 140 A/3/1, Green Park, Morewadi Road, Kolhapur, Maharashtra	h number south number 140 a 3 1 green park morewadi road kolhapur maharashtra
train_source1	S1-78424718	Lord Engineering Corporation	lord engineering corporation	lord engineering	5/157, Madarwadi, Farrukh, Uttar Pradesh, Farrukhabad, Uttar Pradesh	5 157 madarwadi farrukh uttar pradesh farrukhabad uttar pradesh
train_source1	S1-925057409	Portillo & Pierre Processing	portillo and pierre processing	portillo and pierre processing	Unit 2821, OK, 157 Stonebridge Boulevard, Edmond	unit 2821 ok 157 stonebridge boulevard edmond
train_source1	S1-181609420	India Ssp Sea Limited	india ssp sea limited	india ssp sea	81, Western Gateway Road, M.P. Sharma Compound, Meerut, Delhi	81 western gateway road mp sharma compound meerut delhi
train_source1	S1-613244295	Mountain Cornerstone Constellation, LLC	mountain cornerstone constellation llc	mountain cornerstone constellation	3170 Farm Road 125, Springfield, MO	3170 farm road 125 springfield mo
train_source1	S1-441593499	Mathis Colonial Fitness Corp	mathis colonial fitness corp	mathis colonial fitness	305 Downing Glen Drive, Morrisville, NC	305 downing glen drive morrisville nc
train_source1	S1-506720235	Strategic Pioneer Priority Inc.	strategic pioneer priority inc	strategic pioneer priority	1216 Lakeside Drive, Harpers Ferry, WV	1216 lakeside drive harpers ferry wv
train_source1	S1-735268637	Unified Tri-State Uranium	unified tri state uranium	unified tri state uranium	3669 Shoal Creek Road, Goodspring, TN	3669 shoal creek road goodspring tn
train_source1	S1-67628861	Nsn Scientific (India) Private Limited	nsn scientific india private limited	nsn scientific india	1St Flr, Kagalwala House, C Block, Metro Es 175, Cst Road, Kalina, Santacruz East, Mumbai, Mumbai City, Maharashtra	1st floor kagalwala house c block metro es 175 cst road kalina santacruz east mumbai mumbai city maharashtra
train_source1	S1-951104915	Hancock and Cummings	hancock and cummings	hancock and cummings	4721 Emerald Avenue, Mesa, AZ	4721 emerald avenue mesa az
train_source1	S1-867129763	Lopez International PLLC	lopez international pllc	lopez international pllc	6014 Merwin Chase Road, Brookfield, OH	6014 merwin chase road brookfield oh
train_source1	S1-211026051	Gandhinagar Trading Private Limited	gandhinagar trading private limited	gandhinagar trading	B 306 Swagat Rainforest 2, Koba - Kudasan Highway Opp. Swaminarayan Dham, Kudasan, Gandhinagar, Gandhinagar, Gandhi Nagar, Gujarat	b 306 swagat rainforest 2 koba kudasan highway opposite swaminarayan dham kudasan gandhinagar gandhinagar gandhi nagar gujarat
train_source1	S1-650106134	Testa Analytics	testa analytics	testa analytics	1777 Orlando Road, Columbus, OH	1777 orlando road columbus oh
train_source1	S1-110295930	PF Bread LLC	pf bread llc	pf bread	Jonesborough, TN, 492 Taylor Bridge Road	jonesborough tn 492 taylor bridge road
train_source1	S1-954886409	Novial Hills LLC	novial hills llc	novial hills	OH, Columbus, 507 Evergreen Terrace	oh columbus 507 evergreen terrace
train_source1	S1-911365600	Palacios Signature Ship Inc	palacios signature ship inc	palacios signature ship	18665 Rosman Highway, Sapphire, NC	18665 rosman highway sapphire nc
train_source1	S1-796183067	Gillett, Agyeman and Gagliardo Maywood LLC	gillett agyeman and gagliardo maywood llc	gillett agyeman and gagliardo maywood	7108 2nd Street, Fl 1, Scottsdale, AZ	7108 2nd street fl 1 scottsdale az
train_source1	S1-401074421	Chau Minerals LLC	chau minerals llc	chau minerals	1620 Belmont Street, Unit B, Washington, DC	1620 belmont street unit b washington dc
train_source1	S1-147057413	PK Premier Morgan LLC	pk premier morgan llc	pk premier morgan	4420 Beaver Vista Road, Rimrock, AZ	4420 beaver vista road rimrock az
train_source1	S1-397900824	FFB Construction Pvt Ltd	ffb construction pvt ltd	ffb construction	Delhi, Shop No 133, 1St Floor, Vardhman Premium Mall, North West Delhi	delhi shop number 133 1st floor vardhman premium mall north west delhi
train_source1	S1-241872490	Diaz, Winn and Gomez PC	diaz winn and gomez pc	diaz winn and gomez pc	Fuquay Varina, NC, 1204 Tobacco Barn Road	fuquay varina nc 1204 tobacco barn road
train_source1	S1-571376605	Sunshine Health Private Limited	sunshine health private limited	sunshine health	C-380, D.S.I.D.C. Narela Industrial Area, Narela, North Delhi, Delhi	c 380 dsidc narela industrial area narela north delhi delhi
train_source1	S1-25587016	Beacon Highland Solar LLC	beacon highland solar llc	beacon highland solar	69 Brayton Avenue, Unit 3, Fall River, MA	69 brayton avenue unit 3 fall river ma
train_source1	S1-335752330	Ranna Brill Certified Vulcan Upper Allen Township	ranna brill certified vulcan upper allen township	ranna brill certified vulcan upper allen township	413 Reservoir Road, Upper Allen Township, PA	413 reservoir road upper allen township pa
train_source1	S1-339696594	Montex Mckinley	montex mckinley	montex mckinley	6655 Juniper Avenue, Twentynine Palms, CA	6655 juniper avenue twentynine palms ca
train_source1	S1-277159753	Bayer Golden Pelican Inc	bayer golden pelican inc	bayer golden pelican	1715 Woodbrooke Drive, Salisbury, MD	1715 woodbrooke drive salisbury md
train_source1	S1-652651286	Mumbai Marine Pvt Ltd	mumbai marine pvt ltd	mumbai marine	Godown No-2A Sunderville, Mumbai, Maharashtra, Mumbai City, Co-Operative Society Ltd S.V.Road, Next To Vijay Sales, Santacruz, (West)	godown number 2a sunderville mumbai maharashtra mumbai city co operative society ltd svroad next to vijay sales santacruz west
train_source1	S1-931180841	Pegasus LLC	pegasus llc	pegasus	1115 Carroll Street, Brooklyn, NY	1115 carroll street brooklyn ny
train_source1	S1-943874235	Shakti Global LLP	shakti global llp	shakti global	B-19, 1St Floor, Commercial Complex Dr Mukherjee Nagar, Delhi, North West, Delhi	b 19 1st floor commercial complex drive mukherjee nagar delhi north west delhi
train_source1	S1-909532705	Perea Liberty Bioscience, LLC	perea liberty bioscience llc	perea liberty bioscience	N4752 Christopher Road, Town Of Lowville, WI	n4752 christopher road town of lowville wi
train_source1	S1-716346194	Enus Creative Peace Associates	enus creative peace associates	enus creative peace associates	754 Quinnipiac Lane, Unit Unit B, Stratford, CT	754 quinnipiac lane unit unit b stratford court
train_source1	S1-920710760	Kalyankari Sangh Care	kalyankari sangh care	kalyankari sangh care	D-81-Old-D-422 Siddharth Nagar, Jaipur, Rajasthan	d 81 old d 422 siddharth nagar jaipur rajasthan
train_source1	S1-735283511	Maa Surya Services Limited	maa surya services limited	maa surya services	Nagpur, Dhantoli, 8-Meera Appartment Opposite Yashwant Stadium, Maharashtra	nagpur dhantoli 8 meera appartment opposite yashwant stadium maharashtra
train_source1	S1-541962667	Prime Pinnacle Chs LP	prime pinnacle chs lp	prime pinnacle chs lp	8540 Robinia Street, Fontana, CA	8540 robinia street fontana ca
train_source1	S1-158306158	Beacon Property Brands Inc.	beacon property brands inc	beacon property brands	1061 Shannon Avenue, Barberton, OH	1061 shannon avenue barberton oh
train_source1	S1-330916229	Juliane's Painting PLLC	julianes painting pllc	julianes painting pllc	18935 Pasadena Avenue, Maricopa County, AZ	18935 pasadena avenue maricopa county az
train_source1	S1-124208550	Aurlie Barton Twelve Inc.	aurlie barton twelve inc	aurlie barton twelve	Kansas City, 3131 139th Street, KS	kansas city 3131 139th street ks
train_source1	S1-476022166	Elite Environmental Worldwide	elite environmental worldwide	elite environmental worldwide	87 Conner Road, Campbell County, VA	87 conner road campbell county va
train_source1	S1-491232871	Marthena Mowrer, P.A.	marthena mowrer pa	marthena mowrer pa	AR, 2703 55th Street, Rogers, Unit Apt 203	ar 2703 55th street rogers unit apartment 203
train_source1	S1-307045007	Sandoval First Pelican Inc.	sandoval first pelican inc	sandoval first pelican	485 Gettysburg Drive, Sylva, NC	485 gettysburg drive sylva nc
train_source1	S1-862715502	Skytech Vinimay Limited	skytech vinimay limited	skytech vinimay	House No. 18-P, Sector-45, Gurugram, Sector -45, Gurgaon, Haryana	house number 18 p sector 45 gurugram sector 45 gurgaon haryana
train_source1	S1-663284662	Krishna Infra Private Limited	krishna infra private limited	krishna infra	24/1/1, Alipore Road, 3Rd Floor, Kolkata, Kolkata, Howrah, West Bengal	24 1 1 alipore road 3rd floor kolkata kolkata howrah west bengal
train_source1	S1-435735212	Juniper	juniper	juniper	12831 6th Street, Unit Suite B, Lillian, AL	12831 6th street unit suite b lillian al
train_source1	S1-368357600	Prakruti India Corporation	prakruti india corporation	prakruti india	Icono One World Centre, #03, Plot No.21, Sector 24, Turbhe, Navi Mumbai, Thane, Maharashtra	icono one world centre 03 plot no21 sector 24 turbhe navi mumbai thane maharashtra
train_source1	S1-51590630	Cobalt Inc	cobalt inc	cobalt	936 Cascades Drive, Mckinney, TX	936 cascades drive mckinney tx
train_source1	S1-51122580	Dhairya Industrial Private Limited	dhairya industrial private limited	dhairya industrial	6/6 Viveknagar Jadavpur, Kolkata, South 24 Parganas, West Bengal	6 6 viveknagar jadavpur kolkata south 24 parganas west bengal
train_source1	S1-730279779	Anallise Martinez Blue Fuse LLC	anallise martinez blue fuse llc	anallise martinez blue fuse	Jacksonville, NC, Unit 201N, 203 Valencia Drive	jacksonville nc unit 201n 203 valencia drive
train_source1	S1-357200984	Economic Development Center	economic development center	economic development center	658 Harmony Drive, Roseburg, OR	658 harmony drive roseburg or
train_source1	S1-533049965	Innovative Hospitality Private Limited	innovative hospitality private limited	innovative hospitality	101/106 Anjani Complexparrera Hill Road Off Andheri Kurla Road Andheri East, Mumbai, Maharashtra	101 106 anjani complexparrera hill road off andheri kurla road andheri east mumbai maharashtra
train_source1	S1-178488255	Thattamala P.O Foundation Private Limited	thattamala po foundation private limited	thattamala po foundation	Thattamala P.O, Kerala, Building No.Vp Ix/9B Nadayil Vadakkathil, Devi Nagar-09, Palathara, C/O Jayalal, Kollam	thattamala po kerala building novp ix 9b nadayil vadakkathil devi nagar 09 palathara c o jayalal kollam
train_source1	S1-223283080	Young Builders, Inc	young builders inc	young builders	1935 Apache Boulevard, Unit 3005, Tempe, AZ	1935 apache boulevard unit 3005 tempe az
train_source1	S1-684205378	Primary Care Health	primary care health	primary care health	633 Main Street, Cairo, OH	633 main street cairo oh
train_source1	S1-325106163	Premier Marketing Private Limited	premier marketing private limited	premier marketing	956/34, Cherickal House, Cherickal Lane, Pallom, Kottayam, Kerala, Kottayam, Kerala	956 34 cherickal house cherickal lane pallom kottayam kerala kottayam kerala
train_source1	S1-973414824	Premier Minerals Inc	premier minerals inc	premier minerals	34815 Schwalm Road, Kenai Peninsula Borough, AK	34815 schwalm road kenai peninsula borough ak
train_source1	S1-149302771	Dermatology Associates Inc	dermatology associates inc	dermatology associates	660 Forest Glen Drive, Valparaiso, IN	660 forest glen drive valparaiso in
train_source1	S1-950101048	Anand Services Private Limited	anand services private limited	anand services	209 G.K.House, 187A Sant Nagar East Of Kailash, Newdelhi, Delhi	209 gkhouse 187a sant nagar east of kailash newdelhi delhi
train_source1	S1-809295456	Indrya (india) Pvt Ltd	indrya india pvt ltd	indrya india	1835C Ward Bhausingi Road, Kolhapur, Karvir, Kolhapur, Maharashtra	1835c ward bhausingi road kolhapur karvir kolhapur maharashtra
train_source1	S1-23124190	Madyne L.L.C.	madyne llc	madyne	519 Solberg Drive, Kalispell, MT	519 solberg drive kalispell mt
train_source1	S1-234439628	Solstice Clinic	solstice clinic	solstice clinic	337 Central Avenue, Unit Unit A, Lawrence, NY	337 central avenue unit unit a lawrence ny
train_source1	S1-524765559	Anand Food Private Limited	anand food private limited	anand food	Room No 201, Sai Malhar Sadan, Phoolpada Road Virar East, Mumbai, Mumbai City, Maharashtra	room number 201 sai malhar sadan phoolpada road virar east mumbai mumbai city maharashtra
train_source1	S1-796310218	Squitieri's Smart Pet Care LP	squitieris smart pet care lp	squitieris smart pet care lp	204 Cheryl Avenue, Bedford, TX	204 cheryl avenue bedford tx
train_source1	S1-719801396	Jarlova Uranium Inc	jarlova uranium inc	jarlova uranium	2340 Georgetown Avenue, Toledo, OH	2340 georgetown avenue toledo oh
train_source1	S1-201376315	E/I World	e i world	e i world	VA, 117 Elliot Street, Augusta County	va 117 elliot street augusta county
train_source1	S1-289717548	Eustacia D. Ortiz, D.C., PC	eustacia d ortiz dc pc	eustacia d ortiz dc pc	1680 Hendersonville Road, Unit G6, Asheville, NC	1680 hendersonville road unit g6 asheville nc
train_source1	S1-739118392	Silver Energy Private Limited	silver energy private limited	silver energy	508, 5Th Floor, Paras Trinity, Sector-63, Gurgaon, Haryana	508 5th floor paras trinity sector 63 gurgaon haryana
train_source1	S1-996684915	Agrawal Solutions Pvt Ltd	agrawal solutions pvt ltd	agrawal solutions	51/B Embassey Apt 46 Nepean Sea Road, Bombay, Mumbai City, Maharashtra	51 b embassey apartment 46 nepean sea road bombay mumbai city maharashtra
train_source1	S1-898355913	Maxy Freeman Pacific Odyssey P.C.	maxy freeman pacific odyssey pc	maxy freeman pacific odyssey pc	111 Boardman Street, Unit 1, Boston, MA	111 boardman street unit 1 boston ma
train_source1	S1-563382731	Montgomery Preparatory Academy	montgomery preparatory academy	montgomery preparatory academy	El Paso County, TX, 444 Claiborne Street	el paso county tx 444 claiborne street
train_source1	S1-264272517	Primary Care Center Inc	primary care center inc	primary care center	18285 Crestline Drive, Lake Oswego, OR	18285 crestline drive lake oswego or
train_source1	S1-47921351	Sarasansh Polymers	sarasansh polymers	sarasansh polymers	5, Chandwar Gate, Firozabad, Uttar Pradesh	5 chandwar gate firozabad uttar pradesh
train_source1	S1-961941107	Solanki Trust	solanki trust	solanki trust	No.4 (Kalabhyraveswara Temple Premises) Double Road 4Th Stage, Beml Layout, Rajarajeshwari N, Agar, Bangalore, Karnataka	no4 kalabhyraveswara temple premises double road 4th stage beml layout rajarajeshwari north agar bangalore karnataka
train_source1	S1-423126373	Purva Brothers Private Limited	purva brothers private limited	purva brothers	C-101 Bhukant Vihar, Awho Lda Colony, Lucknow, Uttar Pradesh	c 101 bhukant vihar awho lda colony lucknow uttar pradesh
train_source1	S1-316932948	Dev Enterprises	dev enterprises	dev enterprises	Plot No -1.2.3 Annta Enclave Pol No-1/13, Bulandshahar, Up, Bulandshahar, Bulandshahr, Uttar Pradesh	plot number 123 annta enclave pol number 1 13 bulandshahar up bulandshahar bulandshahr uttar pradesh
train_source1	S1-216179293	Johnson Exchange	johnson exchange	johnson exchange	8145 Ice House Canyon Road, Globe, AZ	8145 ice house canyon road globe az
train_source1	S1-160840431	AI Stellar Co	ai stellar co	ai stellar	1112 Lancaster Way, Sacramento, CA	1112 lancaster way sacramento ca
train_source1	S1-820630138	HZS Vii LLC	hzs vii llc	hzs vii	Charlotte, NC, 1421 Seneca Place	charlotte nc 1421 seneca place
train_source1	S1-878632015	Cresent Sweets Ltd	cresent sweets ltd	cresent sweets	No.14, Avaiyar Street, Subramaniar Nagar Z1, Suramangalam, Krishnagiri, Salem, Tamil Nadu	no14 avaiyar street subramaniar nagar z1 suramangalam krishnagiri salem tamil nadu
train_source1	S1-795631320	Smart Trading Private Limited	smart trading private limited	smart trading	Flat No-1/22, Vijaya Enclave Nb, Bangalore South, Bangalore, Karnataka	flat number 1 22 vijaya enclave nb bangalore south bangalore karnataka
train_source1	S1-381177686	Software El Fruits Ltd	software el fruits ltd	software el fruits	Shop No. G-14, Riddhi Siddhi Tower Sector 5, Vidhyadhar Nagar, Jaipur, Rajasthan	shop number g 14 riddhi siddhi tower sector 5 vidhyadhar nagar jaipur rajasthan
train_source1	S1-354038358	Apeksha Technologies (India) Care	apeksha technologies india care	apeksha technologies india care	14 Shreya Nagar, Hubli, Dharwad, Dharwar, Karnataka	14 shreya nagar hubli dharwad dharwar karnataka
train_source1	S1-337240153	Huff Allegro	huff allegro	huff allegro	7261 Mimosa Lane, Dallas, TX	7261 mimosa lane dallas tx
train_source1	S1-975769032	Barahona Metropolitan Public	barahona metropolitan public	barahona metropolitan public	338 Woodcrest Street, Rialto, CA	338 woodcrest street rialto ca
train_source1	S1-891539767	Nabha Marketing Private Limited	nabha marketing private limited	nabha marketing	2E/14, First Floor Jhandenwala Extension, New Delhi, Delhi	2e 14 first floor jhandenwala extension new delhi delhi
train_source1	S1-212949733	Jhajjar Solutions Private Limited	jhajjar solutions private limited	jhajjar solutions	V.P.O. Chaman Pura, Jhajjar, Haryana	vpo chaman pura jhajjar haryana
train_source1	S1-384388496	Big Builders Private Limited	big builders private limited	big builders	S/O Bhairu Lal Joshi Shiv, Shankar Temple Ward 29, Bijainagar, Ajmer, Rajasthan	south o bhairu lal joshi shiv shankar temple ward 29 bijainagar ajmer rajasthan
train_source1	S1-212460801	Clyyn Pan PLLC	clyyn pan pllc	clyyn pan pllc	209 Simpson Road, Marlborough, MA	209 simpson road marlborough ma
train_source1	S1-722578559	1488 Center Place Holdings	1488 center place holdings	1488 center place holdings	1202 Dry Creek Road, Ellensburg, WA	1202 dry creek road ellensburg wa
train_source1	S1-422936323	Ivenic Enterprises	ivenic enterprises	ivenic enterprises	101 Sessions Avenue, Enterprise, AL	101 sessions avenue enterprise al
train_source1	S1-645147697	Wildlife Center	wildlife center	wildlife center	1020 43rd Street, Minot, ND	1020 43rd street minot nd
train_source1	S1-25965321	Jayam Advisors Pvt Ltd	jayam advisors pvt ltd	jayam advisors	No.71, Ist Floor 3Rd Main, Prashanthanagar, Bangalore, Karnataka	no71 ist floor 3rd main prashanthanagar bangalore karnataka
train_source1	S1-658336143	Bharat Projects Private Limited	bharat projects private limited	bharat projects	Wz-1390/12B, Near Janakpuri D Block Pankha Road, Nagal Rai, New Delhi, West Delhi, Delhi	wz 1390 12b near janakpuri d block pankha road nagal rai new delhi west delhi delhi
train_source1	S1-251311978	Banks and Ratcliff Bread LLC	banks and ratcliff bread llc	banks and ratcliff bread	1504 2nd Avenue, Eugene, OR	1504 2nd avenue eugene or
train_source1	S1-589634567	D 5 W James LP	d 5 w james lp	d 5 w james lp	232 Belt Boulevard, Richmond City, VA	232 belt boulevard richmond city va
train_source1	S1-942301043	Qunaque Realty LLC	qunaque realty llc	qunaque realty	102 Spencer, Mesa, AZ	102 spencer mesa az
train_source1	S1-392902135	Sampat Enterprises LLP	sampat enterprises llp	sampat enterprises	Plot No. 22, Harikrishna Enclave, Shivaji Nagar, Nagpur, Flat No. 601, Nagpur, Maharashtra	plot number 22 harikrishna enclave shivaji nagar nagpur flat number 601 nagpur maharashtra
train_source1	S1-745300796	Supreme Perimeter Inc.	supreme perimeter inc	supreme perimeter	159 Allen Road, Bldg POST OFFICE, Billerica, MA	159 allen road building post office billerica ma
train_source1	S1-869118709	Southern Healthcare Private Limited	southern healthcare private limited	southern healthcare	D-10 Empire Residency Nea, R Agarwal Public School, Indore, Madhya Pradesh	d 10 empire residency nea r agarwal public school indore madhya pradesh
train_source1	S1-219401270	Calodyne LLC	calodyne llc	calodyne	1729 Foxhall Drive, Rocky Mount, NC	1729 foxhall drive rocky mount nc
train_source1	S1-471497067	Bombay Media LLP	bombay media llp	bombay media	Fattepuria Niwas Old Cotton Market, Wardha, Maharashtra	fattepuria niwas old cotton market wardha maharashtra
train_source1	S1-895337107	Belicia's Jewelers	belicias jewelers	belicias jewelers	2590 Twin Landing Cove, Fl 0, Annapolis, MD	2590 twin landing cove fl 0 annapolis md
train_source1	S1-735713081	Mount Cathedral	mount cathedral	mount cathedral	4130 18, Unit Unit C, Edmeston, NY	4130 18 unit unit c edmeston ny
train_source1	S1-30166617	New Life Cathedral	new life cathedral	new life cathedral	Houston, TX, 5610 Truett Street	houston tx 5610 truett street
train_source1	S1-351491429	Chhpyana Marketing Partners	chhpyana marketing partners	chhpyana marketing partners	Uttar Pradesh, Chhpyana, F-25 Khn No 273 Khatu Shy, Ghaziabad, Chipyana Buzurg	uttar pradesh chhpyana f 25 khn number 273 khatu shy ghaziabad chipyana buzurg
train_source1	S1-749745623	Borst and Simmons	borst and simmons	borst and simmons	2 Cranford Drive, Clarkstown, NY	2 cranford drive clarkstown ny
train_source1	S1-64966742	Blue Travel LP	blue travel lp	blue travel lp	13108 Mulranny Drive, Homer Glen, IL	13108 mulranny drive homer glen il
train_source1	S1-279736597	Atlantic Coalition II LLC	atlantic coalition ii llc	atlantic coalition ii	210 Beech Street, Newport, KY	210 beech street newport ky
train_source1	S1-344557977	Smart Industries Private Limited	smart industries private limited	smart industries	D-32, New Ashok Nagar New Delhi, New Delhi, East Delhi, Delhi	d 32 new ashok nagar new delhi new delhi east delhi delhi
train_source1	S1-104662239	Highland Dynamic Sports	highland dynamic sports	highland dynamic sports	Newport News City, VA, 1354 24th Street	newport news city va 1354 24th street
train_source1	S1-307708702	Apple Vanijya (India) Corp	apple vanijya india corp	apple vanijya india	14F/1M Dum Dum Road, Kolkata, Howrah, West Bengal	14f 1m dum dum road kolkata howrah west bengal
train_source1	S1-482286138	Dermatology Care Associates	dermatology care associates	dermatology care associates	35080 N Fork Road, Kenai Peninsula Borough, AK	35080 north fork road kenai peninsula borough ak
train_source1	S1-122637196	Classic Atlantic Prime LLC	classic atlantic prime llc	classic atlantic prime	48 Atlantic Drive, Split Pine, WV	48 atlantic drive split pine wv
train_source1	S1-821523654	Bath County All Emerging	bath county all emerging	bath county all emerging	150 Old Germantown Road, Bath County, VA	150 old germantown road bath county va
train_source1	S1-184201555	Y 4 Anchor Series	y 4 anchor series	y 4 anchor series	25870 Unity Lane, Unit 63, West Harrison, IN	25870 unity lane unit 63 west harrison in
train_source1	S1-470841570	Cultural Institute	cultural institute	cultural institute	4065 Boulevard Place, Indianapolis, IN	4065 boulevard place indianapolis in
train_source1	S1-166332747	Orthopedic Cascade Clinic LLC	orthopedic cascade clinic llc	orthopedic cascade clinic	11203 Lynette Court, Spotsylvania County, VA	11203 lynette court spotsylvania county va
train_source1	S1-791107630	Paschim Puri Pumps Private Limited	paschim puri pumps private limited	paschim puri pumps	205, Capital Tower, Inder Enclave, Paschim Puri, New Delhi, Delhi	205 capital tower inder enclave paschim puri new delhi delhi
train_source1	S1-354336647	Green Solutions LLP	green solutions llp	green solutions	C2Hiramanek Soc Nr Sharda, Petrol Pump Chandkheda, Ahmedabad, Gujarat	c2hiramanek soc near sharda petrol pump chandkheda ahmedabad gujarat
train_source1	S1-360225492	Best Shivam Solutions Private Limited	best shivam solutions private limited	best shivam solutions	Plot No: Idco Plot No. 19/A Ganeshwarpur, Januganj, Balasore, Orissa	plot number idco plot number 19 a ganeshwarpur januganj balasore orissa
train_source1	S1-570676783	Samidha & Associates Private Limited	samidha and associates private limited	samidha and associates	House No 115 Kargaina Pilibhit, Pilibhit, Uttar Pradesh	house number 115 kargaina pilibhit pilibhit uttar pradesh
train_source1	S1-109545202	Diamond Nutrition Technologies Inc.	diamond nutrition technologies inc	diamond nutrition technologies	801 Cannonside Dr, Louisville, KY	801 cannonside drive louisville ky
train_source1	S1-728032080	Roopesh (india)	roopesh india	roopesh india	1014, 10Th Floor, B Wing Mittal Tower 6/47, Mg Road, Banglore., 6/47, Mg Road, Banglore., Karnataka	1014 10th floor b wing mittal tower 6 47 mg road banglore 6 47 mg road banglore karnataka
train_source1	S1-985181624	Pulp Servicesprivate Private Limited	pulp servicesprivate private limited	pulp servicesprivate	Plot No. 247, Industrial Area Nangla, Faridabad, Haryana	plot number 247 industrial area nangla faridabad haryana
train_source1	S1-407845038	Ballard, Gradilla and Mccarthy Inc	ballard gradilla and mccarthy inc	ballard gradilla and mccarthy	930 Clarice Street, Grand Prairie, TX	930 clarice street grand prairie tx
train_source1	S1-549370199	Gonzales Holdings Group Inc	gonzales holdings group inc	gonzales holdings group	220 Ruthann Drive, Lucasville, OH	220 ruthann drive lucasville oh
train_source1	S1-476132624	Jamison, Zimmer and Juarez Inc	jamison zimmer and juarez inc	jamison zimmer and juarez	Unit APT F, 7783 Newport Way, IN, Indianapolis	unit apartment f 7783 newport way in indianapolis
train_source1	S1-598823125	Vision Specialists of Willow Springs Inc	vision specialists of willow springs inc	vision specialists of willow springs	8623 Arizona Trail, Willow Springs, IL	8623 arizona trail willow springs il
train_source1	S1-546751738	Holloway Medical	holloway medical	holloway medical	Everett, 121 Linden Street, Unit 2, MA	everett 121 linden street unit 2 ma
train_source1	S1-564193651	First Textile Partners LLC	first textile partners llc	first textile partners	27081 Shirley Avenue, Euclid, OH	27081 shirley avenue euclid oh
train_source1	S1-882796400	Helpful General Private Limited	helpful general private limited	helpful general	2803, Redwood, Runwal Greens, Mulund-Goregaon Link Road, Bhandup West, Mumbai, Mumbai City, Maharashtra	2803 redwood runwal greens mulund goregaon link road bhandup west mumbai mumbai city maharashtra
train_source1	S1-387747643	Bonney Lake Veterans Guild	bonney lake veterans guild	bonney lake veterans guild	12404 208th Avenue, Bonney Lake, WA	12404 208th avenue bonney lake wa
train_source1	S1-64915886	All Golden Trading	all golden trading	all golden trading	Madhya Pradesh, 91, Indore, Saket Nagar	madhya pradesh 91 indore saket nagar
train_source1	S1-901695846	Lopez, Cortez and Custard LP	lopez cortez and custard lp	lopez cortez and custard lp	5 Industrial Loop Road, Hannibal, MO	5 industrial loop road hannibal mo
train_source1	S1-657278286	Katrine's Cascade Services	katrines cascade services	katrines cascade services	129 Wamel Way, Cedar Creek, TX	129 wamel way cedar creek tx
train_source1	S1-863544866	Grand & Sons Private Limited	grand and sons private limited	grand and sons	D-516, Site C Surajpur, Housing Greater Noida, Noida, Gautam Buddha Nagar, Uttar Pradesh	d 516 site c surajpur housing greater noida noida gautam buddha nagar uttar pradesh
train_source1	S1-355053030	Sb Advisors	sb advisors	sb advisors	142B Gali No.6 Vipin Garden Extention, New Delhi, West Delhi, Delhi	142b gali no6 vipin garden extention new delhi west delhi delhi
train_source1	S1-943567301	Mary Murphy, O.D., P.C.	mary murphy od pc	mary murphy od pc	581 Noble Commons Circle, Supply, NC	581 noble commons circle supply nc
train_source1	S1-549730361	Velasco Financial, LLC	velasco financial llc	velasco financial	Mentor, OH, 8385 Munson Road	mentor oh 8385 munson road
train_source1	S1-596431100	Smart Education Systems	smart education systems	smart education systems	2007 Mechanic Court, Vacaville, CA	2007 mechanic court vacaville ca
train_source1	S1-521605108	Mayur & Co	mayur and co	mayur and	S-1, Dda Local Shopping Compex, Mayur Vihar, Phase-1, Delhi, East Delhi, Delhi	south 1 dda local shopping compex mayur vihar phase 1 delhi east delhi delhi
train_source1	S1-289853373	Dynamic Investment Pvt Ltd	dynamic investment pvt ltd	dynamic investment	Flat No.A 202, Swapnadeep Apartment Kacheri Road, Near Station, Karjat, Raigarh, Maharashtra	flat noa 202 swapnadeep apartment kacheri road near station karjat raigarh maharashtra
train_source1	S1-474310615	Pytel, Clark & Deloach Regions LLC	pytel clark and deloach regions llc	pytel clark and deloach regions	33 Sausalito Drive, Amherst, NY	33 sausalito drive amherst ny
train_source1	S1-988797326	Malad West Communications Private Limited	malad west communications private limited	malad west communications	Mumbai, 2 Darnus Niwas Yashoda Smruti, Maharashtra, Malad West, Nadiadwala Chl No 2 S V Rd	mumbai 2 darnus niwas yashoda smruti maharashtra malad west nadiadwala chl number 2 south v road
train_source1	S1-703703543	Cultural Charities Inc.	cultural charities inc	cultural charities	142 32nd Avenue, Eugene, OR	142 32nd avenue eugene or
train_source1	S1-280987053	Wang Housing LLC	wang housing llc	wang housing	5602 Grimes Avenue, Harlingen, TX	5602 grimes avenue harlingen tx
train_source1	S1-126920508	Hotel Shiva Tech Private Limited	hotel shiva tech private limited	hotel shiva tech	Bihar, Patna, 212, Ashiana Tower, Exhibition Road, Phulwari	bihar patna 212 ashiana tower exhibition road phulwari
train_source1	S1-271585788	Tirupati Power	tirupati power	tirupati power	West Delhi, Wz-2D, New Delhi, Nangli Zalib B-1 Janak Puri, Delhi	west delhi wz 2d new delhi nangli zalib b 1 janak puri delhi
train_source1	S1-204931911	Vimoix Smart Wholesale	vimoix smart wholesale	vimoix smart wholesale	NC, 55 Garner Road, Selma	nc 55 garner road selma
train_source1	S1-178384024	Advait Spinners	advait spinners	advait spinners	12, House No.-24, Street No-12C, Sepco Township, Durgapur Mc, Bardhaman, West Bengal	12 house number 24 street number 12c sepco township durgapur mc bardhaman west bengal
train_source1	S1-856667356	Laxmi Services Limited	laxmi services limited	laxmi services	W/O Balwinder Ram, Shop No. 5 Railway Road, Garhshankar, Hoshiarpur, Punjab	west o balwinder ram shop number 5 railway road garhshankar hoshiarpur punjab
train_source1	S1-732613749	Strategic Equity Enterprises	strategic equity enterprises	strategic equity enterprises	1128 Wooddale Church Road, Knoxville, TN	1128 wooddale church road knoxville tn
train_source1	S1-380839864	Baptist Crystal Services	baptist crystal services	baptist crystal services	5284 6150, Hooper, UT	5284 6150 hooper ut
train_source1	S1-486296456	Asset Building Fellowship	asset building fellowship	asset building fellowship	1510 Beaumont Street, Sheppard Afb, TX	1510 beaumont street sheppard afb tx
train_source1	S1-852026470	Arya Traders Company	arya traders company	arya traders	Unit No.301 To 304, 3Rd Floor, Cresent Royale, Cts No 7201N3, Vill.Oshiwara, Taluka Andheri, Veer, A Desai Rd, Off New Link Rd Andheri West Mumbai, Mumbai City, Maharashtra	unit no301 to 304 3rd floor cresent royale cts number 7201n3 villoshiwara taluka andheri veer a desai road off new link road andheri west mumbai mumbai city maharashtra
train_source1	S1-895409233	Elysia's Therapy Corp	elysias therapy corp	elysias therapy	584 Christine Drive, Vacaville, CA	584 christine drive vacaville ca
train_source1	S1-797931932	Electronic Wellness Networks, Inc	electronic wellness networks inc	electronic wellness networks	11903 Oak Street, Jenks, OK	11903 oak street jenks ok
train_source1	S1-584499457	Tucker Heritage Restaurant LLC	tucker heritage restaurant llc	tucker heritage restaurant	4777 Casey Lane, Phoenix, AZ	4777 casey lane phoenix az
train_source1	S1-298019640	Harding, Perrine L., MD	harding perrine l md	harding perrine l md	2844 Neely Store Road, Rock Hill, SC	2844 neely store road rock hill sc
train_source1	S1-92668465	Garciamartinez & Schorr Holdings LLC	garciamartinez and schorr holdings llc	garciamartinez and schorr holdings	2204 Lea Crest Drive, Dallas, TX	2204 lea crest drive dallas tx
train_source1	S1-562441786	Appleby and Salgado Suma	appleby and salgado suma	appleby and salgado suma	11657 Breyman Avenue, Portland, OR	11657 breyman avenue portland or
train_source1	S1-560649724	Snyder Brookfield	snyder brookfield	snyder brookfield	775 Chatham Avenue, Elmhurst, IL	775 chatham avenue elmhurst il
train_source1	S1-834788095	Sanchez Crystal Royce	sanchez crystal royce	sanchez crystal royce	323 32nd Avenue, IA, Clinton	323 32nd avenue ia clinton
train_source1	S1-589719894	Dulcinea Thomas Rmg P.C.	dulcinea thomas rmg pc	dulcinea thomas rmg pc	9488 Schmidt Road, West Sparta, NY	9488 schmidt road west sparta ny
train_source1	S1-772116613	Behavioral Health Silver Clinic Inc	behavioral health silver clinic inc	behavioral health silver clinic	13822 Northvalley Drive, Hagerstown, MD	13822 northvalley drive hagerstown md
train_source1	S1-966027321	Probst & Duran Newhold LLC	probst and duran newhold llc	probst and duran newhold	Boston, 31 Floyd Street, MA	boston 31 floyd street ma
train_source1	S1-577969980	North Arrow LLC	north arrow llc	north arrow	44 Seward Avenue, Port Jervis, NY	44 seward avenue port jervis ny
train_source1	S1-673553033	Transnational Impex (India) Private Limited	transnational impex india private limited	transnational impex india	112/340, Swaroop Nagar, Second Floor, Kesa Colony, Kanpur Nagar, Uttar Pradesh	112 340 swaroop nagar second floor kesa colony kanpur nagar uttar pradesh
train_source1	S1-206477802	Rocky Institute	rocky institute	rocky institute	13 Ralph Boulevard, Unit Unit 214, Ramapo, NY	13 ralph boulevard unit unit 214 ramapo ny
train_source1	S1-298646564	Zar Academy Private Limited	zar academy private limited	zar academy	Ram-Krishna, Co-Operative Society, Near Durga Chowk, No. 20, Gorewada, Maharashtra, Nagpur	ram krishna co operative society near durga chowk number 20 gorewada maharashtra nagpur
train_source1	S1-777555607	Digital Ventures Limited	digital ventures limited	digital ventures	New Delhi, Hari Nagar Extention Baderpur, South Delhi, 12-C, Delhi	new delhi hari nagar extention baderpur south delhi 12 c delhi
train_source1	S1-388246740	Krajewski Strategic Miluna	krajewski strategic miluna	krajewski strategic miluna	106 Potash Bay, Addison, VT	106 potash bay addison vt
train_source1	S1-379154805	Banuelos Resources	banuelos resources	banuelos resources	1640 Maiden Lane, Albemarle County, VA	1640 maiden lane albemarle county va
train_source1	S1-947431711	Halcium Fisheries	halcium fisheries	halcium fisheries	713 W First St, Madrid, IA	713 west first street madrid ia
train_source1	S1-737368602	Knobloch & Foster Inc	knobloch and foster inc	knobloch and foster	17142 58th Street, Bellevue, WA	17142 58th street bellevue wa
train_source1	S1-706591875	Congregation Lutheran Church	congregation lutheran church	congregation lutheran church	Unit 22, 7905 Crows Nest Court, Laurel, MD	unit 22 7905 crows nest court laurel md
train_source1	S1-365672071	Hari Enterprises Private Limited	hari enterprises private limited	hari enterprises	No. 29, K.H. Road, Bangalore South, Bangalore, Karnataka	number 29 kh road bangalore south bangalore karnataka
train_source1	S1-603318865	Shoshana Rude Express Limited LLC	shoshana rude express limited llc	shoshana rude express	21215 Cold Spring Lane, Cornelius, NC	21215 cold spring lane cornelius nc
train_source1	S1-630839433	Chiropractic Associates Inc.	chiropractic associates inc	chiropractic associates	511 55th Street, Renton, WA	511 55th street renton wa
train_source1	S1-721254668	Ss Estate Private Limited	ss estate private limited	ss estate	1/1/1B Paikpara Row, Kolkata, Howrah, West Bengal	1 1 1b paikpara row kolkata howrah west bengal
train_source1	S1-676187388	Ajc Projects Private Limited	ajc projects private limited	ajc projects	6-106, Srinivasa Nagar Colony Ghandamguda, Hyderabad, Telangana	6 106 srinivasa nagar colony ghandamguda hyderabad telangana
train_source1	S1-537121104	EM Beneficial Pvt. Ltd.	em beneficial pvt ltd	em beneficial	Ground Floor 1448, Sector-6, Karnal, Haryana	ground floor 1448 sector 6 karnal haryana
train_source1	S1-299628100	GZO Tri-State Home Improvements LLC	gzo tri state home improvements llc	gzo tri state home improvements	729 Harry Shirley Road, Kearneysville, WV	729 harry shirley road kearneysville wv
train_source1	S1-995742594	Jo Ann Avants Multimedia Inc	jo ann avants multimedia inc	jo ann avants multimedia	108 Sudbury Lane, Unit Apartment B, Amherst, NY	108 sudbury lane unit apartment b amherst ny
train_source1	S1-392214139	Jk College	jk college	jk college	515, Palm Spring Centre, Link Road, Malad West, Mumbai, Maharashtra	515 palm spring centre link road malad west mumbai maharashtra
train_source1	S1-952136084	Golden Wellness International LLC	golden wellness international llc	golden wellness international	4871 Hannover Avenue, Fl 0, Saint Louis, MO	4871 hannover avenue fl 0 saint louis mo
train_source1	S1-582600323	Lingle & Hara Opportunity LLC	lingle and hara opportunity llc	lingle and hara opportunity	MT, Florence, 16210 Queen Anne Lane	mt florence 16210 queen anne lane
train_source1	S1-967514668	Chiropractic Center of Keller	chiropractic center of keller	chiropractic center of keller	3813 Drexmore Road, Keller, TX	3813 drexmore road keller tx
train_source1	S1-157183174	Vinny Fernandez Advisory Associates	vinny fernandez advisory associates	vinny fernandez advisory associates	142 W Grandiflora Drive, Wallace, NC	142 west grandiflora drive wallace nc
train_source1	S1-836401682	Express Aerospace Associates Inc.	express aerospace associates inc	express aerospace associates	107 Beaver Creek Drive, Portland, TN	107 beaver creek drive portland tn
train_source1	S1-412010600	Anc Trading Private Limited	anc trading private limited	anc trading	Nashik, Shop No.1 Ganesh Nagar Tq Kalwan Dist Nashik, Nashik, Maharashtra	nashik shop no1 ganesh nagar tq kalwan dist nashik nashik maharashtra
train_source1	S1-552549808	Primary Care Physicians of Yelm	primary care physicians of yelm	primary care physicians of yelm	10049 Terra Court, Fl 1, Yelm, WA	10049 terra court fl 1 yelm wa
train_source1	S1-226564818	Literacy Fund LLC	literacy fund llc	literacy fund	414 B White Oak Street, High Point, NC	414 b white oak street high point nc
train_source1	S1-473606105	Kinna Stewart Centurion LLC	kinna stewart centurion llc	kinna stewart centurion	34800 Lake Shore Boulevard, Unit 101~104, Eastlake, OH	34800 lake shore boulevard unit 101104 eastlake oh
train_source1	S1-55790876	Darcy Hyperliquid Inc	darcy hyperliquid inc	darcy hyperliquid	62 Fountain Lane, Avondale, WV	62 fountain lane avondale wv
train_source1	S1-442205824	Orthopedic Specialists PC	orthopedic specialists pc	orthopedic specialists pc	Andover, VT, 2448 Hill Road	andover vt 2448 hill road
train_source1	S1-567672228	Mains All Carlyle	mains all carlyle	mains all carlyle	2008 Th Jones Mill Way, Salado, TX	2008 th jones mill way salado tx
train_source1	S1-858093716	Secure Nutrition Services	secure nutrition services	secure nutrition services	1405 Hearn Avenue, Bessemer, AL	1405 hearn avenue bessemer al
train_source1	S1-817125131	Element	element	element	6 Portland Avenue, Old Orchard Beach, ME	6 portland avenue old orchard beach me
train_source1	S1-168226168	Vista & Sons LLP	vista and sons llp	vista and sons	A/36 Pallaspali, Near Air Port, Bhubaneswar, Khordha, Orissa	a 36 pallaspali near air port bhubaneswar khordha orissa
train_source1	S1-927776130	Golden Hypnosis	golden hypnosis	golden hypnosis	2194 Kevos Pond Drive, Poulsbo, WA	2194 kevos pond drive poulsbo wa
train_source1	S1-597401517	Red Hypnosis	red hypnosis	red hypnosis	552 Mill Creek Road, Dongola, IL	552 mill creek road dongola il
train_source1	S1-30151590	Juliette's Security Services	juliettes security services	juliettes security services	5507 194th Lane, Maricopa County, AZ	5507 194th lane maricopa county az
train_source1	S1-175016539	Seneva LLC	seneva llc	seneva	2810 Golden Drive, Seattle, WA	2810 golden drive seattle wa
train_source1	S1-585509512	Urban Energy Private Limited	urban energy private limited	urban energy	C-37 Surajmal Vihar, Delhi, East Delhi, Delhi	c 37 surajmal vihar delhi east delhi delhi
train_source1	S1-898630961	Best Infra Limited	best infra limited	best infra	Naman Centre, C-31, Bandra Kurla Complex, G-Block, Opp Dena Bank, Mumbai, Maharashtra	naman centre c 31 bandra kurla complex g block opposite dena bank mumbai maharashtra
train_source1	S1-580432162	Stephens and Billington LLC	stephens and billington llc	stephens and billington	7530 Kane Court, Northfield, OH	7530 kane court northfield oh
train_source1	S1-88817160	Natka Beagle Pinnacle Hologram	natka beagle pinnacle hologram	natka beagle pinnacle hologram	1040 Cleveland Street, City Of Wisconsin Rapids, WI	1040 cleveland street city of wisconsin rapids wi
train_source1	S1-227354877	Shanie Garrett, D.O.	shanie garrett do	shanie garrett do	40 William Street, Unit 409, MA, Wellesley	40 william street unit 409 ma wellesley
train_source1	S1-553712807	Meon	meon	meon	2221 24th Street, Muskogee, OK	2221 24th street muskogee ok
train_source1	S1-388700492	Shakti Care Private Limited	shakti care private limited	shakti care	Plot No.3 Survey No.90/4 &91/2Dam Road Villae Manor Taluka Palghar Dist.Thana 4, 01403, Thane, Maharashtra	plot no3 survey no90 4 and 91 2dam road villae manor taluka palghar distthana 4 01403 thane maharashtra
train_source1	S1-238511000	Miller, Cathers & Silverman	miller cathers and silverman	miller cathers and silverman	Woodburn, 4502 Center Street, IN	woodburn 4502 center street in
train_source1	S1-626922669	Vineeta Hospital Pvt. Ltd.	vineeta hospital pvt ltd	vineeta hospital	5/504, Swami Samarth Darshan, Sant Sena Maharaj Marg, 2Nd Kumbharwada, Girgaon, Mumbai, Kolhapur, Maharashtra	5 504 swami samarth darshan sant sena maharaj marg 2nd kumbharwada girgaon mumbai kolhapur maharashtra
train_source1	S1-428709431	Mclaurin Dynamic LLC	mclaurin dynamic llc	mclaurin dynamic	2530 Main Street, Hurricane, WV	2530 main street hurricane wv
train_source1	S1-299742816	Physical Therapy Green Specialists LLC	physical therapy green specialists llc	physical therapy green specialists	26600 Maryland Camp Road, Millsboro, DE	26600 maryland camp road millsboro de
train_source1	S1-383350674	Dental United Care LLC	dental united care llc	dental united care	Pattonville, 1429 County Road 14500, TX	pattonville 1429 county road 14500 tx
train_source1	S1-909955989	New Consultancy LLP	new consultancy llp	new consultancy	Shop No. 17, Gopal Arcade Poll No. Z-27Ext, Jabalpur, Madhya Pradesh	shop number 17 gopal arcade poll number z 27ext jabalpur madhya pradesh
train_source1	S1-216798062	Synlinor Partners LLC	synlinor partners llc	synlinor partners	446 West Court, Fl 0, Glen Burnie, MD	446 west court fl 0 glen burnie md
train_source1	S1-772468356	Bajrang Shankar	bajrang shankar	bajrang shankar	Shop No. 120, Citadel, Palace Orchard Hsg. Soc., S. No. 09, Undri, Pune, Maharashtra	shop number 120 citadel palace orchard hsg soc south number 09 undri pune maharashtra
train_source1	S1-908800416	Northern Hamilton Inc	northern hamilton inc	northern hamilton	146 12th Street, Unit A, New Philadelphia, OH	146 12th street unit a new philadelphia oh
train_source1	S1-27002930	Benton Wholesale	benton wholesale	benton wholesale	Sterling Ranch, 8445 Old Ski Run Circle, Unit 102, CO	sterling ranch 8445 old ski run circle unit 102 co
train_source1	S1-615389185	Dawson Investments Inc	dawson investments inc	dawson investments	123 3rd Street, Molalla, OR	123 3rd street molalla or
train_source1	S1-674323954	Patriot First Publishing Inc	patriot first publishing inc	patriot first publishing	132 Sugar Toms Lane, Oyster Bay, NY	132 sugar toms lane oyster bay ny
train_source1	S1-404818756	Green Complete Hair Studio Care	green complete hair studio care	green complete hair studio care	6918 Raceway Court, Mason, OH	6918 raceway court mason oh
train_source1	S1-85210897	Life & Brothers Limited	life and brothers limited	life and brothers	C/O Santam Singh D Arora Cross Collage Road Opp Jakattithal Road, Valsad, Gujarat	c o santam singh d arora cross collage road opposite jakattithal road valsad gujarat
train_source1	S1-625041866	Super 44 Auto Body Clinic	super 44 auto body clinic	super 44 auto body clinic	387 Marguerite Avenue, South Floral Park, NY	387 marguerite avenue south floral park ny
train_source1	S1-784078088	Silver Abrdn LLC	silver abrdn llc	silver abrdn	221 Parkway Drive, OK, Moore	221 parkway drive ok moore
train_source1	S1-661173194	Zeal Transport Company	zeal transport company	zeal transport	Madhya Pradesh, Jabalpur, H.No.136, Ravindra Nagar, Adhartal	madhya pradesh jabalpur hno136 ravindra nagar adhartal
train_source1	S1-21376915	Jai Tirupati Services Private Limited	jai tirupati services private limited	jai tirupati services	Plot No.7/2, Ground Floor, Amar Jyothi Colony, Tirumalagiri, Hyderabad, Telangana	plot no7 2 ground floor amar jyothi colony tirumalagiri hyderabad telangana
train_source1	S1-857915278	Chandravi Investment Ltd	chandravi investment ltd	chandravi investment	Survey No.34/8, Mitcon College Balewadi, Baner, Pune, Maharashtra	survey no34 8 mitcon college balewadi baner pune maharashtra
train_source1	S1-535787043	Summit Freight P.C.	summit freight pc	summit freight pc	6507 Western Avenue, Chicago, IL	6507 western avenue chicago il
train_source1	S1-582702190	KKX State Inc	kkx state inc	kkx state	205 D M Court, AR, Pearcy	205 d m court ar pearcy
train_source1	S1-72252837	Upper Strategic Navios Inc.	upper strategic navios inc	upper strategic navios	3915 Shane Court, Denison, TX	3915 shane court denison tx
train_source1	S1-557729317	Buor Holding Company LLC	buor holding company llc	buor holding	139 Hampshire Road, Methuen, MA	139 hampshire road methuen ma
train_source1	S1-44450013	Hyacinth Teague, D.C., PC	hyacinth teague dc pc	hyacinth teague dc pc	7640 Casablanca Drive, Tucson, AZ	7640 casablanca drive tucson az
train_source1	S1-244210172	Sky Producer Pvt Ltd	sky producer pvt ltd	sky producer	Own House, Koparkhairne Village, Nr.Hanuman Mandir Koparkhairne (West), Navi Mumbai, Raigarh, Maharashtra	own house koparkhairne village nrhanuman mandir koparkhairne west navi mumbai raigarh maharashtra
train_source1	S1-545839168	Merla Bagwell Complete Media, Inc	merla bagwell complete media inc	merla bagwell complete media	85 India Row, Unit 30-E, Boston, MA	85 india row unit 30 east boston ma
train_source1	S1-829420372	Dental Physicians LLC	dental physicians llc	dental physicians	245 Indian Lake Boulevard, Unit E308, Hendersonville, TN	245 indian lake boulevard unit e308 hendersonville tn
train_source1	S1-424170762	Martinez Advanced Miluna PLLC	martinez advanced miluna pllc	martinez advanced miluna pllc	314 Iroquois Road, Hillside, IL	314 iroquois road hillside il
train_source1	S1-859740925	Rohini Gum Pvt Ltd	rohini gum pvt ltd	rohini gum	G-7, Shanti Apptt., Plot No. 7/1 Sec. - 13, Rohini, New Delhi, Delhi	g 7 shanti apptt plot number 7 1 sec 13 rohini new delhi delhi
train_source1	S1-285660164	Sunrise Dynamic Trading Private Limited	sunrise dynamic trading private limited	sunrise dynamic trading	38 Baroda Avenue, Garia, Kolkata, Parganas South, West Bengal	38 baroda avenue garia kolkata parganas south west bengal
train_source1	S1-722435697	Innovative Integrated Dome Inc	innovative integrated dome inc	innovative integrated dome	218 Railroad Avenue, Souderton Borough, PA	218 railroad avenue souderton borough pa
train_source1	S1-28205922	Green Aerospace Company	green aerospace company	green aerospace	Richmond, KY, 613 Beaumont Court	richmond ky 613 beaumont court
train_source1	S1-829987371	Amber Sizzle Inc	amber sizzle inc	amber sizzle	2128 Elmwood Drive, Isle Of Wight County, VA	2128 elmwood drive isle of wight county va
train_source1	S1-385338713	Safe Pioneer Legato LLC	safe pioneer legato llc	safe pioneer legato	21107 Deodora Drive, Chesterfield County, VA	21107 deodora drive chesterfield county va
train_source1	S1-271520763	Kota Technologies Sangareddy Private Limited	kota technologies sangareddy private limited	kota technologies sangareddy	7-121 H.No 3-12/A Ameenpur Village Patancheru Mandal, Sangareddy, Medak, Telangana	7 121 hno 3 12 a ameenpur village patancheru mandal sangareddy medak telangana
train_source1	S1-702535028	Leyla's Advertising	leylas advertising	leylas advertising	683 Bluebird Lane, Cincinnati, OH	683 bluebird lane cincinnati oh
train_source1	S1-864658047	Radhekrishna & Co	radhekrishna and co	radhekrishna and	958 Nana Peth Melani Park Flat No A 3, Pune, Maharashtra	958 nana peth melani park flat number a 3 pune maharashtra
train_source1	S1-701003373	Sampson & Cunningham LLC	sampson and cunningham llc	sampson and cunningham	23560 259th Street, Mc Louth, KS	23560 259th street mc louth ks
train_source1	S1-924467624	Midwest Federation	midwest federation	midwest federation	6815 Hartwood Lane, Fairfax County, VA	6815 hartwood lane fairfax county va
train_source1	S1-818679709	Naylor Pediatrics, Inc	naylor pediatrics inc	naylor pediatrics	1225 Hollywood Avenue, Dallas, TX	1225 hollywood avenue dallas tx
train_source1	S1-106011786	Continental Printing Studios	continental printing studios	continental printing studios	7258 Highway 144, Philpot, KY	7258 highway 144 philpot ky
train_source1	S1-546702803	Shaikpet (india) Private Limited	shaikpet india private limited	shaikpet india	Tvr Mansion, Plot No.666, Rd No.34, Near Madhapur Metro Station, Shaikpet, Hyderabad, Telangana	tvr mansion plot no666 road no34 near madhapur metro station shaikpet hyderabad telangana
train_source1	S1-658439443	Central Products Private Limited	central products private limited	central products	C/O Satendra Verma, 224, Nizampur Malhaur Nizampur, Lucknow, Uttar Pradesh	c o satendra verma 224 nizampur malhaur nizampur lucknow uttar pradesh
train_source1	S1-608967311	Dimond & Sons Private Limited	dimond and sons private limited	dimond and sons	73, 6 Th Cross, Ramachandrappa Layout, Bangalore, Karnataka	73 6 th cross ramachandrappa layout bangalore karnataka
train_source1	S1-680008372	Solar Solutions Private Limited	solar solutions private limited	solar solutions	8124, Sector - C, Pocket - 8 Vasant Kunj, New Delhi, South West Delhi, Delhi	8124 sector c pocket 8 vasant kunj new delhi south west delhi delhi
train_source1	S1-621761582	Dynamic Properties Pvt Ltd	dynamic properties pvt ltd	dynamic properties	39-17-48/1, Main Road, Near 48 Busstop, Visakhapatnam (Urban), Visakhapatnam, Vishakhapatnam, Andhra Pradesh	39 17 48 1 main road near 48 busstop visakhapatnam urban visakhapatnam vishakhapatnam andhra pradesh
train_source1	S1-349458496	Clear Construction Holdings	clear construction holdings	clear construction holdings	3706 Nanz Ave, KY, Saint Matthews	3706 nanz avenue ky saint matthews
train_source1	S1-851769617	Ear Nose & Throat Group LLC	ear nose and throat group llc	ear nose and throat group	225 Mcalpine Drive, Fl 0, Saint Louis, MO	225 mcalpine drive fl 0 saint louis mo
train_source1	S1-156869488	Salim College Inc.	salim college inc	salim college	11115 Heartleaf Aster Way, Cypress, TX	11115 heartleaf aster way cypress tx
train_source1	S1-727634534	Pichardo, Meeker & Peterson LLC	pichardo meeker and peterson llc	pichardo meeker and peterson	1058 Linden Avenue, Wilmette, IL	1058 linden avenue wilmette il
train_source1	S1-853993166	Education Clean Alliance Group	education clean alliance group	education clean alliance group	89 Meadowbrook Country Club Estate, Ballwin, MO	89 meadowbrook country club estate ballwin mo
train_source1	S1-882698520	Peoples & Mulligan Associates	peoples and mulligan associates	peoples and mulligan associates	TX, 8215 Canja Drive, Fort Worth	tx 8215 canja drive fort worth
train_source1	S1-893318925	Straight Edge Book Store LP	straight edge book store lp	straight edge book store lp	MD, 1333 Yorktown Road, Fl 0, Annapolis	md 1333 yorktown road fl 0 annapolis
train_source1	S1-948768038	Happy Tattoo	happy tattoo	happy tattoo	17062 Rand Drive, Fountain Hills, AZ	17062 rand drive fountain hills az
train_source1	S1-513693430	Tao International PLLC	tao international pllc	tao international pllc	149 Levi Lane, Corrales, NM	149 levi lane corrales nm
train_source1	S1-90406410	White Care LLP	white care llp	white care	Ka14/391-393 Kannothumchal, P.O.Chovva, Kannur, Kerala	ka14 391 393 kannothumchal pochovva kannur kerala
train_source1	S1-545645075	Raabta & Sons	raabta and sons	raabta and sons	1547, Bahu, Jhajjar, Haryana	1547 bahu jhajjar haryana
train_source1	S1-468172551	Hill Delta Breeze LLC	hill delta breeze llc	hill delta breeze	1698 Highway 25-70, Newport, TN	1698 highway 25 70 newport tn
train_source1	S1-791155002	Body Trust	body trust	body trust	3Rd Floor-B Wing, Simple Co-Op.Hsg Soc, Ramwadi, Manpada Road, B-36, Thane, Dombivali (East), Maharashtra	3rd floor b wing simple co ophsg soc ramwadi manpada road b 36 thane dombivali east maharashtra
train_source1	S1-549242522	Global Apple Inc	global apple inc	global apple	1323 Sunset Boulevard, St George City, UT	1323 sunset boulevard street george city ut
train_source1	S1-183760590	Precision Business Worldwide Corporation	precision business worldwide corporation	precision business worldwide	1213 Clarinet Road, Elkhart, IN	1213 clarinet road elkhart in
train_source1	S1-244809602	Services Samanvay Foods Private Limited	services samanvay foods private limited	services samanvay foods	Plot No.48A, Door No.5/2, 2Nd Main Road, Bharathi Nagar, Old Perungalathur, Tambaram, Kanchipuram, Tamil Nadu	plot no48a door no5 2 2nd main road bharathi nagar old perungalathur tambaram kanchipuram tamil nadu
train_source1	S1-340929942	Board of Environmental Protection	board of environmental protection	board of environmental protection	157 Winterbrook Court, Winston-salem, NC	157 winterbrook court winston salem nc
train_source1	S1-596555182	Creative Consultancy Pvt Ltd	creative consultancy pvt ltd	creative consultancy	20B, Sarat Bose Road, Kolkata, Howrah, West Bengal	20b sarat bose road kolkata howrah west bengal
train_source1	S1-495878698	147 Broadway Court Apartments Inc.	147 broadway court apartments inc	147 broadway court apartments	3410 Beaver Avenue, Unit Unit 116, Des Moines, IA	3410 beaver avenue unit unit 116 des moines ia
train_source1	S1-755546342	Behavioral Health Clean Group	behavioral health clean group	behavioral health clean group	4316 163rd Street, Cleveland, OH	4316 163rd street cleveland oh
train_source1	S1-938792097	Shree Estate Private Limited	shree estate private limited	shree estate	501, Shashi Niketan, Vindyavasini Street Gyan Ganga Ke Bagal Wali Gali, Kadamkuan, Patna, Bihar	501 shashi niketan vindyavasini street gyan ganga ke bagal wali gali kadamkuan patna bihar
train_source1	S1-457922425	Greencity Developers Private Limited	greencity developers private limited	greencity developers	Unit 3 Flr 4 Pinnacle Blk, Int. Tech Park, Csir Road, Chennai City Corporation, Chennai, Tamil Nadu	unit 3 floor 4 pinnacle blk int tech park csir road chennai city corporation chennai tamil nadu
train_source1	S1-181290919	Ear Nose & Throat Partners	ear nose and throat partners	ear nose and throat partners	WV, Ranson, 10203 Charles Town Road	wv ranson 10203 charles town road
train_source1	S1-215396556	Atlantic College Clinic	atlantic college clinic	atlantic college clinic	1710 Muleshoe Road, Dallas, TX	1710 muleshoe road dallas tx
train_source1	S1-574668375	BD Dham Ltd	bd dham ltd	bd dham	N-219 Greater Kailash Part-Ii, New Delhi, South Delhi, Delhi	north 219 greater kailash part ii new delhi south delhi delhi
train_source1	S1-951623450	SQ Integrative Limited	sq integrative limited	sq integrative	Flat No.306, Midas Appt., Ganesh Nagar, Pimple Nilakh, Aundh Camp, Pune, Maharashtra	flat no306 midas appt ganesh nagar pimple nilakh aundh camp pune maharashtra
train_source1	S1-921473285	Yamuansh Trims Ltd	yamuansh trims ltd	yamuansh trims	3Rd And 4Th Floor, Plot No. Gen 34, Ttc, Midc Mahape Taluke, Thane, Thane, Maharashtra	3rd and 4th floor plot number gen 34 ttc midc mahape taluke thane thane maharashtra
train_source1	S1-437415597	Sunderland and Vasile Charlton	sunderland and vasile charlton	sunderland and vasile charlton	1495 Minnow Lake Road, City Of Phillips, WI	1495 minnow lake road city of phillips wi
train_source1	S1-360909582	Coastal School of Medicine	coastal school of medicine	coastal school of medicine	3 Astor Ridge Drive, Unit Unit D, Amherst, NY	3 astor ridge drive unit unit d amherst ny
train_source1	S1-154383438	Data Payroll Innovations Inc	data payroll innovations inc	data payroll innovations	228 Pleasant View Rd Road, Seymour, MO	228 pleasant view road road seymour mo
train_source1	S1-491337400	Ramey Heritage Property Inc	ramey heritage property inc	ramey heritage property	10107 Limewood Lane, Sugar Land, TX	10107 limewood lane sugar land tx
train_source1	S1-679660495	Bolin's Signs LLC	bolins signs llc	bolins signs	15313 Olympic View Road, Silverdale, WA	15313 olympic view road silverdale wa
train_source1	S1-746193689	Cardiology Clinic LLC	cardiology clinic llc	cardiology clinic	12726 Gladys Retreat Circle, Bowie, MD	12726 gladys retreat circle bowie md
train_source1	S1-401850061	Tonia Goens, MD	tonia goens md	tonia goens md	608 Allison Avenue, Lewistown, MT	608 allison avenue lewistown mt
train_source1	S1-8000604	Mahuva Care Private Limited	mahuva care private limited	mahuva care	R.S.No.27/3/1/1, Mahuva Bhavnagar, Village Rohisa, Taluka Mahuva, Mahuva, Bhavnagar, Gujarat	rsno27 3 1 1 mahuva bhavnagar village rohisa taluka mahuva mahuva bhavnagar gujarat
train_source1	S1-872302647	Lucky Pilates Inc	lucky pilates inc	lucky pilates	321 21st Street, Unit C, Newark, OH	321 21st street unit c newark oh
train_source1	S1-82192539	Federal Society	federal society	federal society	3562 Summerwood Road, KS, Topeka	3562 summerwood road ks topeka
train_source1	S1-690582233	East Certified Bakery	east certified bakery	east certified bakery	1593 Fairmount Drive, Greenfield, IN	1593 fairmount drive greenfield in
train_source1	S1-311486232	Saraj Build of Nagpur	saraj build of nagpur	saraj build of nagpur	Nagpur, Maharashtra, Nagpur, Plot No 17, Central Avenue Old Bagadganj	nagpur maharashtra nagpur plot number 17 central avenue old bagadganj
train_source1	S1-366279397	Lakshmi Systems Private Limited	lakshmi systems private limited	lakshmi systems	Old No.4/222, New No.14/118, Gangai Amman Koil Street, Periya Koluthuv, Ancherri, Iyyappanthangal, Chennai, Tamil Nadu	old no4 222 new no14 118 gangai amman koil street periya koluthuv ancherri iyyappanthangal chennai tamil nadu
train_source1	S1-855700872	Devsons Consultants	devsons consultants	devsons consultants	Flat No-205, Plot No-189, Kvk Classic Homes, Venture-3, Kalyan Nagar, Hyderabad, Telangana	flat number 205 plot number 189 kvk classic homes venture 3 kalyan nagar hyderabad telangana
train_source1	S1-320229740	Gulf Program	gulf program	gulf program	1100 Glen Annie Road, Goleta, CA	1100 glen annie road goleta ca
train_source1	S1-826696794	H/H Artificial Inc	h h artificial inc	h h artificial	2076 Winslow Drive, Unit 9, Columbus, OH	2076 winslow drive unit 9 columbus oh
train_source1	S1-411563198	Ram & Co	ram and co	ram and	206, Caxton House, 2E Jhandewalan Extention Near Videocon Tower, New Delhi, Delhi	206 caxton house 2e jhandewalan extention near videocon tower new delhi delhi
train_source1	S1-256282960	Randeep Advisors Private Limited	randeep advisors private limited	randeep advisors	Ai-64, 3Rd Floor, Action Area 1, New Town, North 24 Parganas, West Bengal	ai 64 3rd floor action area 1 new town north 24 parganas west bengal
train_source1	S1-234585908	Goldie's American Signs	goldies american signs	goldies american signs	4664 Garfield Street, Washington, DC	4664 garfield street washington dc
train_source1	S1-409413534	Digital Marketing	digital marketing	digital marketing	No. 62/38, 19Th Main, Padmanabhanagar, Bangalore, Karnataka	number 62 38 19th main padmanabhanagar bangalore karnataka
train_source1	S1-633109512	Kritora Investment	kritora investment	kritora investment	Shop No. 26, Floor Ground, Dalit Nagar, Nana Phadnis Road, Mumbai, Maharashtra	shop number 26 floor ground dalit nagar nana phadnis road mumbai maharashtra
train_source1	S1-265007680	Mehsana Engineering (India)	mehsana engineering india	mehsana engineering india	Maharashtra, Pune, Market Yard Road, Amrai, Baramati, Mutha Classes	maharashtra pune market yard road amrai baramati mutha classes
train_source1	S1-262294930	Dejesus, Perez and Strickland PLLC	dejesus perez and strickland pllc	dejesus perez and strickland pllc	18 Milton Terrace, Randolph, MA	18 milton terrace randolph ma
train_source1	S1-410474103	Grade Innovative Pvt Ltd	grade innovative pvt ltd	grade innovative	2/3, Middle Street, Kodimangalam, Madurai, Tamil Nadu	2 3 middle street kodimangalam madurai tamil nadu
train_source1	S1-741813500	Beckley and Beard Vertical Inc	beckley and beard vertical inc	beckley and beard vertical	148 Vine Street, Lebanon, OR	148 vine street lebanon or
train_source1	S1-496346323	Family Ministries	family ministries	family ministries	124 Thompson Drive, Kings Mountain, NC	124 thompson drive kings mountain nc
train_source1	S1-569898026	Belchertown Dragon	belchertown dragon	belchertown dragon	296 Bardwell Street, Belchertown, MA	296 bardwell street belchertown ma
train_source1	S1-497340561	Moore Food LLC	moore food llc	moore food	1008 Henry Street, IA, Mt Pleasant	1008 henry street ia mt pleasant
train_source1	S1-52451029	Karol Wood, M.D.	karol wood md	karol wood md	3521 Jackson Avenue, WI, Village Of Plover, Unit 5	3521 jackson avenue wi village of plover unit 5
train_source1	S1-533445371	Vea LLC	vea llc	vea	Gig Harbor, WA, 5001 28th Street	gig harbor wa 5001 28th street
train_source1	S1-252832899	Midwest Alliance	midwest alliance	midwest alliance	506 Kentucky Street, Crawfordsville, IN	506 kentucky street crawfordsville in
train_source1	S1-194887455	Tim Cuellar Range	tim cuellar range	tim cuellar range	3136 Atrium Drive, Grand Prairie, TX	3136 atrium drive grand prairie tx
train_source1	S1-520710871	Laxmi Constructions Pvt Ltd	laxmi constructions pvt ltd	laxmi constructions	Wz-9B, Ff, Near King&Queen, Meenakshi Garden, New Delhi, West Delhi, Delhi	wz 9b ff near king and queen meenakshi garden new delhi west delhi delhi
train_source1	S1-106671505	H+ Marketing	h marketing	h marketing	1764 Heritage Drive, Clarksville, TN	1764 heritage drive clarksville tn
train_source1	S1-375370928	Opttech Inc	opttech inc	opttech	8110 Mt Holly-huntersville Road, Unit B, Charlotte, NC	8110 mt holly huntersville road unit b charlotte nc
train_source1	S1-607852072	H & J Gold LLC	h and j gold llc	h and j gold	67 Buckhorn Crossing, Hendersonville, NC	67 buckhorn crossing hendersonville nc
train_source1	S1-817683544	Mhs Sangh	mhs sangh	mhs sangh	5Sl-07Vill-Barolanoidag.B.Nagar, Noida, Gautam Buddha Nagar, Uttar Pradesh	5sl 07vill barolanoidagbnagar noida gautam buddha nagar uttar pradesh
train_source1	S1-552658307	Yamuora Agro Pvt. Ltd.	yamuora agro pvt ltd	yamuora agro	Gr Fl-Fr, Fl-13/ Higu, 13/2 Biren Roy Road(West), Kolkata, Kolkata, Howrah, West Bengal	gr fl fr fl 13 higu 13 2 biren roy roadwest kolkata kolkata howrah west bengal
train_source1	S1-617760637	Melany Galloway Unified Gss	melany galloway unified gss	melany galloway unified gss	7210 Surreywood Way, Sacramento, CA	7210 surreywood way sacramento ca
train_source1	S1-941709619	Saraswati Producer Private Limited	saraswati producer private limited	saraswati producer	9-1-18 3/1, Bhagath Nagar, Karimnagar Karim Nagar, Karimnagar, Karim Nagar, Telangana	9 1 18 3 1 bhagath nagar karimnagar karim nagar karimnagar karim nagar telangana
train_source1	S1-311090979	Brewster Rivernorth LLC	brewster rivernorth llc	brewster rivernorth	Charlotte, NC, 1307 Briar Creek Road	charlotte nc 1307 briar creek road
train_source1	S1-854288036	Futch Atlantic Pebblebrook Inc	futch atlantic pebblebrook inc	futch atlantic pebblebrook	2833 Colfax Avenue, Minneapolis, MN	2833 colfax avenue minneapolis mn
train_source1	S1-930644837	Dynamic International Private Limited	dynamic international private limited	dynamic international	H No 96/3-35-155-C, Near Raghavendra V Santosh Nagar, Kurnool, Andhra Pradesh	h number 96 3 35 155 c near raghavendra v santosh nagar kurnool andhra pradesh
train_source1	S1-481652414	Trinity Presbyterian Church	trinity presbyterian church	trinity presbyterian church	1013 3rd Avenue, Unit #5, Puyallup, WA	1013 3rd avenue unit 5 puyallup wa
train_source1	S1-691663442	Classic Data Digital LP	classic data digital lp	classic data digital lp	AZ, 15361 Virginia Avenue, Goodyear, Unit 2041	az 15361 virginia avenue goodyear unit 2041
train_source1	S1-451464552	Green Producer	green producer	green producer	H.No.12-2-725/10/3/4, Dilshad Nagar, 2Nd Floor Dressden Showroom, Rethi Bowli, Pillar No., 44, Mehdipatnam, Hyderabad, Telangana	hno12 2 725 10 3 4 dilshad nagar 2nd floor dressden showroom rethi bowli pillar number 44 mehdipatnam hyderabad telangana
train_source1	S1-71265566	One International Private Limited	one international private limited	one international	1-61/Smrvc/B1/908/B1-1 Miyapur, Serilingampally, Hyderabad, Telangana	1 61 smrvc b1 908 b1 1 miyapur serilingampally hyderabad telangana
train_source1	S1-44019475	Calicut Broadcasting Corporation	calicut broadcasting corporation	calicut broadcasting	17/28H, Manama Building Mavoor Road, Calicut, Kozhikode, Kerala	17 28h manama building mavoor road calicut kozhikode kerala
train_source1	S1-504442535	Michal Clarke Fifth	michal clarke fifth	michal clarke fifth	765 Main Street, Piru, CA	765 main street piru ca
train_source1	S1-766866439	Mayura Hygienic Limited	mayura hygienic limited	mayura hygienic	305, 3Rd Floor, Satguru, Parinay, Pu3, Sch No. 54, Indore, Madhya Pradesh	305 3rd floor satguru parinay pu3 sch number 54 indore madhya pradesh
train_source1	S1-6728823	Nagva Chemical Limited	nagva chemical limited	nagva chemical	Radhe Krishna Appartment, Bhagwan Nagar Gola Road, Bailey Road, Danapur, Patna, Bihar	radhe krishna appartment bhagwan nagar gola road bailey road danapur patna bihar
train_source1	S1-499242108	Stepha Shahzad, DO	stepha shahzad do	stepha shahzad do	312 Pineview Drive, Kernersville, NC	312 pineview drive kernersville nc
train_source1	S1-847883289	Shoemaker, Hattie N., MD	shoemaker hattie n md	shoemaker hattie n md	8807 Tyson Road, Springfield Township, PA	8807 tyson road springfield township pa
train_source1	S1-639708214	Kent Future Inc	kent future inc	kent future	200 Sundance, Unit 0, Capron, IL	200 sundance unit 0 capron il
train_source1	S1-914958503	New Ventures Private Limited	new ventures private limited	new ventures	No. 46, First Floor, Kirupa Sankari Street, Chennai City Corporation, Chennai, Tamil Nadu	number 46 first floor kirupa sankari street chennai city corporation chennai tamil nadu
train_source1	S1-677633780	First Rocky Creative LLC	first rocky creative llc	first rocky creative	318 Church Street, Peru, IL	318 church street peru il
train_source1	S1-927838010	City Global Private Limited	city global private limited	city global	6-6-427/3/4 Gandhi Nagar, Secunderabad, Hyderabad, Telangana	6 6 427 3 4 gandhi nagar secunderabad hyderabad telangana
train_source1	S1-328196988	Brandie Schaffner, DMD, M.D., P.C.	brandie schaffner dmd md pc	brandie schaffner dmd md pc	308 Cedar Street, Goodlettsville, TN	308 cedar street goodlettsville tn
train_source1	S1-936820081	Anand Foundation Private Limited	anand foundation private limited	anand foundation	G107, Vidyasagar Oswal Garden, 210-212, Cochraine Basin Road, Korukkupet, Chennai, Tamil Nadu	g107 vidyasagar oswal garden 210 212 cochraine basin road korukkupet chennai tamil nadu
train_source1	S1-95503899	Unique Investment Limited	unique investment limited	unique investment	H.No. 1152, Kashiprayag Bumglow, Champa Nagari, Jail Road, Dasak Nasik Road, Nashik, Maharashtra	hno 1152 kashiprayag bumglow champa nagari jail road dasak nasik road nashik maharashtra
train_source1	S1-557511339	Irene Maung United Scuti	irene maung united scuti	irene maung united scuti	2425 Under The Mountain Road, Londonderry, VT	2425 under the mountain road londonderry vt
train_source1	S1-529563044	Industrial Property Systems Clinic	industrial property systems clinic	industrial property systems clinic	1914 Threshold Drive, Ankeny, IA	1914 threshold drive ankeny ia
train_source1	S1-27508378	Mariquilla Paul Classic Choice Inc	mariquilla paul classic choice inc	mariquilla paul classic choice	AL, Margaret, 450 Sterling Place	al margaret 450 sterling place
train_source1	S1-456709533	Crystal Energy Networks LLC	crystal energy networks llc	crystal energy networks	Fayetteville, 3210 Friendly Road, NC	fayetteville 3210 friendly road nc
train_source1	S1-186737681	Kemp, Celia, O.D.	kemp celia od	kemp celia od	1309 Thorntree Drive, Erlanger, KY	1309 thorntree drive erlanger ky
train_source1	S1-425938131	Fortune Business Private Limited	fortune business private limited	fortune business	Bricklin Road 127-A 127-A, Bricklin Road, 5Th Block, 16Th Floor, Tvh Ls Apts, Purasaiwakkam, Chennai, Tamil Nadu	bricklin road 127 a 127 a bricklin road 5th block 16th floor tvh ls apts purasaiwakkam chennai tamil nadu
train_source1	S1-541300902	Interstate Veterinary Clinic LLC	interstate veterinary clinic llc	interstate veterinary clinic	1810 24th Avenue, Seattle, WA	1810 24th avenue seattle wa
train_source1	S1-245736163	Eastern Products Private Limited	eastern products private limited	eastern products	105 Sir Vithaldas Chamber, 16 Mumbai Samachar Marg Fort, Mumbai, Maharashtra	105 sir vithaldas chamber 16 mumbai samachar marg fort mumbai maharashtra
train_source1	S1-279145576	Koerber and Payton, LLC	koerber and payton llc	koerber and payton	Unit 1151, Tempe, 6815 Mcclintock Drive, AZ	unit 1151 tempe 6815 mcclintock drive az
train_source1	S1-609062608	Surya Investment	surya investment	surya investment	No. B-1803, 18Th Floor Ebony Block, Salarpuria Sattva Greenage, Bengaluru, Bangalore, Karnataka	number b 1803 18th floor ebony block salarpuria sattva greenage bengaluru bangalore karnataka
train_source1	S1-108284040	Hidalgo Mountain Studios, LLC	hidalgo mountain studios llc	hidalgo mountain studios	TX, 124 Jordan Court, Allen	tx 124 jordan court allen
train_source1	S1-942110962	Allied Dental Associates	allied dental associates	allied dental associates	13305 319th Avenue, Arlington, AZ	13305 319th avenue arlington az
train_source1	S1-98442615	Adroit Chemicals Pvt Ltd	adroit chemicals pvt ltd	adroit chemicals	Flat No 115, Siri Jewel Apt, Engineers Enclave, Rtc Colony R, Madeenaguda, Hyderabad, Telangana	flat number 115 siri jewel apartment engineers enclave rtc colony r madeenaguda hyderabad telangana
train_source1	S1-48453378	TD Research, LLC	td research llc	td research	3704 Boxwood Court, Arlington, TX	3704 boxwood court arlington tx
train_source1	S1-850758454	Great Studio Private Limited	great studio private limited	great studio	3783 Netaji Subhash Margdaryaganj, New Delhi, Central Delhi, Delhi	3783 netaji subhash margdaryaganj new delhi central delhi delhi
train_source1	S1-367793476	Tech Constructions Private Limited	tech constructions private limited	tech constructions	The Capital, Executive Centre, 7 Th Floor, Plot C70, G Block, Bkc, Ba, Mumbai, Maharashtra	the capital executive centre 7 th floor plot c70 g block bkc ba mumbai maharashtra
train_source1	S1-435229220	Munoz Banc Co	munoz banc co	munoz banc	10421 Larry Street, TX, Houston	10421 larry street tx houston
train_source1	S1-837510013	Nalin Realtors Private Limited	nalin realtors private limited	nalin realtors	Flat No-23, Topaz K-Wing Near Hotel Jupiter, Anmol Nayantara Gold, Mumbai Agra Highway, Nashik, Maharashtra	flat number 23 topaz k wing near hotel jupiter anmol nayantara gold mumbai agra highway nashik maharashtra
train_source1	S1-44244376	Behavioral Health Atlantic Group	behavioral health atlantic group	behavioral health atlantic group	208 West Street, IL, Olney	208 west street il olney
train_source1	S1-304476315	Oil Public School Co	oil public school co	oil public school	Flat No. 804, Tower No. 11, The Tarika Co-Op Group Housing Society Ltd., . Plot No. Gh-08, Sector-43, Sadar Bazar, Gurgaon, Haryana	flat number 804 tower number 11 the tarika co op group housing society ltd plot number gh 08 sector 43 sadar bazar gurgaon haryana
train_source1	S1-205103751	Fresh Classic Alussa Inc	fresh classic alussa inc	fresh classic alussa	150 Pinecone Lane, Springboro, OH	150 pinecone lane springboro oh
train_source1	S1-778632723	Main Street Pilates!	main street pilates	main street pilates	4466 Park Drive, Sacramento, CA	4466 park drive sacramento ca
train_source1	S1-1727907	Sun Hospitality Pvt Ltd	sun hospitality pvt ltd	sun hospitality	8 Mamta Kutir Mahakali Road Andheri (East), Mumbai City, Mumbai, Maharashtra	8 mamta kutir mahakali road andheri east mumbai city mumbai maharashtra
train_source1	S1-807405756	Bonilla Painting LLC	bonilla painting llc	bonilla painting	1340 Paxton Circle, Tuscaloosa, AL	1340 paxton circle tuscaloosa al
train_source1	S1-161210403	Hyderabad Ventures Pvt Ltd	hyderabad ventures pvt ltd	hyderabad ventures	Plot No: 26H To 26K, Tsiic Industrial Park Muppireddy Palli Village, Manoharabad Ma, Ndal, Hyderabad, Medak, Telangana	plot number 26h to 26k tsiic industrial park muppireddy palli village manoharabad ma ndal hyderabad medak telangana
train_source1	S1-5718747	Ideal People Private Limited	ideal people private limited	ideal people	108, Akashdarshan Apartments Mayur Vihar Phase-I, Delhi	108 akashdarshan apartments mayur vihar phase i delhi
train_source1	S1-91116287	Dhakoli Network	dhakoli network	dhakoli network	Atulit Realtech Llp, #617, E Block, New Generation Maple Apartments, Dhakoli, Mohali, Punjab	atulit realtech llp 617 east block new generation maple apartments dhakoli mohali punjab
train_source1	S1-538020889	Urban Impex Private Limited	urban impex private limited	urban impex	11 781 A24, Moolayil Building, Near Hdfc Bank Tv Centre, Ernakulam, Kerala	11 781 a24 moolayil building near hdfc bank tv centre ernakulam kerala
train_source1	S1-199433633	Emanuel, Archer & Scott Inc	emanuel archer and scott inc	emanuel archer and scott	301 Rumely, La Porte, IN	301 rumely la porte in
train_source1	S1-571777559	Blue Power Private Limited	blue power private limited	blue power	Plot No 78 Ajmer Road, Sukhadiya Nagar, Bhilwara, Bhilwara, Rajasthan	plot number 78 ajmer road sukhadiya nagar bhilwara bhilwara rajasthan
train_source1	S1-159677035	Carlson Diagnostics	carlson diagnostics	carlson diagnostics	44 Berwyn Street, South Hadley, MA	44 berwyn street south hadley ma
train_source1	S1-560811925	Convery, Phelps & Stubbs P.C.	convery phelps and stubbs pc	convery phelps and stubbs pc	657 Jefferson Street, La Grange, TX	657 jefferson street la grange tx
train_source1	S1-730644474	Sanchez's Tattoo	sanchezs tattoo	sanchezs tattoo	1310 Wilhelmina Drive, Vandalia, OH	1310 wilhelmina drive vandalia oh
train_source1	S1-277346734	Ridge Detailing Inc	ridge detailing inc	ridge detailing	Rumford, 660 Penobscot Street, ME	rumford 660 penobscot street me
train_source1	S1-27455843	Raj Digital Care Private Limited	raj digital care private limited	raj digital care	Flno B Sigma One S 124/3A/2 Pd Rd Kothrud Bh Mit College, Pune, Maharashtra	flno b sigma one south 124 3a 2 pd road kothrud bh mit college pune maharashtra
train_source1	S1-721895642	Robinson Alliancebernstein	robinson alliancebernstein	robinson alliancebernstein	140 Medium Meadow Drive, TX, Lytle	140 medium meadow drive tx lytle
train_source1	S1-942584485	BKR Stifel	bkr stifel	bkr stifel	50 Grimm Road Spur, Meredith, NY	50 grimm road spur meredith ny
train_source1	S1-823023497	Pediatric Physicians	pediatric physicians	pediatric physicians	1221 Spruce Drive, Zebulon, NC	1221 spruce drive zebulon nc
train_source1	S1-71296969	Walter's Horizon Seafood	walters horizon seafood	walters horizon seafood	IL, 473 Navajo Trail, Buffalo Grove	il 473 navajo trail buffalo grove
train_source1	S1-235106542	Prime Software Pvt Ltd	prime software pvt ltd	prime software	V/167 Mattel Kottappuram Mulavana Po, Kundarakottappuram, Kollam, Kerala	v 167 mattel kottappuram mulavana po kundarakottappuram kollam kerala
train_source1	S1-464529384	Sneh Tech LLP	sneh tech llp	sneh tech	H. No. 925/642, Ward No. 34 Street : Sona Mukhi, Post Kharagpur, Kharagpur, Midnapore, West Bengal	h number 925 642 ward number 34 street sona mukhi post kharagpur kharagpur midnapore west bengal
train_source1	S1-953014080	Solitaire Edutech Private Limited	solitaire edutech private limited	solitaire edutech	A-158/2 (F.F), Ganesh Nagar Near 24 Block School, Tilak Nagar, New Delhi, West Delhi, Delhi	a 158 2 ff ganesh nagar near 24 block school tilak nagar new delhi west delhi delhi
train_source1	S1-296996951	Kirstyn Muck Global Highview of Molalla	kirstyn muck global highview of molalla	kirstyn muck global highview of molalla	29153 213, Molalla, OR	29153 213 molalla or
train_source1	S1-411592446	Star Services Private Limited	star services private limited	star services	H.No.1-4-172, Plot No.20A, Lakeview Residency Colony, Sainikpuri, Secunderabad, Hyderabad, Telangana	hno1 4 172 plot no20a lakeview residency colony sainikpuri secunderabad hyderabad telangana
train_source1	S1-357556905	K & X Magna	k and x magna	k and x magna	1221 Hicks Road, Palatine, IL	1221 hicks road palatine il
train_source1	S1-451116961	Satecex Painting LLC	satecex painting llc	satecex painting	7742 30th Avenue, Seattle, WA	7742 30th avenue seattle wa
train_source1	S1-537740820	Raven Calisa	raven calisa	raven calisa	1720 Mustang Chase Drive, Carmel, IN	1720 mustang chase drive carmel in
train_source1	S1-36683808	Bourque & Stowell LLC	bourque and stowell llc	bourque and stowell	1221 Jackson Street, City Of La Crosse, WI	1221 jackson street city of la crosse wi
train_source1	S1-218059706	Desai Systems Private Limited	desai systems private limited	desai systems	Fernhill Gardens, Flat No.'Ga', Sector 6 Hsr Layout, Venkogi Rao Khane, Bangalore, Karnataka	fernhill gardens flat noga sector 6 hsr layout venkogi rao khane bangalore karnataka
train_source1	S1-561721636	Dlf Qe Producer Private Limited	dlf qe producer private limited	dlf qe producer	36 Block C, Sushant Lok, Phase 1, Sec 43, Grugram, Dlf Qe, Gurgaon, Haryana	36 block c sushant lok phase 1 sec 43 grugram dlf qe gurgaon haryana
train_source1	S1-686329764	Heritage Trust	heritage trust	heritage trust	182 Jackson Street, Unit UNIT B, Rialto, CA	182 jackson street unit unit b rialto ca
train_source1	S1-488537245	Wealth Inn Private Limited	wealth inn private limited	wealth inn	29, Maharashtra, Floor-Grd, Dharavi, Babasaheb Ambedkar Nagar, Mumbai	29 maharashtra floor grd dharavi babasaheb ambedkar nagar mumbai
train_source1	S1-160103007	Jarlara Legato LLC	jarlara legato llc	jarlara legato	13350 3rd Street, Splendora, TX	13350 3rd street splendora tx
train_source1	S1-701892935	Seia Inc.	seia inc	seia	9809 Doulton Court, Fairfax County, VA	9809 doulton court fairfax county va
train_source1	S1-270609465	Continental Immersion	continental immersion	continental immersion	31 Morehouse Avenue, Milford, CT	31 morehouse avenue milford court
train_source1	S1-735419931	CZB Shreya-Bacliff	czb shreya bacliff	czb shreya bacliff	2501 Dove Cove Lane, Bacliff, TX	2501 dove cove lane bacliff tx
train_source1	S1-21981800	Shel Tungate Precision Management Inc	shel tungate precision management inc	shel tungate precision management	1106 Adrift Court, Crosby, TX	1106 adrift court crosby tx
train_source1	S1-984312810	Oneal Corporation LLC	oneal corporation llc	oneal	16710 Pearldale Avenue, Cleveland, OH	16710 pearldale avenue cleveland oh
train_source1	S1-539053304	Shakti It Limited	shakti it limited	shakti it	Maharashtra, Bhiwandi, Thane, H.No.1498/G-5, Gala 5, Gr Fl, Abdul Hakeem Villa, Avchit Pada, 4Th Nizampura	maharashtra bhiwandi thane hno1498 g 5 gala 5 gr fl abdul hakeem villa avchit pada 4th nizampura
train_source1	S1-900945148	Mcbride Nippon	mcbride nippon	mcbride nippon	2509 Admiral Court, Tulsa, OK	2509 admiral court tulsa ok
train_source1	S1-830412925	Montyn Truist Inc	montyn truist inc	montyn truist	11053 Renfield Avenue, Mesa, AZ	11053 renfield avenue mesa az
train_source1	S1-477773796	Ware Engineering	ware engineering	ware engineering	415 Chestnut Land Road, New Milford, CT	415 chestnut land road new milford court
train_source1	S1-142631764	Global Business Private Limited	global business private limited	global business	C/O Mirtunjai Pandey, Ghoogapur, Balapur, Bara, Allahabad, Uttar Pradesh	c o mirtunjai pandey ghoogapur balapur bara allahabad uttar pradesh
train_source1	S1-7040061	South Tech Private Limited	south tech private limited	south tech	Sy No. 172, Plot No. 2-56, Anantharam Village, Gummadidala Mandal, Sangareddy, Medak, Telangana	sy number 172 plot number 2 56 anantharam village gummadidala mandal sangareddy medak telangana
train_source1	S1-354301488	Dynamic Unified Strategy Inc	dynamic unified strategy inc	dynamic unified strategy	38 R Street, Washington, DC	38 r street washington dc
train_source1	S1-207587850	Blue Telecommunication	blue telecommunication	blue telecommunication	7970 Alexandra Lane, Newburgh, IN	7970 alexandra lane newburgh in
train_source1	S1-915479091	Better Axiom Inc	better axiom inc	better axiom	13803 Gullane Drive, Prince William County, VA	13803 gullane drive prince william county va
train_source1	S1-73734420	Garner Ngl Inc	garner ngl inc	garner ngl	787 Haskins Road, Gallipolis, OH	787 haskins road gallipolis oh
train_source1	S1-483434064	Indian Healthcare Private Limited	indian healthcare private limited	indian healthcare	H. No.-21/2, Block-C1 Gupta Colony, Palam Vihar Gurgaon, Harya, Na, Gurgaon, Haryana	h number 21 2 block c1 gupta colony palam vihar gurgaon harya na gurgaon haryana
train_source1	S1-407280565	Hoffman, Atkinson and Brooks Exchange Care	hoffman atkinson and brooks exchange care	hoffman atkinson and brooks exchange care	12826 Chenango Avenue, Dakota Ridge, CO	12826 chenango avenue dakota ridge co
train_source1	S1-557547015	Balaji College	balaji college	balaji college	C/O Om Prakash Shukla Dalav Dharai, Amethi, Sultanpur, Uttar Pradesh	c o om prakash shukla dalav dharai amethi sultanpur uttar pradesh
train_source1	S1-228678189	Innovative Investments Private Limited	innovative investments private limited	innovative investments	Puthuppallil House, Koorali P O, Elamgulam, Kottayam, Kerala	puthuppallil house koorali p o elamgulam kottayam kerala
train_source1	S1-45414958	Royal Agro Limited	royal agro limited	royal agro	A-2 Devli Road, Khan Pur, South Delhi, Delhi	a 2 devli road khan pur south delhi delhi
train_source1	S1-959272256	Foot & Ankle Atlantic Health of Wills Point LLC	foot and ankle atlantic health of wills point llc	foot and ankle atlantic health of wills point	903 3809, Wills Point, TX	903 3809 wills point tx
train_source1	S1-928914408	Cerrone Express Sim Inc	cerrone express sim inc	cerrone express sim	930 Monticello Court, Vacaville, CA	930 monticello court vacaville ca
train_source1	S1-254753234	Interstate Products Inc	interstate products inc	interstate products	Houston, TX, 11923 Gatlinburg Drive	houston tx 11923 gatlinburg drive
train_source1	S1-137682774	Continental Custom Liquor Inc.	continental custom liquor inc	continental custom liquor	5015 Black Oak Lane, Fort Worth, TX	5015 black oak lane fort worth tx
train_source1	S1-476024246	Big Ventures Private Limited	big ventures private limited	big ventures	Sir Mount, Near Vasupujya Bunglows, S.G. Road, Satelite, Ahmedabad, 5Th Fl. 501, Ahmedabad, Gujarat	sir mount near vasupujya bunglows sg road satelite ahmedabad 5th fl 501 ahmedabad gujarat
train_source1	S1-800226602	Global Telecom Works LLC	global telecom works llc	global telecom works	3892 Sherbourne Drive, Erlanger, KY	3892 sherbourne drive erlanger ky
train_source1	S1-334146653	Hart and Santana Inc	hart and santana inc	hart and santana	1567 Fairfield Drive, Elburn, IL	1567 fairfield drive elburn il
train_source1	S1-459070718	Ashwini Institute Private Limited	ashwini institute private limited	ashwini institute	Plot No 65, Vrundawan Colony Karol Road, Nagpur, Maharashtra	plot number 65 vrundawan colony karol road nagpur maharashtra
train_source1	S1-997319680	Chiropractic Center LLC	chiropractic center llc	chiropractic center	11602 Redwood Road, Unit B204, Riverton, UT	11602 redwood road unit b204 riverton ut
train_source1	S1-72785829	Baltazar & Barbosa Inc.	baltazar and barbosa inc	baltazar and barbosa	3623 Queen Avenue, Minneapolis, MN	3623 queen avenue minneapolis mn
train_source1	S1-60550637	Mizner Creative Rocket	mizner creative rocket	mizner creative rocket	1 Squadron Boulevard, Unit Unit B-5, Clarkstown, NY	1 squadron boulevard unit unit b 5 clarkstown ny
train_source1	S1-106653705	Auric Partners Inc	auric partners inc	auric partners	7759 Everd Avenue, Fl 0, Pasadena, MD	7759 everd avenue fl 0 pasadena md
train_source1	S1-556845820	Monarch, Inc	monarch inc	monarch	8557 Cliffdale Road, Fayetteville, NC	8557 cliffdale road fayetteville nc
train_source1	S1-273979066	Ernakulam Services LLP	ernakulam services llp	ernakulam services	#540 A1, First Floor Hera Heights North Janatha Road, Mamangalam Po, Ernakulam, Kerala	540 a1 first floor hera heights north janatha road mamangalam po ernakulam kerala
train_source1	S1-165673175	Tri-State Foundation	tri state foundation	tri state foundation	876 Hoover Hill Road, Unit 7, Asheboro, NC	876 hoover hill road unit 7 asheboro nc
train_source1	S1-509723568	3339 Highland Plaza Holdings	3339 highland plaza holdings	3339 highland plaza holdings	Goshen, 1050 2202, AL	goshen 1050 2202 al
train_source1	S1-91085118	Eastern Trading Private Limited	eastern trading private limited	eastern trading	Flat No. 204, Building 47, Sector 54/56/58 Seawood, Thane, Maharashtra	flat number 204 building 47 sector 54 56 58 seawood thane maharashtra
train_source1	S1-520290406	IHW Maywood LLC	ihw maywood llc	ihw maywood	913 Spartan Drive, Missoula, MT	913 spartan drive missoula mt
train_source1	S1-48201804	Nexsonex Diamond Home Care Slanesville	nexsonex diamond home care slanesville	nexsonex diamond home care slanesville	Slanesville, 125 Deer Spring Road, WV	slanesville 125 deer spring road wv
train_source1	S1-582307657	Halcus Lionheart	halcus lionheart	halcus lionheart	2019 New Sun Drive, Fl 2, Florissant, MO	2019 new sun drive fl 2 florissant mo
train_source1	S1-749675254	Great Advanced Airport LLC	great advanced airport llc	great advanced airport	3400 Skipping Rock Way, VA, Richmond City	3400 skipping rock way va richmond city
train_source1	S1-168182736	Peterson & Kennedy Co	peterson and kennedy co	peterson and kennedy	1118 1375, Clearfield, UT	1118 1375 clearfield ut
train_source1	S1-715992753	Golden North Construction	golden north construction	golden north construction	Plot No. 10-15, Opp. Shanti Metal Jamnagar Rajkot Highway, Hapa, Jamnagar, Gujarat	plot number 10 15 opposite shanti metal jamnagar rajkot highway hapa jamnagar gujarat
train_source1	S1-539879230	Novent Owl PLLC	novent owl pllc	novent owl pllc	Des Plaines, IL, 9308 Home Court	des plaines il 9308 home court
train_source1	S1-739032625	Cardillo Tri-State Fashion, LLC	cardillo tri state fashion llc	cardillo tri state fashion	1632 California Avenue, Salt Lake City, UT	1632 california avenue salt lake city ut
train_source1	S1-94486532	Glyphic Glass	glyphic glass	glyphic glass	300 Morgan Street, Odell, IL	300 morgan street odell il
train_source1	S1-761286259	Rio Rancho Urgent Care Silver Center Partners	rio rancho urgent care silver center partners	rio rancho urgent care silver center partners	521 Soothing Meadows Drive, Rio Rancho, NM	521 soothing meadows drive rio rancho nm
train_source1	S1-140279129	Vasai Enterprises	vasai enterprises	vasai enterprises	A902 Palm Spring Building, Joyville Pallonji Virar, Vasai, Thane, Maharashtra	a902 palm spring building joyville pallonji virar vasai thane maharashtra
train_source1	S1-501989527	4880 Fourth St Associates	4880 fourth st associates	4880 fourth st associates	CA, 2842 Horn Court, Simi Valley	ca 2842 horn court simi valley
train_source1	S1-752489684	Simmons, Huskey & Quinones Tailwind	simmons huskey and quinones tailwind	simmons huskey and quinones tailwind	454 Boston Street, Syracuse, NY	454 boston street syracuse ny
train_source1	S1-274310041	Trb System LLP	trb system llp	trb system	North Delhi, New Delhi, C-5/133 Ist Floorsultan Puri, Delhi	north delhi new delhi c 5 133 ist floorsultan puri delhi
train_source1	S1-506296494	Pinnacle Public	pinnacle public	pinnacle public	4400 Culver Road, Irondequoit, NY	4400 culver road irondequoit ny
train_source1	S1-398602742	Behavioral Health Partners of Cary	behavioral health partners of cary	behavioral health partners of cary	72 Bright Oaks Circle, Cary, IL	72 bright oaks circle cary il
train_source1	S1-367749530	Meenaksh Industrial LLP	meenaksh industrial llp	meenaksh industrial	301, 3Rd Floor, Kanakshri Building Plot No. 8 Shobhagpura, Girwa, Udaipur, Rajasthan	301 3rd floor kanakshri building plot number 8 shobhagpura girwa udaipur rajasthan
train_source1	S1-462035659	Borough Of	borough of	borough of	5906 Wasatch Drive, Morgan, UT	5906 wasatch drive morgan ut
train_source1	S1-581156957	8Th Main Vasanthnagar Housing Private Limited	8th main vasanthnagar housing private limited	8th main vasanthnagar housing	15/1, 10Th Cross, 8Th Main Vasanthnagar, Bangalore, Karnataka	15 1 10th cross 8th main vasanthnagar bangalore karnataka
train_source1	S1-760816941	Rishika & Co	rishika and co	rishika and	S-553/554 School Block, Shakarpur, New Delhi, Delhi	south 553 554 school block shakarpur new delhi delhi
train_source1	S1-994039959	Gabriel Michaels Nasdaq	gabriel michaels nasdaq	gabriel michaels nasdaq	Bldg 28222, OH, Plain City, 8087 Brightside Drive	building 28222 oh plain city 8087 brightside drive
train_source1	S1-650239343	Bharat Products Private Limited	bharat products private limited	bharat products	4/287, 311 Valiyil House Kowkanapetty, P O Vadakkekad, Thrissur, Kerala	4 287 311 valiyil house kowkanapetty p o vadakkekad thrissur kerala
train_source1	S1-552321484	Upper Sterling Inc	upper sterling inc	upper sterling	9 Owen Road, Grafton, NY	9 owen road grafton ny
train_source1	S1-455806760	KH Vine	kh vine	kh vine	120 Main Street, Pennington Gap Town, VA	120 main street pennington gap town va
train_source1	S1-272502295	Hadria Rice Creative Industries LLC	hadria rice creative industries llc	hadria rice creative industries	47-25 170 Street, Fresh Meadows, NY	47 25 170 street fresh meadows ny
train_source1	S1-399242844	Jindal (India) Kiran	jindal india kiran	jindal india kiran	Raikva 3A, Rammohan Mallick Garden Lane, P.O. Beliaghata, Kolkata, Howrah, West Bengal	raikva 3a rammohan mallick garden lane po beliaghata kolkata howrah west bengal
train_source1	S1-210055577	Arlette Schmidt Dpc	arlette schmidt dpc	arlette schmidt dpc	4744 Oak Knoll Road, Rolling Prairie, IN	4744 oak knoll road rolling prairie in
train_source1	S1-475934373	Pacific League	pacific league	pacific league	1230 32nd Street, Des Moines, IA	1230 32nd street des moines ia
train_source1	S1-41217356	Dental Valley Specialists LLC	dental valley specialists llc	dental valley specialists	4 Curtis Street, Peabody, MA	4 curtis street peabody ma
train_source1	S1-336993358	Banning's Management	bannings management	bannings management	9716 198th Street, Graham, WA	9716 198th street graham wa
train_source1	S1-389234911	Coral Fund Pvt. Ltd.	coral fund pvt ltd	coral fund	#353, 2Nd Main Road, 4Th Stage, Beml Layout, Rajarajeshwari Nagar, Bangalore, Karnataka	353 2nd main road 4th stage beml layout rajarajeshwari nagar bangalore karnataka
train_source1	S1-531436692	FEC Natural Pvt Ltd	fec natural pvt ltd	fec natural	Marwari Dharamshala Road, Naugachia, Bhagalpur, Bihar	marwari dharamshala road naugachia bhagalpur bihar
train_source1	S1-134717804	Guru Hospitality Private Limited	guru hospitality private limited	guru hospitality	Karnataka, 7Th Cross, Msr Homes Naggappareddy Layout, B.Narayanapura, Bangaore, Bangalore, H.No 36	karnataka 7th cross msr homes naggappareddy layout bnarayanapura bangaore bangalore hno 36
train_source1	S1-887193507	Chandra Polytechnic	chandra polytechnic	chandra polytechnic	Sco 16, Phase-3B2, Mohali, Punjab	sco 16 phase 3b2 mohali punjab
train_source1	S1-796967309	Smit and Phillips LP	smit and phillips lp	smit and phillips lp	4044 Parkhill Court, Springfield, MO	4044 parkhill court springfield mo
train_source1	S1-227546659	K & B Audio Installation	k and b audio installation	k and b audio installation	14 Arlington Avenue, Saint Paul, MN	14 arlington avenue saint paul mn
train_source1	S1-527408099	Arpit India (India) Private Limited	arpit india india private limited	arpit india india	Fn No-101, 1St Floor, Sky, Homes Vill Sarfabadsec-73, Noida, Gautam Buddha Nagar, Uttar Pradesh	fn number 101 1st floor sky homes vill sarfabadsec 73 noida gautam buddha nagar uttar pradesh
train_source1	S1-832785535	R X & A Avalanche	r x and a avalanche	r x and a avalanche	1622 70th Street, Village Of Superior, WI	1622 70th street village of superior wi
train_source1	S1-279028557	Torres Oxley Corp	torres oxley corp	torres oxley	908 Market Street, Benson, NC	908 market street benson nc
train_source1	S1-200376709	Herminia Dickerson, D.D.S., M.D., P.C.	herminia dickerson dds md pc	herminia dickerson dds md pc	5439 Meadowbrook Drive, Fort Wayne, IN	5439 meadowbrook drive fort wayne in
train_source1	S1-959671957	Prachi (India) Industries Private Limited	prachi india industries private limited	prachi india industries	Flat Number 8, Plot Number 320/323 Diamond Appartment, Pune, Maharashtra	flat number 8 plot number 320 323 diamond appartment pune maharashtra
train_source1	S1-528590391	Pranansh Ores Group	pranansh ores group	pranansh ores group	Hno236/2, Sainagarcolony, Chaitanyapuricolony, Hyderabad, Telangana	hno236 2 sainagarcolony chaitanyapuricolony hyderabad telangana
train_source1	S1-63719584	Marissa N. Westbrook, Ph.D.	marissa n westbrook phd	marissa n westbrook phd	132 White Pine Lane, West Jefferson, NC	132 white pine lane west jefferson nc
train_source1	S1-292649689	Global Services Private Limited	global services private limited	global services	2-Floor, 2/D Panditya Road, Kolkata, Kolkata, Howrah, West Bengal	2 floor 2 d panditya road kolkata kolkata howrah west bengal
train_source1	S1-369859179	United & Brothers Center	united and brothers center	united and brothers center	C/O Malasiya Brothers, Temple Road, Rishabdeo, Udaipur., Udaipur, Rajasthan	c o malasiya brothers temple road rishabdeo udaipur udaipur rajasthan
train_source1	S1-235913521	Boyle Signature Productions LLC	boyle signature productions llc	boyle signature productions	524 Sherwood Drive, Maryville, TN	524 sherwood drive maryville tn
train_source1	S1-218685314	Ortem Future of Hyderabad Pvt. Ltd.	ortem future of hyderabad pvt ltd	ortem future of hyderabad	Pt No 394 Satavahana Nagar, Kukatpally, Hyderabad, Telangana	pt number 394 satavahana nagar kukatpally hyderabad telangana
train_source1	S1-915189817	Global Trust	global trust	global trust	Redlands, CO, 620 19 1/2 Road	redlands co 620 19 1 2 road
train_source1	S1-453939454	Pediatric Dentistry Care Associates LLC	pediatric dentistry care associates llc	pediatric dentistry care associates	154 Rapor Ridge Road, Wythe County, VA	154 rapor ridge road wythe county va
train_source1	S1-391322859	Cooperative Mortgage Digital Corp	cooperative mortgage digital corp	cooperative mortgage digital	6129 18 Street, Saint Cloud, MN	6129 18 street saint cloud mn
train_source1	S1-62395269	Advanced Best LLC	advanced best llc	advanced best	106 Harwinton Avenue, Plymouth, CT	106 harwinton avenue plymouth court
train_source1	S1-761471261	Orthopedic Supreme Medicine Corp	orthopedic supreme medicine corp	orthopedic supreme medicine	2221 Sutton Green Lane, Houston, TX	2221 sutton green lane houston tx
train_source1	S1-350018831	Hancock Ocean LLC	hancock ocean llc	hancock ocean	1314 Ferris Avenue, Waxahachie, TX	1314 ferris avenue waxahachie tx
train_source1	S1-553547335	Ted Bailey Fusion LLC	ted bailey fusion llc	ted bailey fusion	4475 Sandpiper Circle, Gunbarrel, CO	4475 sandpiper circle gunbarrel co
train_source1	S1-402902918	Bright Trading Services, LLC	bright trading services llc	bright trading services	465 Westgate Parkway, AL, Dothan	465 westgate parkway al dothan
train_source1	S1-472663407	Divij Nirman	divij nirman	divij nirman	4/4, Surya Path, Near Urmila Park, Jaipur, Rajasthan	4 4 surya path near urmila park jaipur rajasthan
train_source1	S1-908551239	Sun Solutions Private Limited	sun solutions private limited	sun solutions	F No. 403, Sudha Nill Aptt, New P P Colony, Patliputra, Patna, Bihar	f number 403 sudha nill aptt new p p colony patliputra patna bihar
train_source1	S1-709080642	Avis Marine Private Limited	avis marine private limited	avis marine	35/1Cunningham Road Bangalore, Bangalore, Karnataka	35 1cunningham road bangalore bangalore karnataka
train_source1	S1-114380129	Cornerstone	cornerstone	cornerstone	1705 Pitt Street, Greenville, NC	1705 pitt street greenville nc
train_source1	S1-113606541	Bright Mobility	bright mobility	bright mobility	6025 28th Avenue, Gig Harbor, WA	6025 28th avenue gig harbor wa
train_source1	S1-102881886	Saugerties, Township Of Inc.	saugerties township of inc	saugerties township of	3185 9W, Saugerties, NY	3185 9w saugerties ny
train_source1	S1-609076271	Community Classic Church	community classic church	community classic church	4001 Harris Road, Arlington, TX	4001 harris road arlington tx
train_source1	S1-339374417	YD Services Private Limited	yd services private limited	yd services	22/957, Swasthi, Thanapadom Sariga Club Road, Thanapadom, Kakkanad, Ernakulam, Kerala	22 957 swasthi thanapadom sariga club road thanapadom kakkanad ernakulam kerala
train_source1	S1-744315333	Vision Associates LLC	vision associates llc	vision associates	660 Olive Avenue, Stratford, OK	660 olive avenue stratford ok
train_source1	S1-130377203	Womens Health Care	womens health care	womens health care	1811 Sandy Hollow Road, Rockford, IL	1811 sandy hollow road rockford il
train_source1	S1-238331147	Sree It Limited	sree it limited	sree it	Plot No 21, Office No.101-106, First Floor, Block-G, Vardhman Chamber-Ii, Community Centre, Vikaspuri, New Delhi, West Delhi, Delhi	plot number 21 office no101 106 first floor block g vardhman chamber ii community centre vikaspuri new delhi west delhi delhi
train_source1	S1-460833036	Fair Homeo Private Limited	fair homeo private limited	fair homeo	Z-16 Office No.101 Akash Tower Mp Nagar Zone 1, Bhopal, Madhya Pradesh	z 16 office no101 akash tower mp nagar zone 1 bhopal madhya pradesh
train_source1	S1-650704989	Bharat Management Pvt Ltd	bharat management pvt ltd	bharat management	503 B, Dheeraj Recidency, Chs Ltd, 5/F, Link Road, Goregaon West, Mumbai, Maharashtra	503 b dheeraj recidency chs ltd 5 f link road goregaon west mumbai maharashtra
train_source1	S1-995584103	Court Road Brokers	court road brokers	court road brokers	1-A, Court Road, New Delhi, Delhi	1 a court road new delhi delhi
train_source1	S1-956930131	Womens Health Partners, LLC	womens health partners llc	womens health partners	2100 Fairfield Drive, Joliet, IL	2100 fairfield drive joliet il
train_source1	S1-976027745	Damiex Purpose	damiex purpose	damiex purpose	OK, 209 Moore Avenue, Colbert	ok 209 moore avenue colbert
train_source1	S1-406771676	Helly India	helly india	helly india	Subham, 1, Rawdon Street, 4Th Floor, Kolkata, Howrah, West Bengal	subham 1 rawdon street 4th floor kolkata howrah west bengal
train_source1	S1-558129390	Barnett Sterling Tower Inc	barnett sterling tower inc	barnett sterling tower	55 Boston Hill Road, Fairhaven, MA	55 boston hill road fairhaven ma
train_source1	S1-558262132	Avatar Technology Private Limited	avatar technology private limited	avatar technology	A/8, Madhav Baug, Jambli Galli Borivali (West), Mumbai, Bandra Suburban, Maharashtra	a 8 madhav baug jambli galli borivali west mumbai bandra suburban maharashtra
train_source1	S1-771350895	Eastern Projects Limited	eastern projects limited	eastern projects	S-2, Kurinchi 66 New Avadi Road, Chennai, Tamil Nadu	south 2 kurinchi 66 new avadi road chennai tamil nadu
train_source1	S1-432478198	Olaneus Apollo	olaneus apollo	olaneus apollo	2500 Blanco Boulevard, Bloomfield, NM	2500 blanco boulevard bloomfield nm
train_source1	S1-259948914	Eloisa G. Ball, O.D.	eloisa g ball od	eloisa g ball od	Bokoshe, 24879 Milton Road, OK	bokoshe 24879 milton road ok
train_source1	S1-980320825	Value Bond	value bond	value bond	1116 Anita Court, Mount Sterling, KY	1116 anita court mount sterling ky
train_source1	S1-974370004	Smart Builders Private Limited	smart builders private limited	smart builders	Faridabad, 122, Haryana, Navloo Colony, Gali No. 1, Near Ballabgarh Metro Station, Faridabad	faridabad 122 haryana navloo colony gali number 1 near ballabgarh metro station faridabad
train_source1	S1-601242427	Housing Charities	housing charities	housing charities	KY, 701 Monroe Street, Unit APARTMENT B, Newport	ky 701 monroe street unit apartment b newport
train_source1	S1-177380392	Laxmi Logistics Limited	laxmi logistics limited	laxmi logistics	C/402, Shantinagar, Dutta Mandir Road, Malad East, Mumbai, Mumbai City, Maharashtra	c 402 shantinagar dutta mandir road malad east mumbai mumbai city maharashtra
train_source1	S1-98065022	Care Consultants	care consultants	care consultants	Survey No. 29, Plot No. 2, B/H Navjivan Way Bridge, Himatnagar, Sabarkantha, Gujarat	survey number 29 plot number 2 b h navjivan way bridge himatnagar sabarkantha gujarat
train_source1	S1-375669649	Prairie Golden Towing	prairie golden towing	prairie golden towing	6344 Ramblewood Drive, Mentor, OH	6344 ramblewood drive mentor oh
train_source1	S1-130813878	Paducah Physical Therapy Care Associates	paducah physical therapy care associates	paducah physical therapy care associates	3001 Jones Road, Paducah, KY	3001 jones road paducah ky
train_source1	S1-388874339	Tovaia, L.L.C.	tovaia llc	tovaia	17 Walter Avenue, Norwalk, CT	17 walter avenue norwalk court
train_source1	S1-843616710	Super Productions Co	super productions co	super productions	29/30, Rkr Residency, B2, 1St Cross, Munekolala, Bangalore North, Bangalore, Karnataka	29 30 rkr residency b2 1st cross munekolala bangalore north bangalore karnataka
train_source1	S1-823546667	Sunrise Infrastructure Pvt Ltd	sunrise infrastructure pvt ltd	sunrise infrastructure	P No 42, 1St Floor, Devchand, U M Road, Surat City, Surat, Gujarat	p number 42 1st floor devchand u m road surat city surat gujarat
train_source1	S1-656987935	Salley Clear Chemical, LLC	salley clear chemical llc	salley clear chemical	27060 Petes Hill Trail, Elko New Market, MN	27060 petes hill trail elko new market mn
train_source1	S1-998949892	Pam Mendez Alpha Inc	pam mendez alpha inc	pam mendez alpha	8755 16 Avenue, Brooklyn, NY	8755 16 avenue brooklyn ny
train_source1	S1-858511549	Swastik Logistics Private Limited	swastik logistics private limited	swastik logistics	Sy No. 33/1, D No. 2-54/4, Vanasthali Hills, Thattiannaram, Pedamberpet, Hayathnagar, Hyderabad, Telangana	sy number 33 1 d number 2 54 4 vanasthali hills thattiannaram pedamberpet hayathnagar hyderabad telangana
train_source1	S1-342712677	Granado Valley LLC	granado valley llc	granado valley	2805 Dunaway Avenue, Cincinnati, OH	2805 dunaway avenue cincinnati oh
train_source1	S1-566822758	Virtue Charitable Trust	virtue charitable trust	virtue charitable trust	148 Lower Chitpur Rd1St Floor, Kolkata, South 24 Parganas, West Bengal	148 lower chitpur rd1st floor kolkata south 24 parganas west bengal
train_source1	S1-801645099	Ramit (India) Engineers Pvt Ltd	ramit india engineers pvt ltd	ramit india engineers	Raut Ni 111 787 Karjat Road, Khumbhargali, Karjat, Ahmed Nagar, Maharashtra	raut ni 111 787 karjat road khumbhargali karjat ahmed nagar maharashtra
train_source1	S1-177844289	Krystal's Investments	krystals investments	krystals investments	Saratoga Springs, 2244 Hunter Drive, UT	saratoga springs 2244 hunter drive ut
train_source1	S1-659932965	Flint Group	flint group	flint group	11 Wyngate, Simsbury, CT	11 wyngate simsbury court
train_source1	S1-228393799	Premier Learning Associates Corp	premier learning associates corp	premier learning associates	712 Loomis Avenue, Unit Apartment 3, Peekskill, NY	712 loomis avenue unit apartment 3 peekskill ny
train_source1	S1-350053232	Eastern Media Private Limited	eastern media private limited	eastern media	10A Ballygunge Circular Road, Kolkata, Calcutta, West Bengal	10a ballygunge circular road kolkata calcutta west bengal
train_source1	S1-568551826	Ramsey Highview Clinic	ramsey highview clinic	ramsey highview clinic	11 Doak's Lane, Marblehead, MA	11 doaks lane marblehead ma
train_source1	S1-148428619	Shyam Steel LLP	shyam steel llp	shyam steel	54/1 B4, B-Block, Om Sai Residence, Bangalore North, Bangalore, Karnataka	54 1 b4 b block om sai residence bangalore north bangalore karnataka
train_source1	S1-591365175	Heart Federation III	heart federation iii	heart federation iii	456 Sizemore Avenue, Liberty, NC	456 sizemore avenue liberty nc
train_source1	S1-585187511	Urgent Care Health	urgent care health	urgent care health	459 Electric Avenue, Unit UNIT I, Bigfork, MT	459 electric avenue unit unit i bigfork mt
train_source1	S1-477308019	Cardiology Center Group	cardiology center group	cardiology center group	930 600, Logan City, UT	930 600 logan city ut
train_source1	S1-611838759	Kudos Foundation Private Limited	kudos foundation private limited	kudos foundation	409, Gundecha Ind Complex Akurli Road Kandivali East, Mumbai, Mumbai City, Maharashtra	409 gundecha ind complex akurli road kandivali east mumbai mumbai city maharashtra
train_source1	S1-943911835	Yadav & Sons	yadav and sons	yadav and sons	P1/7A Srs Pearl Floors, Sector-87, Kheri Kalan, Faridabad, Haryana	p1 7a srs pearl floors sector 87 kheri kalan faridabad haryana
train_source1	S1-487408870	Jones Smart Prudential Inc	jones smart prudential inc	jones smart prudential	2519 Wright Avenue, Benton, AR	2519 wright avenue benton ar
train_source1	S1-201577703	Selle Doherty, Ph.D.	selle doherty phd	selle doherty phd	2005 9th Street, Unit 11, Charleston, IL	2005 9th street unit 11 charleston il
train_source1	S1-292393735	Corner Grill Inc	corner grill inc	corner grill	4416 3325, West Valley City, UT	4416 3325 west valley city ut
train_source1	S1-611106612	High Impex Private Limited	high impex private limited	high impex	4-1-Ku0034, Kuravi Road, Bandam Road, Mahabubabad, Warangal Urban, Telangana	4 1 ku0034 kuravi road bandam road mahabubabad warangal urban telangana
train_source1	S1-949279814	Z+ Maintenance P.C.	z maintenance pc	z maintenance pc	3606 Cr 382, San Antonio, TX	3606 cr 382 san antonio tx
train_source1	S1-619314161	Real Investments Private Limited	real investments private limited	real investments	8 Khasra No-914 Manas Nagar, Kanpur Road, Lucknow, Uttar Pradesh	8 khasra number 914 manas nagar kanpur road lucknow uttar pradesh
train_source1	S1-893609958	Sun Maa Hospitality Private Limited	sun maa hospitality private limited	sun maa hospitality	Xxi/152, Panadans, Cochin, Universitypost, Kalamasery, Ernakulam, Kerala	xxi 152 panadans cochin universitypost kalamasery ernakulam kerala
train_source1	S1-420365721	All Foods LLP	all foods llp	all foods	No. C75/2, 3Rd Stage, Peenya, Bangalore, Karnataka	number c75 2 3rd stage peenya bangalore karnataka
train_source1	S1-148958598	Behavioral Health Partners Inc	behavioral health partners inc	behavioral health partners	185 Locust View Way, Troy, OH	185 locust view way troy oh
train_source1	S1-163521308	Hass Signature Steers LLC	hass signature steers llc	hass signature steers	8153 Del Haven Road, Dundalk, MD	8153 del haven road dundalk md
train_source1	S1-459799143	Tandi Loy Keystone Goldman Inc	tandi loy keystone goldman inc	tandi loy keystone goldman	Du Bois, IL, 460 Keil Drive	du bois il 460 keil drive
train_source1	S1-465376969	Black Builders Private Limited	black builders private limited	black builders	Delhi, G-6 Triveni Dda Shoppingcomple Sheikh Sarai Phase, West Delhi, Delhi	delhi g 6 triveni dda shoppingcomple sheikh sarai phase west delhi delhi
train_source1	S1-281523825	Monga Investments Private Limited	monga investments private limited	monga investments	Cowork Spaces, 101, Pratap Nagar Mayur Vihar Phase 1, New Delhi, East Delhi, Delhi	cowork spaces 101 pratap nagar mayur vihar phase 1 new delhi east delhi delhi
train_source1	S1-641579109	Unique Developers Private Limited	unique developers private limited	unique developers	104/A, Block F, 32 Jnan Goswami Sarani, Kolkata, Kolkata, Howrah, West Bengal	104 a block f 32 jnan goswami sarani kolkata kolkata howrah west bengal
train_source1	S1-458605878	Opulent Express Private Limited	opulent express private limited	opulent express	New.No 40, Old.No 29, Dr.R.K.Nagar Main Road Thiruvanmiyur, Chennai, Tamil Nadu	newno 40 oldno 29 drrknagar main road thiruvanmiyur chennai tamil nadu
train_source1	S1-17225841	Maven Traders Private Limited	maven traders private limited	maven traders	Plot No. 40, 41 And 42, Survey No. 54, Kondapur, Hyderabad, Telangana	plot number 40 41 and 42 survey number 54 kondapur hyderabad telangana
train_source1	S1-263994317	Trusted Apex International LLC	trusted apex international llc	trusted apex international	12340 Walker Place, Waldorf, MD	12340 walker place waldorf md
train_source1	S1-951451939	Maa Investments Private Limited	maa investments private limited	maa investments	Villa No 68, Cyprus Palms, Serilingampally, K.V.Rangareddy, Telangana	villa number 68 cyprus palms serilingampally kvrangareddy telangana
train_source1	S1-957630265	Hunger Institute IV Group	hunger institute iv group	hunger institute iv group	OH, 2064 Sylved Lane, Cincinnati	oh 2064 sylved lane cincinnati
train_source1	S1-172454778	Integrated Supply Concepts LLC	integrated supply concepts llc	integrated supply concepts	1412 Villa Street, WI, City Of Racine	1412 villa street wi city of racine
train_source1	S1-308240187	LB Xrp	lb xrp	lb xrp	3118 Soaring Pines Trail, Conroe, TX	3118 soaring pines trail conroe tx
train_source1	S1-97737266	Perfect Properties Private Limited	perfect properties private limited	perfect properties	G-11, Umbai, Maharashtra, Mumbai, Floor- Grd, Plot -399, 7C, Udyog Bhagoji Keer Marg, Nr Paradise Cinema, M	g 11 umbai maharashtra mumbai floor grd plot 399 7c udyog bhagoji keer marg near paradise cinema m
train_source1	S1-323199760	Automation Constructions (India) Ltd	automation constructions india ltd	automation constructions india	30Vasant Marg Vasant Vihar, New Delhi, South West, Delhi	30vasant marg vasant vihar new delhi south west delhi
train_source1	S1-108027852	Empire Solid, LLC	empire solid llc	empire solid	10570 Vogel Avenue, Fl 1, Scottsdale, AZ	10570 vogel avenue fl 1 scottsdale az
train_source1	S1-42643591	Best Tech	best tech	best tech	689, Sh No G-6 A K Complex 2Nd Lane, Shahupuri, Kolhapur, Maharashtra	689 sh number g 6 a k complex 2nd lane shahupuri kolhapur maharashtra
train_source1	S1-349719765	Eye Medicine of Stow	eye medicine of stow	eye medicine of stow	5397 Diana Lynn Drive, Stow, OH	5397 diana lynn drive stow oh
train_source1	S1-863881054	Rnd (India) Enterprise Private Limited	rnd india enterprise private limited	rnd india enterprise	Ahmedabad, Gujarat, 101, Ahmedabad, F.F Sumatinath Complex Opp- Kothawala Appartments, Paldi	ahmedabad gujarat 101 ahmedabad ff sumatinath complex opposite kothawala appartments paldi
train_source1	S1-905824996	Pranav & Brothers Limited	pranav and brothers limited	pranav and brothers	825, Chaubachha Mohalla, Mathura, Uttar Pradesh	825 chaubachha mohalla mathura uttar pradesh
train_source1	S1-310744384	Taluka Savli Global Limited	taluka savli global limited	taluka savli global	Plot No. 112, Manjusar Gidc Village: Alindra, Post - Lamdapura, Taluka Savli, Vadodara, Gujarat	plot number 112 manjusar gidc village alindra post lamdapura taluka savli vadodara gujarat
train_source1	S1-755416342	Chits Manufacturers Pvt Ltd	chits manufacturers pvt ltd	chits manufacturers	Plot No - 20, Rishi Colony, Gandhi Nagar Railway Station, Gate No. 2, Tonk Road, Jaipur, Rajasthan	plot number 20 rishi colony gandhi nagar railway station gate number 2 tonk road jaipur rajasthan
train_source1	S1-303791674	Shencottah-627 809 Shencottah-627 809 Rubber Public Limited	shencottah 627 809 shencottah 627 809 rubber public limited	shencottah 627 809 shencottah 627 809 rubber public	No.9, Tenkasi Road, Shencottah-627 809 Shencottah-627 809, Shencottah-627 809, Tamil Nadu	no9 tenkasi road shencottah 627 809 shencottah 627 809 shencottah 627 809 tamil nadu
train_source1	S1-82102704	North Superior Medicines LLC	north superior medicines llc	north superior medicines	4933 Woodstock Drive, Georgetown, TX	4933 woodstock drive georgetown tx
train_source1	S1-42848680	Pune Organic Private Limited	pune organic private limited	pune organic	10 Chaitanya 32 Snehnag Sane Guruji Road, Sadashiv Peth, Pune, Maharashtra	10 chaitanya 32 snehnag sane guruji road sadashiv peth pune maharashtra
train_source1	S1-62689130	Stauffer Printing LLC	stauffer printing llc	stauffer printing	1476 Roddy Springs Road, Coalmont, TN	1476 roddy springs road coalmont tn
train_source1	S1-501073561	Shepard and Alvarez LLC	shepard and alvarez llc	shepard and alvarez	IL, Libertyville, 319 Carriage Hill Circle	il libertyville 319 carriage hill circle
train_source1	S1-726860670	Oneil National Sprott, Inc	oneil national sprott inc	oneil national sprott	18 Morning Dew Drive, Asheville, NC	18 morning dew drive asheville nc
train_source1	S1-979860618	Family Center	family center	family center	840 Norton Road, Berlin, CT	840 norton road berlin court
train_source1	S1-203924219	Mesa Community Complete Church	mesa community complete church	mesa community complete church	2305 Main Street, Unit 135, Mesa, AZ	2305 main street unit 135 mesa az
train_source1	S1-802078075	Lamantia Molecular	lamantia molecular	lamantia molecular	4428 Montevallo Road, Birmingham, AL	4428 montevallo road birmingham al
train_source1	S1-487019031	Margalo P. Bryan, P.A.	margalo p bryan pa	margalo p bryan pa	23824 Rolling Fork Way, Gaithersburg, MD	23824 rolling fork way gaithersburg md
train_source1	S1-996523584	Common Consultants Care	common consultants care	common consultants care	House No 2244 Sector-28, Faridabad, Haryana	house number 2244 sector 28 faridabad haryana
train_source1	S1-701406091	Smith's American Grading PC	smiths american grading pc	smiths american grading pc	61185 Larkwood Drive, Bend, OR	61185 larkwood drive bend or
train_source1	S1-327553650	Urban Ice Cream	urban ice cream	urban ice cream	322 Woodhills Boulevard, West Carrollton, OH	322 woodhills boulevard west carrollton oh
train_source1	S1-42184977	Vigilant Trading Private Limited	vigilant trading private limited	vigilant trading	House Plot No. 47, Blk-I, Kh. No. 105/16, Raja Puri, New Delhi, West Delhi, Delhi	house plot number 47 blk i kh number 105 16 raja puri new delhi west delhi delhi
train_source1	S1-388617413	2335 Market Road Realty	2335 market road realty	2335 market road realty	Coolidge, AZ, 339 Kenworthy Road	coolidge az 339 kenworthy road
train_source1	S1-106766409	Ramesh Cartons Limited	ramesh cartons limited	ramesh cartons	No.3/2 Perumal Koil Streetmadurai Vedu Near Thiruvarkadu, Chennai-77, Chennai, Tamil Nadu	no3 2 perumal koil streetmadurai vedu near thiruvarkadu chennai 77 chennai tamil nadu
train_source1	S1-709888578	Saroornagar Store Private Limited	saroornagar store private limited	saroornagar store	K.V.Rangareddy, Saroornagar, Telangana, 7-2-7/Dg/136, 1St Floor, Road 6, Durganagar Colony	kvrangareddy saroornagar telangana 7 2 7 dg 136 1st floor road 6 durganagar colony
train_source1	S1-202530197	Ferryx Internet LLC	ferryx internet llc	ferryx internet	8417 Cain River Drive, Frisco, TX	8417 cain river drive frisco tx
train_source1	S1-462108517	Technologies Cosmic Productions Limited	technologies cosmic productions limited	technologies cosmic productions	166 Part-D, Baijal Bhawan, Civil Line, Meerut, Uttar Pradesh	166 part d baijal bhawan civil line meerut uttar pradesh
train_source1	S1-492381760	Second Controls Limited	second controls limited	second controls	Sector K, Plot No. 10 To 15 Parvati Co-Op Industrial Estate, Yadrav, Ichalkaranji, Kolhapur, Maharashtra	sector k plot number 10 to 15 parvati co op industrial estate yadrav ichalkaranji kolhapur maharashtra
train_source1	S1-194603851	South Family Practice	south family practice	south family practice	5185 Devon Drive, North Olmsted, OH	5185 devon drive north olmsted oh
train_source1	S1-487865990	Cothran and Higgins	cothran and higgins	cothran and higgins	Portage, IN, 5520 6	portage in 5520 6
train_source1	S1-896341705	First Cathedral Partners	first cathedral partners	first cathedral partners	4697 Carolina Avenue, Marion County, OR	4697 carolina avenue marion county or
train_source1	S1-178961928	Rnd (India) Healthcare Private Limited	rnd india healthcare private limited	rnd india healthcare	267A, C.R. Avenue, Kolkata, Kolkata, Howrah, West Bengal	267a cr avenue kolkata kolkata howrah west bengal
train_source1	S1-593436824	Bouchard, Faust & Bowser Corp	bouchard faust and bowser corp	bouchard faust and bowser	4484 Clifford Road, Brownsburg, IN	4484 clifford road brownsburg in
train_source1	S1-70746778	Rajdarbar Business Private Limited	rajdarbar business private limited	rajdarbar business	Khasra No. 16/1/4, Kundli, Sonepat, Haryana	khasra number 16 1 4 kundli sonepat haryana
train_source1	S1-384152983	Womens Health Specialists PLLC	womens health specialists pllc	womens health specialists pllc	215 View Street, Oreana, IL	215 view street oreana il
train_source1	S1-540458030	Williams Sea	williams sea	williams sea	2201 Palmer Avenue, Unit Apartment 4E, New Rochelle, NY	2201 palmer avenue unit apartment 4e new rochelle ny
train_source1	S1-220334720	Western Medical Center LLC	western medical center llc	western medical center	20118 Baldwin Beach Express, Robertsdale, AL	20118 baldwin beach express robertsdale al
train_source1	S1-406655545	Indian Investment Pvt Ltd	indian investment pvt ltd	indian investment	C/O-Shri Changdev Trinbak Salave, 12637/ 12 Pushkraj Residency B Wing Basement, Sangli, Maharashtra	c o shri changdev trinbak salave 12637 12 pushkraj residency b wing basement sangli maharashtra
train_source1	S1-13864555	Ear Nose & Throat Keystone Care LLC	ear nose and throat keystone care llc	ear nose and throat keystone care	5103 Raven Street, Gillette, WY	5103 raven street gillette wy
train_source1	S1-216986373	Calderon Hancock LLC	calderon hancock llc	calderon hancock	Springfield, 633 Pleasant Street, OR	springfield 633 pleasant street or
train_source1	S1-434086049	Ravish Holding Private Limited	ravish holding private limited	ravish holding	67/45 B Strand Road, Kolkata, Calcutta, West Bengal	67 45 b strand road kolkata calcutta west bengal
train_source1	S1-302643182	Dominic Servicesprivate (India) Private Limited	dominic servicesprivate india private limited	dominic servicesprivate india	Srinarayan Campus, Myorepur, Sonbhadra, Mirzapur, Sonbhadra, Uttar Pradesh	srinarayan campus myorepur sonbhadra mirzapur sonbhadra uttar pradesh
train_source1	S1-762326721	Pediatric Dental Trusted Care	pediatric dental trusted care	pediatric dental trusted care	Central City, 508 Harrison Avenue, KY	central city 508 harrison avenue ky
train_source1	S1-682041645	Pune Builders Public Limited	pune builders public limited	pune builders public	Pune, Maharashtra, S.No.10/2B, Pune, Sapkal Wasti	pune maharashtra sno10 2b pune sapkal wasti
train_source1	S1-56629354	Classic Engineering Pvt Ltd	classic engineering pvt ltd	classic engineering	7-2-C-14, Industrial Estate, Sanath Nagar, Balanagar, Hyderabad, Telangana	7 2 c 14 industrial estate sanath nagar balanagar hyderabad telangana
train_source1	S1-75631487	New Delhi Parts Private Limited	new delhi parts private limited	new delhi parts	A-31, Iind Floor, F.I.E.E. Complex, Okhla Industrial Area, Phase-Ii, New Delhi, South Delhi, Delhi	a 31 iind floor fiee complex okhla industrial area phase ii new delhi south delhi delhi
train_source1	S1-520361644	Clementine Brouwer, CPA	clementine brouwer cpa	clementine brouwer cpa	W1973 Vans Court, Town Of Freedom, WI	w1973 vans court town of freedom wi
train_source1	S1-390937720	Jalpaiguri Foundation Private Limited	jalpaiguri foundation private limited	jalpaiguri foundation	Survey No 194/4 Paiki, Village-Piludra Ta- Pratij, Dist-Sabarkantha., Prantij, Sabarkantha, Gujarat	survey number 194 4 paiki village piludra ta pratij dist sabarkantha prantij sabarkantha gujarat
train_source1	S1-104218993	Maharathi Televisions Pvt Ltd	maharathi televisions pvt ltd	maharathi televisions	21-B, Abhijit Chs Ltd, M.T.N.L.Road, Dadar, Mumbai, Maharashtra	21 b abhijit chs ltd mtnlroad dadar mumbai maharashtra
train_source1	S1-328105321	Saint Louis Ligand	saint louis ligand	saint louis ligand	Unit APT A, MO, 43 Joyce Ellen Lane, Saint Louis	unit apartment a mo 43 joyce ellen lane saint louis
train_source1	S1-942449735	Construction Information (India) Pvt Ltd	construction information india pvt ltd	construction information india	Plot No - 86/132, Khata No - 206/143, At - Bijepur, Post -Khariar, Dist - Nuapada, Khariar, Kalahandi, Orissa	plot number 86 132 khata number 206 143 at bijepur post khariar dist nuapada khariar kalahandi orissa
train_source1	S1-716830359	Spicer Star Environmental Services LLC	spicer star environmental services llc	spicer star environmental services	Fl 0, MO, Saint Louis, 9327 Atwood Drive	fl 0 mo saint louis 9327 atwood drive
train_source1	S1-34916446	Anand Hospitality Private Limited	anand hospitality private limited	anand hospitality	Shop No. 8. Dheeraj Heritage Residency - 1, Linking Road Extn., Santacruz (West), Mumbai, Mumbai City, Maharashtra	shop number 8 dheeraj heritage residency 1 linking road extn santacruz west mumbai mumbai city maharashtra
train_source1	S1-585407266	A Certified Trust LLC	a certified trust llc	a certified trust	27 Lincoln Road, Wethersfield, CT	27 lincoln road wethersfield court
train_source1	S1-458223959	Happy Cleaning Service	happy cleaning service	happy cleaning service	1338 Mordecai Overlook Circle, Raleigh, NC	1338 mordecai overlook circle raleigh nc
train_source1	S1-489817305	Choice Equity Advisors Company	choice equity advisors company	choice equity advisors	4132 Iris Avenue, Fort Worth, TX	4132 iris avenue fort worth tx
train_source1	S1-642038314	Proum	proum	proum	2248 Nelson Drive, Niskayuna, NY	2248 nelson drive niskayuna ny
train_source1	S1-566137077	Wilson & Lowery Systems	wilson and lowery systems	wilson and lowery systems	138054 Naugart Drive, Town Of Berlin, WI	138054 naugart drive town of berlin wi
train_source1	S1-524463249	Zeex Worldwide Inc	zeex worldwide inc	zeex worldwide	3622 Davis Street, Conroe, TX	3622 davis street conroe tx
train_source1	S1-641249328	Sacramento Veterans Highland Society	sacramento veterans highland society	sacramento veterans highland society	CA, Sacramento, 5741 55th Street	ca sacramento 5741 55th street
train_source1	S1-738271924	Miis Advisors	miis advisors	miis advisors	10455 Sawyer Avenue, Chicago, IL	10455 sawyer avenue chicago il
train_source1	S1-40864644	Services Red Polytech Private Limited	services red polytech private limited	services red polytech	153, Gopal Colony Ward No.16, Jhabua, Madhya Pradesh	153 gopal colony ward no16 jhabua madhya pradesh
train_source1	S1-303700722	Safar Investment Private Limited	safar investment private limited	safar investment	Plot No 500, 501, 505, 506, Sy No 300-303, 306 To 311, 313 To 315, Narsingi Village, Gandipet Mandal, Rangareddy, Telangana	plot number 500 501 505 506 sy number 300 303 306 to 311 313 to 315 narsingi village gandipet mandal rangareddy telangana
train_source1	S1-617253448	Mountz Colonial Hartford Inc	mountz colonial hartford inc	mountz colonial hartford	2630 Springdale Drive, Rockford, IL	2630 springdale drive rockford il
train_source1	S1-379692908	Adams Frontier Xflh Center	adams frontier xflh center	adams frontier xflh center	Sacramento, 5449 Sky Parkway, CA	sacramento 5449 sky parkway ca
train_source1	S1-697294833	Shiva Media Private Limited	shiva media private limited	shiva media	818B, The Camellias, Golf Course Road, Sector 42, Gurgaon, Haryana, Galleria Dlf-Iv	818b the camellias golf course road sector 42 gurgaon haryana galleria dlf iv
train_source1	S1-140882270	Prairie Bumrungrad LLC	prairie bumrungrad llc	prairie bumrungrad	3736 Everett Street, Lincoln, NE	3736 everett street lincoln ne
train_source1	S1-199339248	Adams, Veda, D.D.S.	adams veda dds	adams veda dds	5023 Pimlico Road, MD, Baltimore	5023 pimlico road md baltimore
train_source1	S1-723275887	Little & Co	little and co	little and	Telangana, Hyderabad, H.No.32/5, Sardar Patel Nagar Kukutpally	telangana hyderabad hno32 5 sardar patel nagar kukutpally
train_source1	S1-75627448	Dental Reliable Physicians	dental reliable physicians	dental reliable physicians	24 Topstone Drive, Bethel, CT	24 topstone drive bethel court
train_source1	S1-169326669	Ashish Jyotish Company	ashish jyotish company	ashish jyotish	West Bengal, C/O Dildar Hossain, Suti, Murshidabad	west bengal c o dildar hossain suti murshidabad
train_source1	S1-981670420	WQ Centre Group	wq centre group	wq centre group	Kalpetta, Wayanad, Paraparambil House Pinangode Road, Kerala	kalpetta wayanad paraparambil house pinangode road kerala
train_source1	S1-418423816	Barnes, Campbell & Hillman Guaranty Inc.	barnes campbell and hillman guaranty inc	barnes campbell and hillman guaranty	35 Madison Avenue, Unit Apartment 1C, Spring Valley, NY	35 madison avenue unit apartment 1c spring valley ny
train_source1	S1-199429633	Rodgers Sunshine LLC	rodgers sunshine llc	rodgers sunshine	6363 Nash Road, Wheatfield, NY	6363 nash road wheatfield ny
train_source1	S1-663286282	Reliable Heartland Development	reliable heartland development	reliable heartland development	413 Snyder Avenue, Salina, NY	413 snyder avenue salina ny
train_source1	S1-159514912	Rev It Up Tavern Inc	rev it up tavern inc	rev it up tavern	2490 Holt Town Road, Newport, TN	2490 holt town road newport tn
train_source1	S1-736761428	Rodriguez, Guest & Brooks	rodriguez guest and brooks	rodriguez guest and brooks	450431 316 Drive, Afton, OK	450431 316 drive afton ok
train_source1	S1-327370768	Solan & Co	solan and co	solan and	Plot No. 2006/7, G.I.D.C. Estate, Anand, Gujarat	plot number 2006 7 gidc estate anand gujarat
train_source1	S1-553334532	United Coalition Inc.	united coalition inc	united coalition	2822 Bering Drive, Houston, TX	2822 bering drive houston tx
train_source1	S1-917409598	Safe Property Advisors LLC	safe property advisors llc	safe property advisors	5207 Stratton Road, Richmond City, VA	5207 stratton road richmond city va
train_source1	S1-621488405	Him Consultancy Limited	him consultancy limited	him consultancy	8, Ramban Co. Op. Hsg. Soc., S. No. 252/2-3, Baner Opp. Aundh Telephone Exchange, Pune, Maharashtra	8 ramban co op hsg soc south number 252 2 3 baner opposite aundh telephone exchange pune maharashtra
train_source1	S1-685028795	HCC Capital Private Limited	hcc capital private limited	hcc capital	Pethkar Projects Siyona, B2/702Sno47(P)48(P)50(P)7, Pune City, Pune, Maharashtra	pethkar projects siyona b2 702sno47p48p50p7 pune city pune maharashtra
train_source1	S1-545790155	Corner Deli	corner deli	corner deli	410 Margaret Drive, Herrin, IL	410 margaret drive herrin il
train_source1	S1-815441395	Marquez, Koogler and Jones LLC	marquez koogler and jones llc	marquez koogler and jones	6645 253, Twin, AL	6645 253 twin al
train_source1	S1-26906339	Herring, Johnson and Collins	herring johnson and collins	herring johnson and collins	2173 28-HEAD Of The Bay Road, Unit 2, Harwich, MA	2173 28 head of the bay road unit 2 harwich ma
train_source1	S1-144913221	Vijay Food Limited	vijay food limited	vijay food	465/32 Hata Sitara, Begum, Lucknow, Uttar Pradesh	465 32 hata sitara begum lucknow uttar pradesh
train_source1	S1-17779586	Moses Vendome LLC	moses vendome llc	moses vendome	1404 Brighton Court, Southlake, TX	1404 brighton court southlake tx
train_source1	S1-397935071	Beacon Crystal Williams	beacon crystal williams	beacon crystal williams	431 Pickett Drive, Fort Wright, KY	431 pickett drive fort wright ky
train_source1	S1-998207330	Raghunathapali Advisory Private Limited	raghunathapali advisory private limited	raghunathapali advisory	Plot No 2286, At Brahmani Tarang, Po-Vedvyas, Ps-B. Tarang, Raghunathapali, Sundargarh, Orissa	plot number 2286 at brahmani tarang po vedvyas ps b tarang raghunathapali sundargarh orissa
train_source1	S1-686749094	Reliable Software Solutions LLC	reliable software solutions llc	reliable software solutions	OR, Milwaukie, 12024 Beckman Avenue	or milwaukie 12024 beckman avenue
train_source1	S1-123331890	Birch Computing Inc	birch computing inc	birch computing	6941 Saddle Horse Way, Citrus Heights, CA	6941 saddle horse way citrus heights ca
train_source1	S1-579194394	Empire Best Airlines, LLC	empire best airlines llc	empire best airlines	9134 Creede Trail, Fort Worth, TX	9134 creede trail fort worth tx
train_source1	S1-786620416	Modi Consultancy	modi consultancy	modi consultancy	143, Bidhu Bhuson Sen Gupta Road, Lp 52/42/4/5, Kolkata, Kolkata, Howrah, West Bengal	143 bidhu bhuson sen gupta road lp 52 42 4 5 kolkata kolkata howrah west bengal
train_source1	S1-350560084	Yukti (India) Fruits Private Limited	yukti india fruits private limited	yukti india fruits	Pakkan House Keecheri, Pappinisseri P.O., Valiapatanam, Kannur, Kerala	pakkan house keecheri pappinisseri po valiapatanam kannur kerala
train_source1	S1-950265172	Nickelson, Ware and Gil LLC	nickelson ware and gil llc	nickelson ware and gil	13404 Rippling Brook Drive, Silver Spring, MD	13404 rippling brook drive silver spring md
train_source1	S1-338830003	Doex LLC	doex llc	doex	5421 Lakeside Avenue, Crystal, MN	5421 lakeside avenue crystal mn
train_source1	S1-418655393	Wright Solid PLLC	wright solid pllc	wright solid pllc	328 Union Place, City Of Manitowoc, WI	328 union place city of manitowoc wi
train_source1	S1-429691516	Led Mail Pvt Ltd	led mail pvt ltd	led mail	Tamil Nadu, Kk Ngr, 187, Chennai, Sv Lingam Stkk Ngr, Chennai Kk Ngr, Chennai	tamil nadu kk ngr 187 chennai sv lingam stkk ngr chennai kk ngr chennai
train_source1	S1-106410807	CJV Regional Principal of Town Of Oakland	cjv regional principal of town of oakland	cjv regional principal of town of oakland	Town Of Oakland, 29374 Long Hayden Lane, WI	town of oakland 29374 long hayden lane wi
train_source1	S1-770749194	National United Oriental Company	national united oriental company	national united oriental	328 Weaverville Road, Woodfin, NC	328 weaverville road woodfin nc
train_source1	S1-404124513	Finance Advantech India Private Limited	finance advantech india private limited	finance advantech india	460, Third Floor, Kohat Enclave Pitam Pura, New Delhi, North West, Delhi	460 third floor kohat enclave pitam pura new delhi north west delhi
train_source1	S1-993662167	Kozhikode India Private Limited	kozhikode india private limited	kozhikode india	Building No. 14/206 D, Kerala, Kozhikode, 1St Floor, Rifa Building Kerafed Junction, Mannakavu P.O, Naduvan, Noor, Kozhikode	building number 14 206 d kerala kozhikode 1st floor rifa building kerafed junction mannakavu po naduvan noor kozhikode
train_source1	S1-819933808	Alyss's Jewelers	alysss jewelers	alysss jewelers	901 4th Street, Stillwater, MN	901 4th street stillwater mn
train_source1	S1-631152952	First Lutheran Church	first lutheran church	first lutheran church	595 Hicks Road, Unit E, Nashville, TN	595 hicks road unit east nashville tn
train_source1	S1-824919785	AL Transport Private Limited	al transport private limited	al transport	Tamil Nadu, Manasarover Oyster Bay Anand Farms Muttukadu Village, Chingleput Taluk, Kancheepuram, House No.24	tamil nadu manasarover oyster bay anand farms muttukadu village chingleput taluk kancheepuram house no24
train_source1	S1-739611320	Southern Northland LLC	southern northland llc	southern northland	101 N Sierra Woods Drive, Rockport, TX	101 north sierra woods drive rockport tx
train_source1	S1-362007759	Swastik Trading Private Limited	swastik trading private limited	swastik trading	G C Jaika Aptscivil Lines, Nagpur, Maharashtra	g c jaika aptscivil lines nagpur maharashtra
train_source1	S1-91665845	Brooks, Hinkle & Young	brooks hinkle and young	brooks hinkle and young	10706 Pinedale Dr, Jeffersontown, KY	10706 pinedale drive jeffersontown ky
train_source1	S1-208942438	Phillips & Christensen Storage Inc	phillips and christensen storage inc	phillips and christensen storage	UT, Vernal, 48 100	ut vernal 48 100
train_source1	S1-376656562	Vijay Care Private Limited	vijay care private limited	vijay care	1497/16, Eacharath H Mannuthy P.O., Thrissur, Kerala	1497 16 eacharath h mannuthy po thrissur kerala
train_source1	S1-967173158	Sky Tech	sky tech	sky tech	H No A265 J K Road New Minal Rajhomes, Bhopal, Madhya Pradesh	h number a265 j k road new minal rajhomes bhopal madhya pradesh
train_source1	S1-521250108	Tiff Clemons Secure Zeo LLC	tiff clemons secure zeo llc	tiff clemons secure zeo	119 Freeman Court, Houma, LA	119 freeman court houma la
train_source1	S1-861123839	Safe Semiconductor International Inc	safe semiconductor international inc	safe semiconductor international	803 3rd Street Place, Conover, NC	803 3rd street place conover nc
train_source1	S1-549612411	Loex Maritime PC	loex maritime pc	loex maritime pc	Philipsburg, Unit CARRIAGE HSE - APT C, 51 Rocking J Ranch Lane, MT	philipsburg unit carriage hse apartment c 51 rocking j ranch lane mt
train_source1	S1-783056748	Kelley Animal Hospital	kelley animal hospital	kelley animal hospital	Unit 204, NC, 1060 Watercourse Circle, Graham	unit 204 nc 1060 watercourse circle graham
train_source1	S1-609653903	Global Committee	global committee	global committee	441 Evergreen Street, Fl 1, Chandler, AZ	441 evergreen street fl 1 chandler az
train_source1	S1-355649086	Sigma Brothers Pvt. Ltd.	sigma brothers pvt ltd	sigma brothers	Agasthi Apartment, P. No. 65 F.No.T-2, Dhighori, Nagpur, Maharashtra	agasthi apartment p number 65 fnot 2 dhighori nagpur maharashtra
train_source1	S1-511355563	Hotel Technologies Private Limited	hotel technologies private limited	hotel technologies	Pune, Flat No. A5 506, Genesis, Sr. No. 123/1/2 And 123/1/3, Maharashtra, Pune	pune flat number a5 506 genesis sr number 123 1 2 and 123 1 3 maharashtra pune
train_source1	S1-152556345	Global Lincoln LLC	global lincoln llc	global lincoln	2 Highland Avenue, Orchard Park, NY	2 highland avenue orchard park ny
train_source1	S1-662196575	Atul Life Pvt Ltd	atul life pvt ltd	atul life	Haryana, Faridabad, Gf-132 Indraprastha Colony Sector 30-33	haryana faridabad gf 132 indraprastha colony sector 30 33
train_source1	S1-167577766	Hansen White	hansen white	hansen white	6507 Clear Drop Way, Unit 302, Glen Burnie, MD	6507 clear drop way unit 302 glen burnie md
train_source1	S1-131053132	All Industrial Innovations	all industrial innovations	all industrial innovations	2110 Knox School Road, Greene, NC	2110 knox school road greene nc
train_source1	S1-892015074	New Food	new food	new food	Sy No 802, 806, 807, Beeramguda, Ramachandrapuram, Medak, Telangana	sy number 802 806 807 beeramguda ramachandrapuram medak telangana
train_source1	S1-246478198	Modern Marketing Private Limited	modern marketing private limited	modern marketing	5-8-49/2/1/A, Gadwal Compound, Nampally, Hyderabad, Telangana	5 8 49 2 1 a gadwal compound nampally hyderabad telangana
train_source1	S1-908932165	Clean Mobility Global	clean mobility global	clean mobility global	916 Powell Valley Shores Circle, Speedwell, TN	916 powell valley shores circle speedwell tn
train_source1	S1-335478469	Audy Parker Blue Yield Corp	audy parker blue yield corp	audy parker blue yield	1064 Dwarf Lane, Bedford County, VA	1064 dwarf lane bedford county va
train_source1	S1-850983521	Certified Network Partners LLC	certified network partners llc	certified network partners	121 Summit Street, Baileyville, ME	121 summit street baileyville me
train_source1	S1-504285887	Swastik Foods Private Limited	swastik foods private limited	swastik foods	House No.809-816 Flat 202, Sector 11, Juhugaon, Thane, Maharashtra	house no809 816 flat 202 sector 11 juhugaon thane maharashtra
train_source1	S1-392219093	Md Services Limited	md services limited	md services	5Th Floor Bhandari House91, Nehru Place, New Delhi, Delhi	5th floor bhandari house91 nehru place new delhi delhi
train_source1	S1-593999035	Vikalp Trading Private Limited	vikalp trading private limited	vikalp trading	Hig 28, Balagi Nagar Kukatpally, Hyderabad, Telangana	hig 28 balagi nagar kukatpally hyderabad telangana
train_source1	S1-222806068	Maa Products Private Limited	maa products private limited	maa products	No.89, 2Nd Floor, Jr Plaza Cmc Road, Senjai, Karaikudi, Sivaganga, Tamil Nadu	no89 2nd floor jr plaza cmc road senjai karaikudi sivaganga tamil nadu
train_source1	S1-856710782	Sunrise Technologies Limited	sunrise technologies limited	sunrise technologies	No.60, 7Th Cross, 8Th Main Bikasipura, Bangalore, Karnataka	no60 7th cross 8th main bikasipura bangalore karnataka
train_source1	S1-774387323	Trusty Homes Inc	trusty homes inc	trusty homes	130 Elm Lane, North Hempstead, NY	130 elm lane north hempstead ny
train_source1	S1-665624518	Shree Food Private Limited	shree food private limited	shree food	Shop -812, The Capital, Opp Hetarth Party Plot, Ahmedabad, Gujarat	shop 812 the capital opposite hetarth party plot ahmedabad gujarat
train_source1	S1-513223898	Black Logistics Private Limited	black logistics private limited	black logistics	J-1985 F/F, C.R. Park New Delhi, Delhi, South Delhi, Delhi	j 1985 f f cr park new delhi delhi south delhi delhi
train_source1	S1-40341246	Adamya Gym Pvt Ltd	adamya gym pvt ltd	adamya gym	Shed No.117 Abhishree Industrial Park B/H Grand Vishala, S P Ring Road, Odhav, Ahmedabad, Gujarat	shed no117 abhishree industrial park b h grand vishala south p ring road odhav ahmedabad gujarat
train_source1	S1-84172548	Prime Food Private Limited	prime food private limited	prime food	No. 14, 13Th Cross, Gante S Gopal Building Opposite To Kandhya Bhavan, Cubbonpet, Bangalore, Karnataka	number 14 13th cross gante south gopal building opposite to kandhya bhavan cubbonpet bangalore karnataka
train_source1	S1-433213068	SOD Infoways Private Limited	sod infoways private limited	sod infoways	No.15, Veeraragavalu Nagar Kathirvedu South West, Kathirvedu, Chennai, Tamil Nadu	no15 veeraragavalu nagar kathirvedu south west kathirvedu chennai tamil nadu
train_source1	S1-446613662	Carmelita Elliott Premier Biotechnologies	carmelita elliott premier biotechnologies	carmelita elliott premier biotechnologies	517 Charles Place, Munford, TN	517 charles place munford tn
train_source1	S1-84838337	Little Hair Studio	little hair studio	little hair studio	20458 Crosslin Road, Earlsboro, OK	20458 crosslin road earlsboro ok
train_source1	S1-833798119	Regional Spruce LLC	regional spruce llc	regional spruce	10 N1026, Eagar, AZ	10 n1026 eagar az
train_source1	S1-479915851	Wooldridge Managed	wooldridge managed	wooldridge managed	18009 Mondamon Road, Apple Valley, CA	18009 mondamon road apple valley ca
train_source1	S1-542211755	Rev It Up Seafood Inc	rev it up seafood inc	rev it up seafood	11903 Sunset Court, Plymouth, IN	11903 sunset court plymouth in
train_source1	S1-948549202	Divue LLC	divue llc	divue	8429 2nd Avenue, Birmingham, AL	8429 2nd avenue birmingham al
train_source1	S1-652564669	Tate Knight Ameren LLC	tate knight ameren llc	tate knight ameren	W1360 Home View Road, Town Of Concord, WI	w1360 home view road town of concord wi
train_source1	S1-261133992	Good Power	good power	good power	Flat No.603/E2, Nr. Rutu Estate, Rutu, Towers, Patli Pada, Ghodbunder Road, Thane, Maharashtra	flat no603 e2 near rutu estate rutu towers patli pada ghodbunder road thane maharashtra
train_source1	S1-277460033	Jackson, Cortez & Taylor Ltd	jackson cortez and taylor ltd	jackson cortez and taylor	71 Norman Street, West Springfield, MA	71 norman street west springfield ma
train_source1	S1-802494740	Hooks, Tener & Guenther Choice Corp	hooks tener and guenther choice corp	hooks tener and guenther choice	1212 Cross Street, Mountain Home, AR	1212 cross street mountain home ar
train_source1	S1-486185859	Midwest Coalition	midwest coalition	midwest coalition	411 21st Street, Newton, NC	411 21st street newton nc
train_source1	S1-435143060	Yalonda Steiner Bce LLC	yalonda steiner bce llc	yalonda steiner bce	410 5th Avenue, Nome, AK	410 5th avenue nome ak
train_source1	S1-917085859	Shivam Systems LLP	shivam systems llp	shivam systems	Palwal, 561, Housing Board Colony, Faridabad, Nakul Farm, Haryana, Hathin	palwal 561 housing board colony faridabad nakul farm haryana hathin
train_source1	S1-878053360	Optlaex Holdings Associates	optlaex holdings associates	optlaex holdings associates	509 Main Street, Lebanon, OH	509 main street lebanon oh
train_source1	S1-505090910	Main Street Deli	main street deli	main street deli	2538 Wah Avenue, Sacramento, CA	2538 wah avenue sacramento ca
train_source1	S1-148758725	Iconic Mist Limited	iconic mist limited	iconic mist	Kanpur, 94/42-A, Sanjay Gandhi Nagar Naubasta, Kanpur, Uttar Pradesh	kanpur 94 42 a sanjay gandhi nagar naubasta kanpur uttar pradesh
train_source1	S1-25879788	UKF Chesapeake, Inc.	ukf chesapeake inc	ukf chesapeake	141 Harold Street, MA, Boston	141 harold street ma boston
train_source1	S1-234423373	Coretta's Occupational Therapy Inc	corettas occupational therapy inc	corettas occupational therapy	Sneads Ferry, 302 Sumac Court, NC	sneads ferry 302 sumac court nc
train_source1	S1-460146213	Gujarat Business LLP	gujarat business llp	gujarat business	1-3-183/40/46/5, Gandhi Nagar Hyderabad., Andhra Pradesh, Telangana	1 3 183 40 46 5 gandhi nagar hyderabad andhra pradesh telangana
train_source1	S1-469535575	Mangal Construction Associates	mangal construction associates	mangal construction associates	Gautam Buddha Nagar, Noida, Ats Dolce, Gh-12A, Zeta-I, Flat No. - 5Gf1, Uttar Pradesh	gautam buddha nagar noida ats dolce gh 12a zeta i flat number 5gf1 uttar pradesh
train_source1	S1-328996647	Noida Breeding Private Limited	noida breeding private limited	noida breeding	Unit No 1, 7Th Floor, Bptp Capital City, Tower 1, Plot No 2B, Sector 94, Noida, Gautam Buddha Nagar, Uttar Pradesh	unit number 1 7th floor bptp capital city tower 1 plot number 2b sector 94 noida gautam buddha nagar uttar pradesh
train_source1	S1-298826786	Rapid Wholesale Consultants	rapid wholesale consultants	rapid wholesale consultants	1171 12, Town Of Warren, WI	1171 12 town of warren wi
train_source1	S1-803590345	Horizon LLC	horizon llc	horizon	1109 Pea Ridge Road, Huntington, WV	1109 pea ridge road huntington wv
train_source1	S1-131673126	Anilva Finmart Private Limited	anilva finmart private limited	anilva finmart	C/O Ganesh Vishwanath Birajdar Near Petrol Pump, A/ P. Lamjana, Tq Ausa, Latur, Maharashtra	c o ganesh vishwanath birajdar near petrol pump a p lamjana tq ausa latur maharashtra
train_source1	S1-100899977	Eye Care Associates of Mount Pleasant Associates	eye care associates of mount pleasant associates	eye care associates of mount pleasant associates	135 Bowser Road, Mount Pleasant, AR	135 bowser road mount pleasant ar
train_source1	S1-197197167	Lucie Butler, P.A. LP	lucie butler pa lp	lucie butler pa lp	11348 114th Avenue, Town Of Tilden, WI	11348 114th avenue town of tilden wi
train_source1	S1-691890832	Teamsters Union Local No 101 LLC	teamsters union local no 101 llc	teamsters union local no 101	1877 Elmhurst Drive, Germantown, TN	1877 elmhurst drive germantown tn
train_source1	S1-824076722	Al Enterprises Pvt Ltd	al enterprises pvt ltd	al enterprises	Office No-201, 2Nd Floor, Global Square, Cts No-1505, S.No-247, Yerwada, Pune City, Pune, Maharashtra	office number 201 2nd floor global square cts number 1505 sno 247 yerwada pune city pune maharashtra
train_source1	S1-590317213	Ruiz Frontier Lane Clinic	ruiz frontier lane clinic	ruiz frontier lane clinic	2157 Gilmer Lane, James City County, VA	2157 gilmer lane james city county va
train_source1	S1-709074730	Superior Defense Industries Clinic	superior defense industries clinic	superior defense industries clinic	25400 Pink Hill Road, Independence, MO	25400 pink hill road independence mo
train_source1	S1-238106423	Steelworkers Local 22 Clinic	steelworkers local 22 clinic	steelworkers local 22 clinic	1709 Washougal River Road, Washougal, WA	1709 washougal river road washougal wa
train_source1	S1-225330324	Merl's First Massage Co	merls first massage co	merls first massage	IN, Indianapolis, 3531 Guilford Avenue	in indianapolis 3531 guilford avenue
train_source1	S1-154180077	OS Pinnacle Solutions Inc	os pinnacle solutions inc	os pinnacle solutions	45 Washington Street, Unit 79, Methuen, MA	45 washington street unit 79 methuen ma
train_source1	S1-233296344	Brown Trading Pvt. Ltd.	brown trading pvt ltd	brown trading	8, Greenwood Apartment 22, Gokhle Marg, Lucknow, Uttar Pradesh	8 greenwood apartment 22 gokhle marg lucknow uttar pradesh
train_source1	S1-567398746	Crystal First Transport LLC	crystal first transport llc	crystal first transport	12007 Sage Ridge Circle, Sandy City, UT	12007 sage ridge circle sandy city ut
train_source1	S1-278756630	Art Enterprises LLP	art enterprises llp	art enterprises	14 2Nd Floor Arjun Nagar, Safdarjung Enclave, New Delhi, Delhi	14 2nd floor arjun nagar safdarjung enclave new delhi delhi
train_source1	S1-747808656	Shotts Imperial LLC	shotts imperial llc	shotts imperial	118 Sparrow Ridge Road, Kent, NY	118 sparrow ridge road kent ny
train_source1	S1-316795088	Pioneer Express Allspring Care	pioneer express allspring care	pioneer express allspring care	100 Private Road 113, Rio Vista, TX	100 private road 113 rio vista tx
train_source1	S1-801212938	Keystone Infrastructure Brands L.L.C.	keystone infrastructure brands llc	keystone infrastructure brands	1147 11th Alley, Eugene, OR	1147 11th alley eugene or
train_source1	S1-5842529	E & Y Analytics	e and y analytics	e and y analytics	1703 Linden Street, Normal, IL	1703 linden street normal il
train_source1	S1-897981396	Ziravi Trading Pvt Ltd	ziravi trading pvt ltd	ziravi trading	Shop No-303 Labh Chambar Station Road, Labh Chambar, Aurangabad, Maharashtra	shop number 303 labh chambar station road labh chambar aurangabad maharashtra
train_source1	S1-899464369	Best Dynamix Group	best dynamix group	best dynamix group	1315 Bethabara Pointe Circle, Winston-salem, NC	1315 bethabara pointe circle winston salem nc
train_source1	S1-502818456	HQJ Works	hqj works	hqj works	Bldg C- 4 S, Waswani Road, Block No 23, Pune City, Pune, Maharashtra	building c 4 south waswani road block number 23 pune city pune maharashtra
train_source1	S1-99838517	Gibbs, Aguilar and Wilson Pizza	gibbs aguilar and wilson pizza	gibbs aguilar and wilson pizza	10930 Meadowglen Lane, Houston, TX	10930 meadowglen lane houston tx
train_source1	S1-945770627	Eicher Classic Private Limited	eicher classic private limited	eicher classic	Survey No. 101 Near Dosti Bekary Neharunagar Pimpri, Pune, Maharashtra	survey number 101 near dosti bekary neharunagar pimpri pune maharashtra
train_source1	S1-38579651	Mutual Network Networks P.C.	mutual network networks pc	mutual network networks pc	32 University Avenue, Buffalo, NY	32 university avenue buffalo ny
train_source1	S1-585298643	Meenan Implants Ltd	meenan implants ltd	meenan implants	502, Earth Business Centre, Opp. Torrent S/S, Nicol Ring Road, Nicol, Ahmedabad, Gujarat	502 earth business centre opposite torrent south south nicol ring road nicol ahmedabad gujarat
train_source1	S1-327225619	Berman's Farms	bermans farms	bermans farms	5232 Main, Montpelier, IN	5232 main montpelier in
train_source1	S1-657688281	Donna Ali Elite Bce Inc	donna ali elite bce inc	donna ali elite bce	1421 Sipsey Fork Road, Detroit, AL	1421 sipsey fork road detroit al
train_source1	S1-467198990	National Kensington	national kensington	national kensington	114 3rd Street, West Terre Haute, IN	114 3rd street west terre haute in
train_source1	S1-57859332	Cinder LLC	cinder llc	cinder	3985 Galloway Drive, Memphis, TN	3985 galloway drive memphis tn
train_source1	S1-745839307	Innovative Agro Private Limited	innovative agro private limited	innovative agro	No.1, Ground Floor, H I M Towers, 9Th Cross Kempegowd Layout Nageshwara Nagebahalli, Bangalore, Karnataka	no1 ground floor h i m towers 9th cross kempegowd layout nageshwara nagebahalli bangalore karnataka
train_source1	S1-85024477	MIG Exports LLP	mig exports llp	mig exports	Shyam Kutir, 25/ 58 (Part, Lane 15, Vishwas Nagar, Shahdara, Delhi	shyam kutir 25 58 part lane 15 vishwas nagar shahdara delhi
train_source1	S1-418477552	Big Care Private Limited	big care private limited	big care	19/266, Gandhi Nagar, Aligrah, Uttar Pradesh	19 266 gandhi nagar aligrah uttar pradesh
train_source1	S1-905986016	Office of Parks and Recreation	office of parks and recreation	office of parks and recreation	18567 Split Rock Lane, Germantown, MD	18567 split rock lane germantown md
train_source1	S1-519482575	Eurasia Foods	eurasia foods	eurasia foods	Apsara Villa 17 D Crossindira Nagar Ii Stage, Bangalore, Karnataka, Bangalore	apsara villa 17 d crossindira nagar ii stage bangalore karnataka bangalore
train_source1	S1-461918961	Arney Holding Company	arney holding company	arney holding	Granby, 40 Simsbury Road, CT	granby 40 simsbury road court
train_source1	S1-224323971	Naperville Realty	naperville realty	naperville realty	1732 Chalmette Court, Naperville, IL	1732 chalmette court naperville il
train_source1	S1-23537063	Almond Education Private Limited	almond education private limited	almond education	H.No. 5-4-22, Sri Nilayam, Gayathri Nagar Kukatpally, Tirumalagiri, Hyderabad, Telangana	hno 5 4 22 sri nilayam gayathri nagar kukatpally tirumalagiri hyderabad telangana
train_source1	S1-480390410	Arihant Black Services Private Limited	arihant black services private limited	arihant black services	Sno.74Planet Millennium P, L Saudagar Bld.A/16 Fl-G, Pune City, Pune, Maharashtra	sno74planet millennium p l saudagar blda 16 fl g pune city pune maharashtra
train_source1	S1-767396971	Alba Boon Pvt. Ltd.	alba boon pvt ltd	alba boon	501 'A' Wing Vithal Apartmentnew Link Road Kandarpada Dahisar (W), Mumbai, Maharashtra, Mumbai	501 a wing vithal apartmentnew link road kandarpada dahisar west mumbai maharashtra mumbai
train_source1	S1-402731785	Gyaan (India) Infosolutions Private Limited	gyaan india infosolutions private limited	gyaan india infosolutions	3/464 Rangaswamy Nayakar 1St Street Karapakkam, Chennai, Kancheepuram, Tamil Nadu	3 464 rangaswamy nayakar 1st street karapakkam chennai kancheepuram tamil nadu
train_source1	S1-732503665	Automated Mobility Alliance	automated mobility alliance	automated mobility alliance	IA, Davenport, 1322 Spring St	ia davenport 1322 spring street
train_source1	S1-98910320	Teraor Greenfire Inc	teraor greenfire inc	teraor greenfire	204 High Meadow Drive, Mckinney, TX	204 high meadow drive mckinney tx
train_source1	S1-191451677	Ward Chiron LLC	ward chiron llc	ward chiron	186 Gobel Road, Thomasville, NC	186 gobel road thomasville nc
train_source1	S1-891130183	Bright Media Pvt Ltd	bright media pvt ltd	bright media	House-045, Baraipatti Baban Rai'S, Gopalganj, Bihar	house 045 baraipatti baban rais gopalganj bihar
train_source1	S1-900882482	Vision Medicine	vision medicine	vision medicine	NY, 32 Carthage Drive, Unit Apartment 1, Rochester	ny 32 carthage drive unit apartment 1 rochester
train_source1	S1-552065633	Kushinagar Multi Pvt Ltd	kushinagar multi pvt ltd	kushinagar multi	C/O Divya Sukla, Gyatrinagar Kasia Road Chawani, Padrauna, Kushinagar, Gorakhpur, Uttar Pradesh	c o divya sukla gyatrinagar kasia road chawani padrauna kushinagar gorakhpur uttar pradesh
train_source1	S1-881848076	OZL (india)	ozl india	ozl india	Plot No - 155 Sahid Nagar, Bhubaneswar, Khordha, Orissa	plot number 155 sahid nagar bhubaneswar khordha orissa
train_source1	S1-89160825	Delhi Servicesprivate LLP	delhi servicesprivate llp	delhi servicesprivate	38, Ajanta Appartment I P Extn., Delhi, East Delhi, Delhi	38 ajanta appartment i p extn delhi east delhi delhi
train_source1	S1-874041790	Aggarsain Innovations Private Limited	aggarsain innovations private limited	aggarsain innovations	Gf, Ward No-31, Aghoriya Bazar Chowk Po-Ramna, Ps-Kazimohammadpur, Muzaffarpur, Bihar	gf ward number 31 aghoriya bazar chowk po ramna ps kazimohammadpur muzaffarpur bihar
train_source1	S1-13387750	Sln Hospital	sln hospital	sln hospital	Hyderabad, Navodaya Plaza, 2Nd Floor, Putli Bowli, Opp To Uco Bank, Koti, Telangana, Hyderabad, H No:5-1-911/3	hyderabad navodaya plaza 2nd floor putli bowli opposite to uco bank koti telangana hyderabad h no5 1 911 3
train_source1	S1-372253974	Norene G. Semaan, D.O.	norene g semaan do	norene g semaan do	43 Jupiter Lane, Enfield, NC	43 jupiter lane enfield nc
train_source1	S1-244454509	Metro Institute	metro institute	metro institute	39688 Quintero Lane, Peoria, AZ	39688 quintero lane peoria az
train_source1	S1-550190717	Althea Patrick Works Inc	althea patrick works inc	althea patrick works	855 Foch Street, Fort Worth, TX	855 foch street fort worth tx
train_source1	S1-813850270	Red Technologies Limited	red technologies limited	red technologies	Flat No 201 Aditya Elegance Road No 34 Jubilee Hills, Hyderabad, Telangana	flat number 201 aditya elegance road number 34 jubilee hills hyderabad telangana
train_source1	S1-958740646	Happy Ice Cream	happy ice cream	happy ice cream	TX, Dublin, 425 Eagle Street	tx dublin 425 eagle street
train_source1	S1-20031068	Hayes Reliable Era, Inc.	hayes reliable era inc	hayes reliable era	62 Cora Avenue, Chicopee, MA	62 cora avenue chicopee ma
train_source1	S1-154848511	Land & Hightower	land and hightower	land and hightower	2830 Bernower, Unit 8, Massillon, OH	2830 bernower unit 8 massillon oh
train_source1	S1-801027691	Sterling Media Alliance PC	sterling media alliance pc	sterling media alliance pc	Houston, TX, 13210 Aspen Bough Circle	houston tx 13210 aspen bough circle
train_source1	S1-884821612	Jai Products	jai products	jai products	80/17, Jagat Singh Complex, Gurudwara Road Naka Hindola, Lucknow, Uttar Pradesh	80 17 jagat singh complex gurudwara road naka hindola lucknow uttar pradesh
train_source1	S1-304099102	Creative Software Solutions Associates	creative software solutions associates	creative software solutions associates	13 Prospect Drive, Sidney, NY	13 prospect drive sidney ny
train_source1	S1-25750233	Valerie Amaya Rock Corporation	valerie amaya rock corporation	valerie amaya rock	5901 Old Hickory Boulevard, Unit 405, Nashville, TN	5901 old hickory boulevard unit 405 nashville tn
train_source1	S1-886116894	XY Infoserve Private Limited	xy infoserve private limited	xy infoserve	Office No. 11, 1St Floor, Rainbow Complex, Near Under Bridge Paota C Road, Jodhpur, Rajasthan	office number 11 1st floor rainbow complex near under bridge paota c road jodhpur rajasthan
train_source1	S1-477162050	BZC Foundation Ltd	bzc foundation ltd	bzc foundation	S Y No 33/3, Somwarpet, Kodagu, Karnataka	south y number 33 3 somwarpet kodagu karnataka
train_source1	S1-340817900	Smart Hospitality Advisors, LLC	smart hospitality advisors llc	smart hospitality advisors	127 78th Street, Kansas City, MO	127 78th street kansas city mo
train_source1	S1-563586539	Syracuse Family Beacon Services Inc	syracuse family beacon services inc	syracuse family beacon services	1573 2000, Unit D, Syracuse, UT	1573 2000 unit d syracuse ut
train_source1	S1-163747087	Lotus Services Pvt Ltd	lotus services pvt ltd	lotus services	Floor-2Nd, 45/47, Silver Mansion, Dhanji Street, Zaveri Bazar Mumbadevi, Mandvi, Mumbai, Maharashtra, 17	floor 2nd 45 47 silver mansion dhanji street zaveri bazar mumbadevi mandvi mumbai maharashtra 17
train_source1	S1-117094654	Modern Robotics Partners	modern robotics partners	modern robotics partners	800 Prospect Street, Southington, CT	800 prospect street southington court
train_source1	S1-137026686	Cassy Gomez, DPM Care	cassy gomez dpm care	cassy gomez dpm care	508 Des Moines Street, Brooklyn, IA	508 des moines street brooklyn ia
train_source1	S1-464518977	Onyx Alpine LLC	onyx alpine llc	onyx alpine	3212 59th Street, Seattle, WA	3212 59th street seattle wa
train_source1	S1-299511557	Freeman, Whyte & Bradley	freeman whyte and bradley	freeman whyte and bradley	AL, Gulf Shores, 485 Shepard Street	al gulf shores 485 shepard street
train_source1	S1-890634836	Farmington Value Short	farmington value short	farmington value short	810 Buena Vista Avenue, Farmington, NM	810 buena vista avenue farmington nm
train_source1	S1-262506206	Jeanine's Pizza LLC	jeanines pizza llc	jeanines pizza	452 Washington Avenue, Elkhart, IA	452 washington avenue elkhart ia
train_source1	S1-47431587	AF Gas	af gas	af gas	811 3rd Street, Unit 2011, Phoenix, AZ	811 3rd street unit 2011 phoenix az
train_source1	S1-284582618	Great Apogee Corporation	great apogee corporation	great apogee	1510 Bradmore Drive, Toledo, OH	1510 bradmore drive toledo oh
train_source1	S1-729032305	Northampton Advisory	northampton advisory	northampton advisory	Unit 6A, Northampton, MA, 82 Bridge Street	unit 6a northampton ma 82 bridge street
train_source1	S1-402164728	Cline Royce Corp	cline royce corp	cline royce	3158 Whirlaway Lane, Montgomery, IL	3158 whirlaway lane montgomery il
train_source1	S1-57274805	Gangotri Institution Private Limited	gangotri institution private limited	gangotri institution	2G, Neptune, Trinity World, Trinity World Road, Chittetukara, Kakkanad, Ernakulam, Kerala	2g neptune trinity world trinity world road chittetukara kakkanad ernakulam kerala
train_source1	S1-622241555	New Delhi India	new delhi india	new delhi india	Central Delhi, 37/8 E.V Charging, Delhi, Old Rajinder Nagar, New Delhi	central delhi 37 8 ev charging delhi old rajinder nagar new delhi
train_source1	S1-640830255	United Complete Construction	united complete construction	united complete construction	Phoenix, 6026 Encinas Lane, AZ	phoenix 6026 encinas lane az
train_source1	S1-96384267	Bharat Construction Private Limited	bharat construction private limited	bharat construction	325, Mico Layout, N.S.Palya, Bangalore-34., Bangalore, Karnataka	325 mico layout nspalya bangalore 34 bangalore karnataka
train_source1	S1-600079333	Environmental Project II Associates	environmental project ii associates	environmental project ii associates	1651 52nd Street, Sacramento, CA	1651 52nd street sacramento ca
train_source1	S1-11408993	Upper Dome	upper dome	upper dome	Fl 1, 14578 Short Road, Sesser, IL	fl 1 14578 short road sesser il
train_source1	S1-213642432	Pramukh & Brothers Private Limited	pramukh and brothers private limited	pramukh and brothers	No. 161-D, 3Rd Floor, Ag-1, Vikaspuri, New Delhi, Delhi	number 161 d 3rd floor ag 1 vikaspuri new delhi delhi
train_source1	S1-999894380	Harbor School of Medicine	harbor school of medicine	harbor school of medicine	MA, Milton, 37 Pagoda Street	ma milton 37 pagoda street
train_source1	S1-12041665	Business Realtech Pvt Ltd	business realtech pvt ltd	business realtech	Mallapagaripalle, Chittoor, Chittoor, Andhra Pradesh, C/O Madhusudhanrao, Pakala	mallapagaripalle chittoor chittoor andhra pradesh c o madhusudhanrao pakala
train_source1	S1-115198057	Gonzalez Holding LLC	gonzalez holding llc	gonzalez holding	196 2225, Emory, TX	196 2225 emory tx
train_source1	S1-518860674	Korth's Hair Studio	korths hair studio	korths hair studio	NC, Holly Springs, 369 Golf Vista Trail	nc holly springs 369 golf vista trail
train_source1	S1-217514760	Rhianna Bailey Patriot Omega Co	rhianna bailey patriot omega co	rhianna bailey patriot omega	4519 Nevada Street, Spokane, WA	4519 nevada street spokane wa
train_source1	S1-657091961	Blue Foundation LLC	blue foundation llc	blue foundation	1205 Concord Road, Clovis, NM	1205 concord road clovis nm
train_source1	S1-502288504	Knott's Advanced Manufacturing	knotts advanced manufacturing	knotts advanced manufacturing	137 Main Street, Elk Park, NC	137 main street elk park nc
train_source1	S1-766893478	Karuna House Private Limited	karuna house private limited	karuna house	123 Vivekananda Road, Kolkata, Howrah, West Bengal	123 vivekananda road kolkata howrah west bengal
train_source1	S1-285639517	Woods Health Center	woods health center	woods health center	1616 4th Street, Woodward, OK	1616 4th street woodward ok
train_source1	S1-161638253	Sant Traders Private Limited	sant traders private limited	sant traders	Flat No. 105, 4855 / 24, Ansari Road Darya Ganj, New Delhi, Delhi	flat number 105 4855 24 ansari road darya ganj new delhi delhi
train_source1	S1-902552291	Varshita Food Pvt Ltd	varshita food pvt ltd	varshita food	F-501, Park View City-2 Sector 49, Sohna Road, Gurgaon, Haryana	f 501 park view city 2 sector 49 sohna road gurgaon haryana
train_source1	S1-773968745	83/16 Banking	83 16 banking	83 16 banking	980 Barg Salt Run Road, Milford, OH	980 barg salt run road milford oh
train_source1	S1-716831720	Premier Logistics Private Limited	premier logistics private limited	premier logistics	Tamil Nadu, Chennai, No.42/15, Malony Road T. Nagar, Chennai	tamil nadu chennai no42 15 malony road t nagar chennai
train_source1	S1-800528107	Derby & Partners	derby and partners	derby and partners	Vill- Sarfabad, Pradhan Market, Sector-73, Gautam Buddha Nagar, Uttar Pradesh	vill sarfabad pradhan market sector 73 gautam buddha nagar uttar pradesh
train_source1	S1-981346708	Shiva Foods Private Limited	shiva foods private limited	shiva foods	Villa No. 66, Kolla Luxurys, Masjid Banda, Serilingampally, Hyderabad, Telangana	villa number 66 kolla luxurys masjid banda serilingampally hyderabad telangana
train_source1	S1-653120802	Saunders Global Allurion Inc	saunders global allurion inc	saunders global allurion	1429 Gilreath Street, Wilkesboro, NC	1429 gilreath street wilkesboro nc
train_source1	S1-303487417	Custom Digital Systems	custom digital systems	custom digital systems	600 Harmony Lane, Kill Devil Hills, NC	600 harmony lane kill devil hills nc
train_source1	S1-515548222	Wegman Financial LLC	wegman financial llc	wegman financial	1028 Hickory Grove Road, Gastonia, NC	1028 hickory grove road gastonia nc
train_source1	S1-325049602	Little Steps Public Limited	little steps public limited	little steps public	Plot No 03 Sr No 53 New, Tapovan Road Uttara Nagar, Nashik, Maharashtra	plot number 03 sr number 53 new tapovan road uttara nagar nashik maharashtra
train_source1	S1-881015038	Bharat Industries Private Limited	bharat industries private limited	bharat industries	B-3/276, Chitrakoot Vaishali Nagar, Jaipur, Rajasthan	b 3 276 chitrakoot vaishali nagar jaipur rajasthan
train_source1	S1-333207746	Townsend Associates	townsend associates	townsend associates	9113 Sycamore Leaf Drive, Fort Worth, TX	9113 sycamore leaf drive fort worth tx
train_source1	S1-994904668	Heartland Committee Inc.	heartland committee inc	heartland committee	8808 189th Avenue Court, Bonney Lake, WA	8808 189th avenue court bonney lake wa
train_source1	S1-300116004	Shelton Graf Inc	shelton graf inc	shelton graf	812 Whipporwill Road, Conroe, TX	812 whipporwill road conroe tx
train_source1	S1-9379136	Best Infrastructure Private Limited	best infrastructure private limited	best infrastructure	Mumbai City, Flat No.904, Maharashtra, Panchvati-B Panchshristi Complex, Chandivali Road, A, Ndheri(E), Mumbai	mumbai city flat no904 maharashtra panchvati b panchshristi complex chandivali road a ndherie mumbai
train_source1	S1-643953045	EV Services PLLC	ev services pllc	ev services pllc	816 Dekle Drive, Mobile, AL	816 dekle drive mobile al
train_source1	S1-2092817	Hamilton Newtekone	hamilton newtekone	hamilton newtekone	210 Clark Street, Sweetwater, TN	210 clark street sweetwater tn
train_source1	S1-595315008	Greening Popular of Charlotte Co	greening popular of charlotte co	greening popular of charlotte	15102 Terns Court, Charlotte, NC	15102 terns court charlotte nc
train_source1	S1-336067611	Scheele, Martita, Ph.D.	scheele martita phd	scheele martita phd	19210 Co Hwy 39, Underwood, MN	19210 co highway 39 underwood mn
train_source1	S1-590576171	Cora Ollie Medical LLC	cora ollie medical llc	cora ollie medical	72 Thurman Avenue, Columbus, OH	72 thurman avenue columbus oh
train_source1	S1-590815515	Apsara & Co	apsara and co	apsara and	Village & P.O. Fatepur, P.S Falta South 24 Parganas, South Parganas, Parganas South, West Bengal	village and po fatepur ps falta south 24 parganas south parganas parganas south west bengal
train_source1	S1-613642244	Almaraz and Medina LLC	almaraz and medina llc	almaraz and medina	5824 Big Valley Circle, Lipan, TX	5824 big valley circle lipan tx
train_source1	S1-702336597	Physical Therapy Coastal Physicians LLC	physical therapy coastal physicians llc	physical therapy coastal physicians	4219 110th Street, Village Of Pleasant Prairie, WI	4219 110th street village of pleasant prairie wi
train_source1	S1-391842573	#4 Presidio	4 presidio	4 presidio	216 Walker Road, Mcminnville, TN	216 walker road mcminnville tn
train_source1	S1-622939145	RL Pono	rl pono	rl pono	1270 Spinnaker Lane, Hanover Park, IL	1270 spinnaker lane hanover park il
train_source1	S1-56835737	Eaton, Lucier & Fraser PC	eaton lucier and fraser pc	eaton lucier and fraser pc	300 7th Street, Chelsea, OK	300 7th street chelsea ok
train_source1	S1-66358218	Marsh & Hicks Inc	marsh and hicks inc	marsh and hicks	1204 Nottingham Drive, Cary, NC	1204 nottingham drive cary nc
train_source1	S1-449072502	Bihar Solutions Private Limited	bihar solutions private limited	bihar solutions	No.80, Balaji Avenue, Govindasamy Layout, Coimbatore South, Coimbatore, Tamil Nadu	no80 balaji avenue govindasamy layout coimbatore south coimbatore tamil nadu
train_source1	S1-419148679	Kamla Industries Group Co	kamla industries group co	kamla industries group	Plot No.13734, C/O-Anath Barman Vill-Jagatber 3, Po-Bhogramguri, Cooch Behar, Koch Bihar, Coochbehar, West Bengal	plot no13734 c o anath barman vill jagatber 3 po bhogramguri cooch behar koch bihar coochbehar west bengal
train_source1	S1-408130216	Tabbie Jacobs Healthcare LLC	tabbie jacobs healthcare llc	tabbie jacobs healthcare	17867 Cleary Trail, MN, Prior Lake	17867 cleary trail mn prior lake
train_source1	S1-960126068	Corner Ice Cream	corner ice cream	corner ice cream	1015 Country Club Drive, La Porte, TX	1015 country club drive la porte tx
train_source1	S1-492536604	Urban Properties Pvt Ltd	urban properties pvt ltd	urban properties	Sno.25/8, Pune, Navecha Road, Nr. Durga, Pimple Gurav, Maharashtra, Pune	sno25 8 pune navecha road near durga pimple gurav maharashtra pune
train_source1	S1-534520678	Fresh Wealth Union Inc	fresh wealth union inc	fresh wealth union	6403 12th Street, Unit #1906, Tacoma, WA	6403 12th street unit 1906 tacoma wa
train_source1	S1-439990641	Orient Foundation	orient foundation	orient foundation	15/901A, Mithra Nagar, Shivan Covil Jn, Nedumangad, Thiruvananthapuram, Trivandrum, Kerala	15 901a mithra nagar shivan covil jn nedumangad thiruvananthapuram trivandrum kerala
train_source1	S1-300521665	Huerta and Minarik	huerta and minarik	huerta and minarik	710 Broadway Street, Truth Or Consequences, NM	710 broadway street truth or consequences nm
train_source1	S1-31462693	Buller Cardiology	buller cardiology	buller cardiology	810 Eureka Street, Gentry, AR	810 eureka street gentry ar
train_source1	S1-560848017	Angel Foods Jalna Pvt. Ltd.	angel foods jalna pvt ltd	angel foods jalna	Maharashtra, Jalgaon Pheron, Jalna, C/O Sahebrao Vishwanath H No 276	maharashtra jalgaon pheron jalna c o sahebrao vishwanath h number 276
train_source1	S1-356820551	Stafford and Williamson LLC	stafford and williamson llc	stafford and williamson	500 Robert Street, Unit Unit 717, Saint Paul, MN	500 robert street unit unit 717 saint paul mn
train_source1	S1-346159233	Mumbai Oils Private Limited	mumbai oils private limited	mumbai oils	C/O-Samarpana Salama, Pipalpali, Barapader, Manamunda, Boudh, Orissa	c o samarpana salama pipalpali barapader manamunda boudh orissa
train_source1	S1-816183362	Aggie's Metropolitan Digital	aggies metropolitan digital	aggies metropolitan digital	1839 Courtside Place Drive, Missouri City, TX	1839 courtside place drive missouri city tx
train_source1	S1-650567133	Tildie Hernandez Aegon	tildie hernandez aegon	tildie hernandez aegon	9315 53rd Court, Oak Lawn, IL	9315 53rd court oak lawn il
train_source1	S1-520813789	Sheetal (India) India Private Limited	sheetal india india private limited	sheetal india india	Sdf Building, Block - 3 Infocity, Bhubaneswar, Khordha, Orissa	sdf building block 3 infocity bhubaneswar khordha orissa
train_source1	S1-734659223	D/Z Bancshares LLC	d z bancshares llc	d z bancshares	6738 Moscato Court, Fl 1, Hillsboro, OR	6738 moscato court fl 1 hillsboro or
train_source1	S1-635466493	Clyyx Sab Inc	clyyx sab inc	clyyx sab	1114 Swisher St, Iowa City, IA	1114 swisher street iowa city ia
train_source1	S1-745775319	Techno (India) Infocom Private Limited	techno india infocom private limited	techno india infocom	312 Meter Cabin A, Surya House, Cts No. 464/A, Village Kirol, Road No. 7, Rajawadi, Vidyavihar (E), Mumbai, Maharashtra	312 meter cabin a surya house cts number 464 a village kirol road number 7 rajawadi vidyavihar east mumbai maharashtra
train_source1	S1-93708993	Youth Safe Association Inc	youth safe association inc	youth safe association	AZ, Mesa, 2216 Mollera	az mesa 2216 mollera
train_source1	S1-523999331	Smith Smart Archimedes LLC	smith smart archimedes llc	smith smart archimedes	2925 Cynthia Street, Lohman, MO	2925 cynthia street lohman mo
train_source1	S1-778830470	Gulf Harbor House	gulf harbor house	gulf harbor house	3 Margate Lane, Dennis, MA	3 margate lane dennis ma
train_source1	S1-207827400	Supreme Consulting LLP	supreme consulting llp	supreme consulting	C/O Vinod Kumar Sharma, Bhilora Nausar, Sader, Gorakhpur, Uttar Pradesh	c o vinod kumar sharma bhilora nausar sader gorakhpur uttar pradesh
train_source1	S1-360352734	Torrez Vernal Inc	torrez vernal inc	torrez vernal	6012 Ronwood Drive, Des Moines, IA	6012 ronwood drive des moines ia
train_source1	S1-295624434	Stace F. Bausch, DO, DDS PC	stace f bausch do dds pc	stace f bausch do dds pc	81 Park Street, Mendon, MA	81 park street mendon ma
train_source1	S1-521731996	Vd Plaza Private Limited	vd plaza private limited	vd plaza	Flat No 501 5Th Floor Maa Nivas Dharmaredy Colony Phase-Ii Hydernagar, Hyderabad, Rangareddy, Telangana	flat number 501 5th floor maa nivas dharmaredy colony phase ii hydernagar hyderabad rangareddy telangana
train_source1	S1-622874768	Urban Diner LLC	urban diner llc	urban diner	64 Lovering Avenue, Unit Apartment 2, Buffalo, NY	64 lovering avenue unit apartment 2 buffalo ny
train_source1	S1-790391714	Kraft Science LLC	kraft science llc	kraft science	118 Tyburn Court, Hampton City, VA	118 tyburn court hampton city va
train_source1	S1-617582034	Roberta Bissett All Illumination Center	roberta bissett all illumination center	roberta bissett all illumination center	Asheville, Unit T, NC, 27 Beri Drive	asheville unit t nc 27 beri drive
train_source1	S1-612605958	Saenz and Horton Inc	saenz and horton inc	saenz and horton	1919 New Market Road, Henrico County, VA	1919 new market road henrico county va
train_source1	S1-305783479	Shelton Dental Associates	shelton dental associates	shelton dental associates	3832 Valentine Street, Fort Worth, TX	3832 valentine street fort worth tx
train_source1	S1-703201622	Tri-State Century Inc	tri state century inc	tri state century	142 Stillwater Trail, Hendersonville, TN	142 stillwater trail hendersonville tn
train_source1	S1-170295653	Miley Integrated Citigroup P.C.	miley integrated citigroup pc	miley integrated citigroup pc	1507 Lyndhurst Drive, Chattanooga, TN	1507 lyndhurst drive chattanooga tn
train_source1	S1-642101524	Correna's Metropolitan Auto Body	correnas metropolitan auto body	correnas metropolitan auto body	209 Cherry Street, Unit 6, Kernersville, NC	209 cherry street unit 6 kernersville nc
train_source1	S1-718013009	Inventive Commodities Pvt Ltd	inventive commodities pvt ltd	inventive commodities	Gc-10, Sanskriti Vihar Gaur City Greater Noida, Noida, Ghaziabad, Uttar Pradesh	gc 10 sanskriti vihar gaur city greater noida noida ghaziabad uttar pradesh
train_source1	S1-379512171	Moksh Fabrics Private Limited	moksh fabrics private limited	moksh fabrics	73 G/F, Bunglow, Sector 46 Faridabad, Faridabad, Haryana	73 g f bunglow sector 46 faridabad faridabad haryana
train_source1	S1-317854633	The Dent Ice Cream	the dent ice cream	the dent ice cream	3254 Richardson Place Road, Unit APT 6, Arnold, MO	3254 richardson place road unit apartment 6 arnold mo
train_source1	S1-6381641	Tirupati Technology LLP	tirupati technology llp	tirupati technology	Plot No.407, Sri Swamy Ayyappa Society, Co-Operative Society, Madhapur, Hyderabad, Telangana	plot no407 sri swamy ayyappa society co operative society madhapur hyderabad telangana
train_source1	S1-705987662	Jai Global Private Limited	jai global private limited	jai global	Hn. 35.A Yadav Nagar Mandi Samiti Firozabad Road, Agra, Uttar Pradesh	hn 35a yadav nagar mandi samiti firozabad road agra uttar pradesh
train_source1	S1-737171527	Solarium Healthcare Partners	solarium healthcare partners	solarium healthcare partners	Rajahmundry, East Godavari, H No. 1-65, Deverapalli Mandalam, West Godavari, Andhra Pradesh	rajahmundry east godavari h number 1 65 deverapalli mandalam west godavari andhra pradesh
train_source1	S1-968656774	Gibbons Vernal Inc	gibbons vernal inc	gibbons vernal	14 Barbara Street, Topsham, ME	14 barbara street topsham me
train_source1	S1-892577020	Delta Project	delta project	delta project	Avon, IN, 562 Dylan Drive	avon in 562 dylan drive
train_source1	S1-830790643	Global Technologies Private Limited	global technologies private limited	global technologies	54-18-35 Flat No C, Vmc Revenue Ward 3, Vijayawada (Urban), Krishna, Andhra Pradesh	54 18 35 flat number c vmc revenue ward 3 vijayawada urban krishna andhra pradesh
train_source1	S1-86014575	Green Urban Food Pvt Ltd	green urban food pvt ltd	green urban food	R-59 Greater Kailash-I, New Delhi, South Delhi, Delhi	r 59 greater kailash i new delhi south delhi delhi
train_source1	S1-107682341	Weaver Creative PLLC	weaver creative pllc	weaver creative pllc	113 Stanyon Park Drive, Speculator, NY	113 stanyon park drive speculator ny
train_source1	S1-464309352	Vector Nursing Home	vector nursing home	vector nursing home	41, Bipinbehariganguly Streetcentralplaza4Th Floor, Kolkata, Kolkata, Howrah, West Bengal	41 bipinbehariganguly streetcentralplaza4th floor kolkata kolkata howrah west bengal
train_source1	S1-879837384	Finetune Traders Private Limited	finetune traders private limited	finetune traders	Sf-81 Shastri Nagar, Ghaziabad, Uttar Pradesh	sf 81 shastri nagar ghaziabad uttar pradesh
train_source1	S1-905507550	Chiropractic Medicine	chiropractic medicine	chiropractic medicine	2227 Baltimore Avenue, Muskogee, OK	2227 baltimore avenue muskogee ok
train_source1	S1-981091224	Physical Therapy Partners Care	physical therapy partners care	physical therapy partners care	2144 Madison Street, Chicago, IL	2144 madison street chicago il
train_source1	S1-298890713	Alton & Co	alton and co	alton and	B-8, 3Rd Floor, Sahar Roy Appts. Chs Ltd, Sahar Road, Near Air Cargo Complex, Andh, Eri East, Mumbai, Mumbai City, Maharashtra	b 8 3rd floor sahar roy appts chs ltd sahar road near air cargo complex andh eri east mumbai mumbai city maharashtra
train_source1	S1-627864371	Oncology Associates LLC	oncology associates llc	oncology associates	708 Timber Lane, Midwest City, OK	708 timber lane midwest city ok
train_source1	S1-767939959	Lambodar (india) Private Limited	lambodar india private limited	lambodar india	Gonda, Uttar Pradesh, Gonda, Chhitnapur, Balpur, Gonda, Gonda	gonda uttar pradesh gonda chhitnapur balpur gonda gonda
train_source1	S1-754570857	Stanley Elite Newhold Inc	stanley elite newhold inc	stanley elite newhold	11705 Winter Park Terrace, Fl 0, Beaverton, OR	11705 winter park terrace fl 0 beaverton or
train_source1	S1-382234885	Guinn Elite Royalty LLC	guinn elite royalty llc	guinn elite royalty	7922 Heim Road, Chandler, IN	7922 heim road chandler in
train_source1	S1-351358518	Lorita Steele Clear Best LLC	lorita steele clear best llc	lorita steele clear best	OR, Willamina, 22330 Willamina Creek Road	or willamina 22330 willamina creek road
train_source1	S1-627406325	Ivc Institute of Technology	ivc institute of technology	ivc institute of technology	Srno 56/4/1, Vision One Society, Shop No 105, Pune, Pune City, Pune, Maharashtra	srno 56 4 1 vision one society shop number 105 pune pune city pune maharashtra
train_source1	S1-166125958	Dave, LLC	dave llc	dave	83 Acorn Circle, Unit Apartment 5, Brookhaven, NY	83 acorn circle unit apartment 5 brookhaven ny
train_source1	S1-570361411	Shyam Ventures Private Limited	shyam ventures private limited	shyam ventures	#771, Sector 91 Sas Nagar, Mohali, Punjab	771 sector 91 sas nagar mohali punjab
train_source1	S1-418514604	Family Committee	family committee	family committee	3005 207, Flatwoods, KY	3005 207 flatwoods ky
train_source1	S1-298875156	Memorial Prairie League	memorial prairie league	memorial prairie league	163 Fain Road, Blountville, TN	163 fain road blountville tn
train_source1	S1-852845726	Ram Consulting Private Limited	ram consulting private limited	ram consulting	40/1 Madan Biswas Lane Salkia Lp 172/2, Howrah, West Bengal	40 1 madan biswas lane salkia lp 172 2 howrah west bengal
train_source1	S1-722170008	Ziraendra Investments Private Limited	ziraendra investments private limited	ziraendra investments	G - 76/A, First Floor, Road No - 13, Saheen Bagh Abul Fazal Enclave Part - Ii, Jamia Naga, R, New Delhi, Delhi	g 76 a first floor road number 13 saheen bagh abul fazal enclave part ii jamia naga r new delhi delhi
train_source1	S1-411964161	Mccutcheon Element LLC	mccutcheon element llc	mccutcheon element	12716 Douglas Street, Yucaipa, CA	12716 douglas street yucaipa ca
train_source1	S1-211678907	Creative Systems Private Limited	creative systems private limited	creative systems	Plot No - 12P1, Biada Industrial, Area Ward No - 4, Jhanjharpur, Madhubani, Bihar	plot number 12p1 biada industrial area ward number 4 jhanjharpur madhubani bihar
train_source1	S1-866481061	Indo Ventures Private Limited	indo ventures private limited	indo ventures	Flat 1C, Block B, Chinar Heights 46/3 Chinar Park, Kolkata, Kolkata, Howrah, West Bengal	flat 1c block b chinar heights 46 3 chinar park kolkata kolkata howrah west bengal
train_source1	S1-235360444	Supreme Transit Advisors Corp	supreme transit advisors corp	supreme transit advisors	196 Firetree Lane, West End, NC	196 firetree lane west end nc
train_source1	S1-746713383	Schoenberger Spire, Inc	schoenberger spire inc	schoenberger spire	241 Yant Street, Bolivar, OH	241 yant street bolivar oh
train_source1	S1-183373288	Bridgman Graf Inc	bridgman graf inc	bridgman graf	250 Farm Street, Millis, MA	250 farm street millis ma
train_source1	S1-585293112	Mcpheron Citizens LLC	mcpheron citizens llc	mcpheron citizens	740 Emmett Road, Maysville, NC	740 emmett road maysville nc
train_source1	S1-493124566	Ebel & Rearick	ebel and rearick	ebel and rearick	1161 Purdue Avenue, Fl 0, Saint Louis, MO	1161 purdue avenue fl 0 saint louis mo
train_source1	S1-618570184	Advanced Barings	advanced barings	advanced barings	107 Margin Street, Orono, ME	107 margin street orono me
train_source1	S1-257281473	Kanpur Industries Private Limited	kanpur industries private limited	kanpur industries	108/117 Gandhi Nagar, Kanpur, Uttar Pradesh	108 117 gandhi nagar kanpur uttar pradesh
train_source1	S1-130264484	Green Foundation Limited	green foundation limited	green foundation	875/31, Laxman Vihar Phase-I, Gurgaon, Haryana	875 31 laxman vihar phase i gurgaon haryana
train_source1	S1-68626877	Fassbender & Hendricks LLC	fassbender and hendricks llc	fassbender and hendricks	9521 Lawrence Court, Unit GARDEN, Schiller Park, IL	9521 lawrence court unit garden schiller park il
train_source1	S1-772324975	Eadie Richards Ace Signs Inc	eadie richards ace signs inc	eadie richards ace signs	8323 Fordson Road, Henrico County, VA	8323 fordson road henrico county va
train_source1	S1-745303317	Ahmadabad City Polytech Private Limited	ahmadabad city polytech private limited	ahmadabad city polytech	1001, 10Th Floor, Aaryan Workspaces-2, Nr. Navkar Public School, Gulbai Tekra Road, Ahmadabad City, Ahmedabad, Gujarat	1001 10th floor aaryan workspaces 2 near navkar public school gulbai tekra road ahmadabad city ahmedabad gujarat
train_source1	S1-234787807	T I Mccracken Xflh LLC	t i mccracken xflh llc	t i mccracken xflh	MD, Loch Raven, 603 Seminary Avenue	md loch raven 603 seminary avenue
train_source1	S1-932827505	Jk Technologies Private Limited	jk technologies private limited	jk technologies	A-107, Sector-63, G B Nagar, Noida, Gautam Buddha Nagar, Uttar Pradesh	a 107 sector 63 g b nagar noida gautam buddha nagar uttar pradesh
train_source1	S1-238115724	Cogent & Associates	cogent and associates	cogent and associates	Office No 601, 6Th Floor, Business Centre, Nashik, Maharashtra	office number 601 6th floor business centre nashik maharashtra
train_source1	S1-952266463	Legacy Jaws Inc	legacy jaws inc	legacy jaws	1820 7th Street, Unit 419, Phoenix, AZ	1820 7th street unit 419 phoenix az
train_source1	S1-244476321	Global Broking Partners	global broking partners	global broking partners	Block No G-9, Midc, Kupwad, Sangli, Maharashtra	block number g 9 midc kupwad sangli maharashtra
train_source1	S1-761407497	Urology Supreme Center	urology supreme center	urology supreme center	TX, Richardson, 603 Palomar Lane	tx richardson 603 palomar lane
train_source1	S1-844412430	Twisted Book Store LP	twisted book store lp	twisted book store lp	1125 Madison Street, Unit B3, Annapolis, MD	1125 madison street unit b3 annapolis md
train_source1	S1-878933360	Seabird Retailers Pvt. Ltd.	seabird retailers pvt ltd	seabird retailers	Villa No.229, Indu Fortune Fields, Phase-13, Kphb, Kukatpally, Hyderabad, Telangana	villa no229 indu fortune fields phase 13 kphb kukatpally hyderabad telangana
train_source1	S1-432558180	Back Alley Pilates Inc	back alley pilates inc	back alley pilates	330 Creekside Drive, League City, TX	330 creekside drive league city tx
train_source1	S1-746735853	Bangalore South Solar Private Limited	bangalore south solar private limited	bangalore south solar	B 802 Tower 3 Adarsh, Palm Retreat Apartment, Bangalore South, Bangalore, Karnataka	b 802 tower 3 adarsh palm retreat apartment bangalore south bangalore karnataka
train_source1	S1-181306265	Continental Industrial Works Clinic	continental industrial works clinic	continental industrial works clinic	7703 Prairie View Road, Kansas City, MO	7703 prairie view road kansas city mo
train_source1	S1-682825529	Children's Society Partners	childrens society partners	childrens society partners	Unit 1071, Tempe, 701 Apache Boulevard, AZ	unit 1071 tempe 701 apache boulevard az
train_source1	S1-114864723	Crittenden, Jones and Pope	crittenden jones and pope	crittenden jones and pope	10657 Golden Bear Way, Noblesville, IN	10657 golden bear way noblesville in
train_source1	S1-745450749	Oki Therapy (India)	oki therapy india	oki therapy india	12 Thakurdas Banerjee Road, Kolkata, North 24 Parganas, West Bengal	12 thakurdas banerjee road kolkata north 24 parganas west bengal
train_source1	S1-422772138	Real Enterprises Private Limited	real enterprises private limited	real enterprises	Shop No G 10, Parksyde Business Avenue, Nashik, Maharashtra	shop number g 10 parksyde business avenue nashik maharashtra
train_source1	S1-49535321	Primary Care First Physicians	primary care first physicians	primary care first physicians	IN, Milford, 6235 1100	in milford 6235 1100
train_source1	S1-771609668	Renukadevi Infotech	renukadevi infotech	renukadevi infotech	6, Bishop Lefroy Road, 2Nd Floor, Suite No.15, Kolkata, Kolkata, Howrah, West Bengal	6 bishop lefroy road 2nd floor suite no15 kolkata kolkata howrah west bengal
train_source1	S1-942104958	Force Wealthtech Private Limited	force wealthtech private limited	force wealthtech	Pune, 148, Maharashtra, Pune, Ganesh Nagar Colony No. 12 Pune	pune 148 maharashtra pune ganesh nagar colony number 12 pune
train_source1	S1-599145787	Samagra Electronics Private Limited	samagra electronics private limited	samagra electronics	11Th Main Road, Btm Layout, 1St Stage, Bangalore South, Bangalore, No 65, Karnataka	11th main road btm layout 1st stage bangalore south bangalore number 65 karnataka
train_source1	S1-426033453	Madurai- 14 Seeds Private Limited	madurai 14 seeds private limited	madurai 14 seeds	12-5/73, Nethaji Iind Street, Viswanathapuram Madurai- 14, Madurai- 14, Madurai, Tamil Nadu	12 5 73 nethaji iind street viswanathapuram madurai 14 madurai 14 madurai tamil nadu
train_source1	S1-840218727	Heritage Design Industries LLC	heritage design industries llc	heritage design industries	1111 Innsbrook Lane, Buffalo, MN	1111 innsbrook lane buffalo mn
train_source1	S1-775313117	Shir's Catering	shirs catering	shirs catering	185 Tickle Road, Westport, MA	185 tickle road westport ma
train_source1	S1-871302092	Cure Hypnosis!	cure hypnosis	cure hypnosis	2811 Monthaven Drive, Arlington, TX	2811 monthaven drive arlington tx
train_source1	S1-237670057	Jay Foods Private Limited	jay foods private limited	jay foods	C/O Sirajuddin Ansari, Mohanmundera, Bodarwar, Hata, Kushinagar, Uttar Pradesh	c o sirajuddin ansari mohanmundera bodarwar hata kushinagar uttar pradesh
train_source1	S1-918001356	Bts Drilling Limited	bts drilling limited	bts drilling	Cheruparambil, Kaithavana, Sanathanapuram Po Mathoor, Ambalapuzha, Alappuzha, Kerala	cheruparambil kaithavana sanathanapuram po mathoor ambalapuzha alappuzha kerala
train_source1	S1-893733254	Om Industries Limited	om industries limited	om industries	502 Gupta Bhavan, Plot 64B Sant Tukdoji Maharaj Rd, Carnac Bunder, Ch, Inchbunder, Mumbai, Mumbai City, Maharashtra	502 gupta bhavan plot 64b sant tukdoji maharaj road carnac bunder ch inchbunder mumbai mumbai city maharashtra
train_source1	S1-63655361	SJ Liberty Retail	sj liberty retail	sj liberty retail	6720 Kingston Pike, Knoxville, TN	6720 kingston pike knoxville tn
train_source1	S1-994258416	Johnson, Hoffman & Hicks Indigo LLC	johnson hoffman and hicks indigo llc	johnson hoffman and hicks indigo	IN, Bedford, 202 Hillcrest Way	in bedford 202 hillcrest way
train_source1	S1-28410420	Total Wireless Technologies	total wireless technologies	total wireless technologies	578 Hyacinth Road, Gilmer, TX	578 hyacinth road gilmer tx
train_source1	S1-326888389	Dream Consulting Private Limited	dream consulting private limited	dream consulting	Iskon Mall Office No-331, Nr Big Bazar 150 Ringroad, Rajkot, Gujarat	iskon mall office number 331 near big bazar 150 ringroad rajkot gujarat
train_source1	S1-308671803	RPL Ofs	rpl ofs	rpl ofs	235 Lexington Avenue, Unit Apartment 10D, White Plains, NY	235 lexington avenue unit apartment 10d white plains ny
train_source1	S1-6504827	WOG Merger LLC	wog merger llc	wog merger	2196 Thornwood Lane, Memphis, TN	2196 thornwood lane memphis tn
train_source1	S1-998375147	Southern Pacific Group	southern pacific group	southern pacific group	3858 West Avenue, Unit B, Greensboro, NC	3858 west avenue unit b greensboro nc
train_source1	S1-218948566	Vision Global Solutions Private Limited	vision global solutions private limited	vision global solutions	Pune, Midc, Industrial Estate Bhosari, W51, Pune, Maharashtra	pune midc industrial estate bhosari w51 pune maharashtra
train_source1	S1-705139382	Thane Shrishti Pvt Ltd	thane shrishti pvt ltd	thane shrishti	H No 505, Vasai Road, Near Vithal Bhaskar Mhatre House, Kalwar, Bhiwandi, Thane, Maharashtra	h number 505 vasai road near vithal bhaskar mhatre house kalwar bhiwandi thane maharashtra
train_source1	S1-253185653	Red Agro Private Limited	red agro private limited	red agro	305, 3Rd Floor, Krishna Complex Tilak Road, Abids, Hyderabad, Telangana	305 3rd floor krishna complex tilak road abids hyderabad telangana
train_source1	S1-196127879	Atlantic Diamond Social	atlantic diamond social	atlantic diamond social	4309 Feather Dalea Avenue, Albuquerque, NM	4309 feather dalea avenue albuquerque nm
train_source1	S1-800294363	Great Investments Private Limited	great investments private limited	great investments	106, 8Th Main Road Malleswaram West, Bangalore, Karnataka	106 8th main road malleswaram west bangalore karnataka
train_source1	S1-673498458	Powell Capital Inc	powell capital inc	powell capital	2100 Vinton Street, Lafayette, IN	2100 vinton street lafayette in
train_source1	S1-774320076	Jeniece Siddique Glass Inc	jeniece siddique glass inc	jeniece siddique glass	Unit 229, Columbus, 2687 Livingston Avenue, OH	unit 229 columbus 2687 livingston avenue oh
train_source1	S1-943879014	Crj Traders of Mysore Private Limited	crj traders of mysore private limited	crj traders of mysore	No. 36, 3Rd Stage, Hale Kesare, Rs Naidu Nagar, Mysore, Karnataka	number 36 3rd stage hale kesare rs naidu nagar mysore karnataka
train_source1	S1-235258587	Tri-State Preferred Gsr	tri state preferred gsr	tri state preferred gsr	925 3rd Street, Burlington, IA	925 3rd street burlington ia
train_source1	S1-182662840	Dental American Medicine PLLC	dental american medicine pllc	dental american medicine pllc	21299 Stacey Road, Queen Creek, AZ	21299 stacey road queen creek az
train_source1	S1-620179786	Washington and Dillon Precious	washington and dillon precious	washington and dillon precious	IL, 1589 Rochester Road, Pingree Grove	il 1589 rochester road pingree grove
train_source1	S1-177088763	Batten, Adella, CPA	batten adella cpa	batten adella cpa	90 Meadow Lane, Lawrence, NY	90 meadow lane lawrence ny
train_source1	S1-698564395	Metropolitan Patriot Fitness	metropolitan patriot fitness	metropolitan patriot fitness	6020 Auburn Street, Wolcott, NY	6020 auburn street wolcott ny
train_source1	S1-694921791	Senthur Constructions Limited	senthur constructions limited	senthur constructions	H. No. 39-A, Block-C, Near Solanki School Budh Vihar Phase-2, Village Pooth Kalan, Delhi, North West, Delhi	h number 39 a block c near solanki school budh vihar phase 2 village pooth kalan delhi north west delhi
train_source1	S1-864797403	Ecotech Commodities Private Limited	ecotech commodities private limited	ecotech commodities	Flat No. 806, Pratima Paradise Maharanipeta, Beach Road, Visakhapatnam, Vishakhapatnam, Andhra Pradesh	flat number 806 pratima paradise maharanipeta beach road visakhapatnam vishakhapatnam andhra pradesh
train_source1	S1-621246789	Choice Globa	choice globa	choice globa	1115 Brunswick Way, Anderson, IN	1115 brunswick way anderson in
train_source1	S1-967577604	Animal Welfare Council	animal welfare council	animal welfare council	451 Ethan Court, Newport News City, VA	451 ethan court newport news city va
train_source1	S1-262975311	Global Trust LLC	global trust llc	global trust	Leominster, MA, Unit 4, 42 Main Street	leominster ma unit 4 42 main street
train_source1	S1-47869953	Prestige Servicesprivate Corporation	prestige servicesprivate corporation	prestige servicesprivate	Near Choti Mazjid, Dhabali Vihir, Mangalwari Peth, Umred, Nagpur, Maharashtra	near choti mazjid dhabali vihir mangalwari peth umred nagpur maharashtra
train_source1	S1-420073336	Optimal Hospitality Holdings Care	optimal hospitality holdings care	optimal hospitality holdings care	10652 Sherman Drive, Eden Prairie, MN	10652 sherman drive eden prairie mn
train_source1	S1-530687623	Dermatology Center	dermatology center	dermatology center	288 Mistletoe Lane, Vincent, AL	288 mistletoe lane vincent al
train_source1	S1-705632806	Ideal Industries Group	ideal industries group	ideal industries group	Shop No.4 & 5, Kamala Nagar Chs Ltd M.G.Road, Near Bohara Colony, Kandivali West, Mumbai City, Maharashtra	shop no4 and 5 kamala nagar chs ltd mgroad near bohara colony kandivali west mumbai city maharashtra
train_source1	S1-361627720	Prabhat Trading Private Limited	prabhat trading private limited	prabhat trading	470, Bhagirath Pura, Indore, Madhya Pradesh	470 bhagirath pura indore madhya pradesh
train_source1	S1-52131287	Skin Traders Limited	skin traders limited	skin traders	Ward No-24, Fooj Ka Mohalla Near Chourasiya Mandir, Jhunjhunu, Jhunjhunun, Rajasthan	ward number 24 fooj ka mohalla near chourasiya mandir jhunjhunu jhunjhunun rajasthan
train_source1	S1-301283839	Lakshmi Impex	lakshmi impex	lakshmi impex	76, Main Road, Phase-3, Jawahar Auto Nagar, Plot No 74, Vijayawada, Andhra Pradesh, Srikakulam	76 main road phase 3 jawahar auto nagar plot number 74 vijayawada andhra pradesh srikakulam
train_source1	S1-270255759	AY Entertainment Group	ay entertainment group	ay entertainment group	5629 Galloway Road, Flemington, WV	5629 galloway road flemington wv
train_source1	S1-97577130	Howard Enterprises Partners	howard enterprises partners	howard enterprises partners	9928 Sawyer Avenue, Evergreen Park, IL	9928 sawyer avenue evergreen park il
train_source1	S1-592498716	Supreme Dave	supreme dave	supreme dave	6104 Gauley Turnpike, Heaters, WV	6104 gauley turnpike heaters wv
train_source1	S1-811584019	National Interprivate Inc	national interprivate inc	national interprivate	128 Lenoxplace Circle, Garner, NC	128 lenoxplace circle garner nc
train_source1	S1-902150059	Star Equipments Private Limited	star equipments private limited	star equipments	H No. 1071 Jafarabad Road, Gangapatti, Jaunpur, Uttar Pradesh	h number 1071 jafarabad road gangapatti jaunpur uttar pradesh
train_source1	S1-946922673	Sar & Co	sar and co	sar and	Siliguri, Darjeeling, City Centre Nh-31, Matigara, West Bengal, G-307	siliguri darjeeling city centre nh 31 matigara west bengal g 307
train_source1	S1-17573606	Green Agro Private Limited	green agro private limited	green agro	South Delhi, New Delhi, H-49/14Galib Aptt Iiird Floor Batla House Jaima Nagar Okhla, Delhi	south delhi new delhi h 49 14galib aptt iiird floor batla house jaima nagar okhla delhi
train_source1	S1-684545756	Technologies Mahendra Dyechem Limited	technologies mahendra dyechem limited	technologies mahendra dyechem	Shop No 5 7 6 A P M C Marketvasna Tolnaka Vasna, Ahmedabad, Gujarat	shop number 5 7 6 a p m c marketvasna tolnaka vasna ahmedabad gujarat
train_source1	S1-910100521	Indo Business Pvt Ltd	indo business pvt ltd	indo business	504, Rivona - A, Hiranandani Heritage, Poisar Brigde, S.V. Road, Poisar, Kandivali (We, St), Mumbai, Mumbai City, Maharashtra	504 rivona a hiranandani heritage poisar brigde sv road poisar kandivali we street mumbai mumbai city maharashtra
train_source1	S1-820751255	Zeclarsoft, L.L.C.	zeclarsoft llc	zeclarsoft	789 349 Street, Eastlake, OH	789 349 street eastlake oh
train_source1	S1-741817106	Rajkot Recording Corp	rajkot recording corp	rajkot recording	Opp. Astron Society, Amin Marg Trisha 2, Bunglows No-37, Rajkot, Gujarat	opposite astron society amin marg trisha 2 bunglows number 37 rajkot gujarat
train_source1	S1-877882228	Mendez Medical Center	mendez medical center	mendez medical center	Valparaiso, 267 475, IN	valparaiso 267 475 in
train_source1	S1-616950184	Karina's Brokerage	karinas brokerage	karinas brokerage	8422 Care Drive, Garfield Heights, OH	8422 care drive garfield heights oh
train_source1	S1-22901106	Sibel Nguyen Metropolitan Associates Inc	sibel nguyen metropolitan associates inc	sibel nguyen metropolitan associates	913 4th Street, Sinton, TX	913 4th street sinton tx
train_source1	S1-44634215	Dj Works Pvt Ltd	dj works pvt ltd	dj works	D-754, Jagdamba Nagar Heerapura, Ajmer Road, Jaipur, Rajasthan	d 754 jagdamba nagar heerapura ajmer road jaipur rajasthan
train_source1	S1-830300644	Miller, Santiago & Granquist LLC	miller santiago and granquist llc	miller santiago and granquist	1423 Edith Avenue, Louisville, OH	1423 edith avenue louisville oh
train_source1	S1-572666706	Schofield's Occupational Therapy	schofields occupational therapy	schofields occupational therapy	2225 Oran Delphi Road, Pompey, NY	2225 oran delphi road pompey ny
train_source1	S1-669413769	First Investment Private Limited	first investment private limited	first investment	57B, Purna Das Road, Kolkata, Howrah, West Bengal	57b purna das road kolkata howrah west bengal
train_source1	S1-785336105	Gambhir Trust	gambhir trust	gambhir trust	8/496, Trichy Road, Coimbatore, Tamil Nadu	8 496 trichy road coimbatore tamil nadu
train_source1	S1-974185394	Temple Synagogue	temple synagogue	temple synagogue	10932 Bells Ridge Drive, Potomac, MD	10932 bells ridge drive potomac md
train_source1	S1-169108778	Smart Industries Private Limited	smart industries private limited	smart industries	Delhi, South Delhi, New Delhi, Omaxe, Square, Plot No.14, Jasola District Center, Unit No. Ff-48A	delhi south delhi new delhi omaxe square plot no14 jasola district center unit number ff 48a
train_source1	S1-796167853	Goodman, Danielson & Payton LLC	goodman danielson and payton llc	goodman danielson and payton	114 Lamme Street, Bozeman, MT	114 lamme street bozeman mt
train_source1	S1-945793047	Shrikrishna Footwear (India) Private Limited	shrikrishna footwear india private limited	shrikrishna footwear india	Shed No C/42/1 Gidc Estate, Nr. Fire Station Opp. Ambicanagar, Odhav, Ahmedabad, Gujarat	shed number c 42 1 gidc estate near fire station opposite ambicanagar odhav ahmedabad gujarat
train_source1	S1-547971316	General Design International Inc	general design international inc	general design international	800 Brommer Street, Unit 27, Santa Cruz, CA	800 brommer street unit 27 santa cruz ca
train_source1	S1-235705784	Urban Pub! Center	urban pub center	urban pub center	15 Brilliante Circle, Hot Springs Village, AR	15 brilliante circle hot springs village ar
train_source1	S1-438047370	Saidee Arora Bright Currencyshares Inc	saidee arora bright currencyshares inc	saidee arora bright currencyshares	3417 Oxford Street, Midlothian, TX	3417 oxford street midlothian tx
train_source1	S1-164017572	Black and Council Idaho Inc	black and council idaho inc	black and council idaho	11855 Gross Drive, Parma, OH	11855 gross drive parma oh
train_source1	S1-171471216	Aarvendra Amusement Pvt Ltd	aarvendra amusement pvt ltd	aarvendra amusement	No.288, Motappanapalya, Hal 2Nd Stage, Indiranagar, Bangalore, Karnataka	no288 motappanapalya hal 2nd stage indiranagar bangalore karnataka
train_source1	S1-777898303	Fifi Basinger World	fifi basinger world	fifi basinger world	2290 Spring Street, Lima, OH	2290 spring street lima oh
train_source1	S1-898279595	Star Enterprises Pvt Ltd	star enterprises pvt ltd	star enterprises	North Delhi, Delhi, 26, Prem Niwas Malkaganj Road, Delhi	north delhi delhi 26 prem niwas malkaganj road delhi
train_source1	S1-896330803	Wildlife Foundation IV LLC	wildlife foundation iv llc	wildlife foundation iv	1901 48th Avenue, Anchorage, AK	1901 48th avenue anchorage ak
train_source1	S1-202517222	Mcbride Preparatory Academy	mcbride preparatory academy	mcbride preparatory academy	2200 Kraft Drive, Unit STE 1325, Blacksburg Town, VA	2200 kraft drive unit suite 1325 blacksburg town va
train_source1	S1-385823757	Suniti Services Private Limited	suniti services private limited	suniti services	32 Ezrz Street 6Th Floor, Kolkata, Howrah, West Bengal	32 ezrz street 6th floor kolkata howrah west bengal
train_source1	S1-677358632	Dutta Experience Private Limited	dutta experience private limited	dutta experience	Shreenath, 96, Shiv Aradhna Society, Satyasai Hospital Road, Rajkot, Gujarat	shreenath 96 shiv aradhna society satyasai hospital road rajkot gujarat
train_source1	S1-886002896	Saenz Empire Martin Corp	saenz empire martin corp	saenz empire martin	6522 Portlick Drive, Katy, TX	6522 portlick drive katy tx
train_source1	S1-226731020	Mi Brothers Private Limited	mi brothers private limited	mi brothers	21B/1, Baishnabghata Lane, Ground Floor P.O. Garia, Kolkata, Kolkata, Howrah, West Bengal	21b 1 baishnabghata lane ground floor po garia kolkata kolkata howrah west bengal
train_source1	S1-196390702	XBW Synthetics	xbw synthetics	xbw synthetics	Hotel Sai Sanjeevani, Opp. Saibaba Hospital, Behind Bsnl Building, Nagar Manmad Highw, Ay, Shirdi, Ahmednagar, Maharashtra	hotel sai sanjeevani opposite saibaba hospital behind bsnl building nagar manmad highw ay shirdi ahmednagar maharashtra
train_source1	S1-846870843	Surgical Physicians LLC	surgical physicians llc	surgical physicians	75 Cottonwood Road, Wake Forest, NC	75 cottonwood road wake forest nc
train_source1	S1-652302768	Leone Security Services	leone security services	leone security services	2815 Candlers Mountain Road, VA, Lynchburg City	2815 candlers mountain road va lynchburg city
train_source1	S1-189218186	Sujay Electrodes Private Limited	sujay electrodes private limited	sujay electrodes	#221/2, Dhuri, Sangrur, Ward No. 10-A, Near Caplash Nursing Home, Punjab	221 2 dhuri sangrur ward number 10 a near caplash nursing home punjab
train_source1	S1-925911205	MYF Print	myf print	myf print	186, Ground Floor, Ganga Lane, Sector -5, Ghaziabad, Uttar Pradesh	186 ground floor ganga lane sector 5 ghaziabad uttar pradesh
train_source1	S1-62329201	Urology Center Inc.	urology center inc	urology center	695 Empire Boulevard, Irondequoit, NY	695 empire boulevard irondequoit ny
train_source1	S1-34717806	Lopez and Farmer Corporation	lopez and farmer corporation	lopez and farmer	16 Gebung Road, Alfred, ME	16 gebung road alfred me
train_source1	S1-218518704	Ajay Welfare Society	ajay welfare society	ajay welfare society	Lg-27, F Block, Ground Floor Sushant Shopping Arcade, Sushant Lok-1, Gurgaon, Haryana	lg 27 f block ground floor sushant shopping arcade sushant lok 1 gurgaon haryana
train_source1	S1-548281154	Hoffman & Hardison Braemar Inc	hoffman and hardison braemar inc	hoffman and hardison braemar	8272 Brick Granary Road, DE, Lincoln	8272 brick granary road de lincoln
train_source1	S1-376114110	Elite Systems Private Limited	elite systems private limited	elite systems	Delhi, 306 & 307 Sewek Bhawan16/2 W E A, New Delhi, Arya Samaj Road Karolbagh	delhi 306 and 307 sewek bhawan16 2 west east a new delhi arya samaj road karolbagh
train_source1	S1-521143416	Dreddy Lowe, CPA Clinic	dreddy lowe cpa clinic	dreddy lowe cpa clinic	930 Trout Street, Staunton City, VA	930 trout street staunton city va
train_source1	S1-410304151	Interstate Health Alliance Inc	interstate health alliance inc	interstate health alliance	1138 Main Street, Bldg ACUSHNET FIRE DEPARTMENT FIRE STATION #2, Acushnet, MA	1138 main street building acushnet fire department fire station 2 acushnet ma
train_source1	S1-100516852	Ham and Schmidt LLC	ham and schmidt llc	ham and schmidt	23 Haywood Lane, North Greenbush, NY	23 haywood lane north greenbush ny
train_source1	S1-45964697	Tani Ealy Bright Prudential LLC	tani ealy bright prudential llc	tani ealy bright prudential	21 Pleasant Park, Millis, MA	21 pleasant park millis ma
train_source1	S1-371671884	Floor & Partners	floor and partners	floor and partners	Barakhamba Road, New Delhi, Delhi, 305, Nilgiri Apartments, 9	barakhamba road new delhi delhi 305 nilgiri apartments 9
train_source1	S1-65296733	Fresh Book Store	fresh book store	fresh book store	Lancaster, NY, 323 Central Avenue, Unit Suite 2	lancaster ny 323 central avenue unit suite 2
train_source1	S1-388325812	Slate Inc	slate inc	slate	1930 Fawn Drive, Cheltenham Township, PA	1930 fawn drive cheltenham township pa
train_source1	S1-184229550	High Hari Constructions Pvt Ltd	high hari constructions pvt ltd	high hari constructions	Office No. 325, Sector 17, Vardhaman Market, Thane, Maharashtra	office number 325 sector 17 vardhaman market thane maharashtra
train_source1	S1-203667972	Taylor White Inc.	taylor white inc	taylor white	7519 55, Seven Springs, NC	7519 55 seven springs nc
train_source1	S1-125472274	Eagle India of Nagpur	eagle india of nagpur	eagle india of nagpur	Flat No 35, Yashoda Nagar Stage-Ii, H.Road, Nagpur, Maharashtra	flat number 35 yashoda nagar stage ii hroad nagpur maharashtra
train_source1	S1-834386502	Indo Builders Private Limited	indo builders private limited	indo builders	768 Setellite Junction Kailod Hala, Indore, Madhya Pradesh	768 setellite junction kailod hala indore madhya pradesh
train_source1	S1-942654297	Medicon Hospital	medicon hospital	medicon hospital	Hyderabad, First Floor, Opp. Kiran International School, Keshav Nagar, Boduppal, 9-35/3/4, Telangana, Rangareddy	hyderabad first floor opposite kiran international school keshav nagar boduppal 9 35 3 4 telangana rangareddy
train_source1	S1-495565221	Patron Fund Private Limited	patron fund private limited	patron fund	87, Arcot Road, Sathuvachari, Vellore-632 009, Vellore-632 009, Vellore, Tamil Nadu	87 arcot road sathuvachari vellore 632 009 vellore 632 009 vellore tamil nadu
train_source1	S1-409097297	Sallyann Alvarez, DPM	sallyann alvarez dpm	sallyann alvarez dpm	711 Penn Drive, Friendswood, TX	711 penn drive friendswood tx
train_source1	S1-172667135	York Ingredients	york ingredients	york ingredients	537 Par Drive, Unit Apt 3, Marion, AR	537 par drive unit apartment 3 marion ar
train_source1	S1-393746933	Mathis Colonial Fitness LLC	mathis colonial fitness llc	mathis colonial fitness	310 Merchant Street, Byron, IL	310 merchant street byron il
train_source1	S1-650051667	Jaipur Health Pvt Ltd	jaipur health pvt ltd	jaipur health	C-1304, Anukampa Platina, Jaipur, Rajasthan	c 1304 anukampa platina jaipur rajasthan
train_source1	S1-399029451	Global Builders Private Limited	global builders private limited	global builders	4805/24 Fourth Floor Pvt-2, 24.Bharat Ram Road Darya Ganj, Delhi, Central Delhi, Delhi	4805 24 fourth floor pvt 2 24bharat ram road darya ganj delhi central delhi delhi
train_source1	S1-206177417	Banyan Learning Pvt Ltd	banyan learning pvt ltd	banyan learning	Wz-142, South Delhi, First Floor, Naraina Ring Road, Naraina Village, Delhi, New Delhi	wz 142 south delhi first floor naraina ring road naraina village delhi new delhi
train_source1	S1-282089477	Maestas Churchill Inc	maestas churchill inc	maestas churchill	113 Palmer Street, Arma, KS	113 palmer street arma ks
train_source1	S1-111273522	Main Street Diner Inc	main street diner inc	main street diner	605 Main Street, Elmore City, OK	605 main street elmore city ok
train_source1	S1-76214334	One Super Energy Private Limited	one super energy private limited	one super energy	95 Shri Siddhivinayak Res, Khedapati Mandir Ab Road, Indore, Madhya Pradesh	95 shri siddhivinayak res khedapati mandir ab road indore madhya pradesh
train_source1	S1-611979795	Basf (India) Marketing Private Limited	basf india marketing private limited	basf india marketing	2Nd Floor, Site 6, No.42/2, Munnekolala Varthur Hobli, Bangalore, Karnataka	2nd floor site 6 no42 2 munnekolala varthur hobli bangalore karnataka
train_source1	S1-829348020	All Management Limited	all management limited	all management	52-12-1 Rajendra Nagar, Rajahmundry, Guntur, Andhra Pradesh	52 12 1 rajendra nagar rajahmundry guntur andhra pradesh
train_source1	S1-538674211	Southern Graphics LLC	southern graphics llc	southern graphics	50 Chinkapin Lane, Robbinsville, NC	50 chinkapin lane robbinsville nc
train_source1	S1-261360486	Dynasty & Co	dynasty and co	dynasty and	A-108 Vasundhara, Apartment Dwarka Sector 6, New Delhi, South West Delhi, Delhi	a 108 vasundhara apartment dwarka sector 6 new delhi south west delhi delhi
train_source1	S1-962416500	JY Electronics Limited	jy electronics limited	jy electronics	Shop No 12 Sabar Complex Opp Essar Petrol Pump Ambaji Highway Road, Khedbrahma, Sabar Kantha, Gujarat	shop number 12 sabar complex opposite essar petrol pump ambaji highway road khedbrahma sabar kantha gujarat
train_source1	S1-378245327	Dental Center	dental center	dental center	12814 175th Avenue, Monroe, WA	12814 175th avenue monroe wa
train_source1	S1-414883860	Oneal Rain LLC	oneal rain llc	oneal rain	9477 Greenback Lane, Unit STE 407, Folsom, CA	9477 greenback lane unit suite 407 folsom ca
train_source1	S1-20679780	Red Power LLP	red power llp	red power	No.47, 86Th Street, Kanniappa Nagar Ashok Nagar, Chennai, Tamil Nadu	no47 86th street kanniappa nagar ashok nagar chennai tamil nadu
train_source1	S1-191708568	Wood and Mercado LLC	wood and mercado llc	wood and mercado	95 Cherry Hill Road, Hamden, CT	95 cherry hill road hamden court
train_source1	S1-549398205	Raje Organics Private Limited	raje organics private limited	raje organics	No.1/289, Saddiq Nagar, Near Avinashi Lingeswarar Kovil, Udumalaipettai, Coimbatore, Tamil Nadu	no1 289 saddiq nagar near avinashi lingeswarar kovil udumalaipettai coimbatore tamil nadu
train_source1	S1-988009600	Raj Software Private Limited	raj software private limited	raj software	W/O Kumar Bharat, House No. 12, Kishore Bhawan, Justice Mandal Path, Patna, Bihar	west o kumar bharat house number 12 kishore bhawan justice mandal path patna bihar
train_source1	S1-971634037	Priya (India) Foundation Pvt Ltd	priya india foundation pvt ltd	priya india foundation	1A Chemox House Ist Floor7 Barrack Road, Mumbai, Maharashtra	1a chemox house ist floor7 barrack road mumbai maharashtra
train_source1	S1-352556834	Diversified Engineering Enterprises LLC	diversified engineering enterprises llc	diversified engineering enterprises	1002 Ancrum Hill Lane, Sugar Land, TX	1002 ancrum hill lane sugar land tx
train_source1	S1-954645867	Cray Clean Jaws	cray clean jaws	cray clean jaws	114 Arbogast Lane, Morgantown, WV	114 arbogast lane morgantown wv
train_source1	S1-134701923	Gutierrez Jpmorgan Inc	gutierrez jpmorgan inc	gutierrez jpmorgan	303 105th Street, Lincoln, NE	303 105th street lincoln ne
train_source1	S1-53816260	Metro Advanced Excavation PC	metro advanced excavation pc	metro advanced excavation pc	65 Morgan Lane, Tolland, CT	65 morgan lane tolland court
train_source1	S1-12662811	HZV Goods Private Limited	hzv goods private limited	hzv goods	Rajasthan, Na, Vaishnav Vihar Nangal, Jaipur, Plot No- 153	rajasthan na vaishnav vihar nangal jaipur plot number 153
train_source1	S1-476431309	Amul Sports Corporation	amul sports corporation	amul sports	Building No.12/129 -0, Nisam Manzil Valanjavazhy, Tdmc P.O, Ambalappuzha, Alappuzha, Kerala	building no12 129 0 nisam manzil valanjavazhy tdmc po ambalappuzha alappuzha kerala
train_source1	S1-530376768	Kvr Group of Companies	kvr group of companies	kvr group of companies	Bangalore, No.997, Bangalore North, Karnataka, 5 A Cross, 1 Block, Ring Road Service Lane	bangalore no997 bangalore north karnataka 5 a cross 1 block ring road service lane
train_source1	S1-81469251	Jimenez & Brown	jimenez and brown	jimenez and brown	14450 Martinsville Highway, Pittsylvania County, VA	14450 martinsville highway pittsylvania county va
train_source1	S1-148298186	Mangalvarsha Care Pvt Ltd	mangalvarsha care pvt ltd	mangalvarsha care	Fl - 6, T 5, Durwankur Cts 587 213, Paranjape Road, Apte Road, Pune, Maharashtra	fl 6 t 5 durwankur cts 587 213 paranjape road apte road pune maharashtra
train_source1	S1-689430394	Omisha Seva Samiti	omisha seva samiti	omisha seva samiti	No 28/3 1St Cross Road, A N Gupta Layout, Bangalore South, Bangalore, Karnataka	number 28 3 1st cross road a north gupta layout bangalore south bangalore karnataka
train_source1	S1-488645480	Downtown Bike Shop LLC	downtown bike shop llc	downtown bike shop	18359 Glenbridge Avenue, Lakeville, MN	18359 glenbridge avenue lakeville mn
train_source1	S1-581116416	Swank Assets	swank assets	swank assets	3125 Elizaville Road, Lebanon, IN	3125 elizaville road lebanon in
train_source1	S1-563661207	Rockstar & Sons of Pune City	rockstar and sons of pune city	rockstar and sons of pune city	A 802 Wisteria, Keshav Nagar Manjri Rd., Pune City, Pune, Maharashtra	a 802 wisteria keshav nagar manjri road pune city pune maharashtra
train_source1	S1-739597376	Corey Vanguard Digital Inc	corey vanguard digital inc	corey vanguard digital	2663 Rippling River Court, Bend, OR	2663 rippling river court bend or
train_source1	S1-858342158	Decatur Womens Health Care	decatur womens health care	decatur womens health care	IN, 8865 27, Decatur	in 8865 27 decatur
train_source1	S1-909454649	Cross Holdings	cross holdings	cross holdings	2920 Kepler Avenue, Saint Michael, MN	2920 kepler avenue saint michael mn
train_source1	S1-436849523	Penny A. Lind, DPM, PC	penny a lind dpm pc	penny a lind dpm pc	755 400, Columbia City, IN	755 400 columbia city in
train_source1	S1-331839088	Brewer, Patrick & Forrest	brewer patrick and forrest	brewer patrick and forrest	10208 Meadow Hill Drive, Fl 1, Scottsdale, AZ	10208 meadow hill drive fl 1 scottsdale az
train_source1	S1-538770994	Cathe Hines Acadia	cathe hines acadia	cathe hines acadia	NY, New Hudson, 8265 Spring Valley Road	ny new hudson 8265 spring valley road
train_source1	S1-820060849	Tsg Chits Pvt Ltd	tsg chits pvt ltd	tsg chits	C-506 5Th Floor Block C, Gh 04 A Amrapali Castle Scetor Chi 5 Greater Noida, Dadri, Gautam Buddha Nagar, Uttar Pradesh	c 506 5th floor block c gh 04 a amrapali castle scetor chi 5 greater noida dadri gautam buddha nagar uttar pradesh
train_source1	S1-871687844	Lower Technologies	lower technologies	lower technologies	1815 Union Grove Road, Lenoir, NC	1815 union grove road lenoir nc
train_source1	S1-182558360	Bigelow Consultants of Lubbock, LLC	bigelow consultants of lubbock llc	bigelow consultants of lubbock	6550 43rd Street, Lubbock, TX, Unit 500-213	6550 43rd street lubbock tx unit 500 213
train_source1	S1-880351222	Aloysia Back Berkley	aloysia back berkley	aloysia back berkley	603 Powell Avenue, Dunn, NC	603 powell avenue dunn nc
train_source1	S1-641842880	UU Churchill L.L.C.	uu churchill llc	uu churchill	3505 Matador Drive, Garland, TX	3505 matador drive garland tx
train_source1	S1-507301758	Culver's Seafood Group	culvers seafood group	culvers seafood group	7408 75th Avenue, Brooklyn Park, MN	7408 75th avenue brooklyn park mn
train_source1	S1-966270825	Crislip's Catering LLC	crislips catering llc	crislips catering	1625 Franklin Avenue, OH, Columbus	1625 franklin avenue oh columbus
train_source1	S1-177144918	Interstate Concepts	interstate concepts	interstate concepts	306 Geary Drive, Montgomery, AL	306 geary drive montgomery al
train_source1	S1-528810007	Arjun Agro Pvt. Ltd.	arjun agro pvt ltd	arjun agro	2Nd Floor, Off. No. 202, D Wing, Kamala Mills Compound, Senapati Bapat Marg, Lower Par, El (West), Mumbai, Mumbai City, Maharashtra	2nd floor off number 202 d wing kamala mills compound senapati bapat marg lower par el west mumbai mumbai city maharashtra
train_source1	S1-89003311	Creative Transit Group	creative transit group	creative transit group	3401 Main Street, Fort Worth, TX	3401 main street fort worth tx
train_source1	S1-588939036	Cherianne Johnson, D.C.	cherianne johnson dc	cherianne johnson dc	4043 Joe Crouse Road, NC, Maiden	4043 joe crouse road nc maiden
train_source1	S1-654340387	Hamill, Ellis & Gonzalez LLC	hamill ellis and gonzalez llc	hamill ellis and gonzalez	31 Buford Drive, Celina, TN	31 buford drive celina tn
train_source1	S1-159288198	Nexola Biotechnology Inc.	nexola biotechnology inc	nexola biotechnology	1005 Holly Street, Pine Bluff, AR	1005 holly street pine bluff ar
train_source1	S1-606887450	Strategic Golden Lifesciences LLC	strategic golden lifesciences llc	strategic golden lifesciences	2000 Lapham Road, Aurora, NY	2000 lapham road aurora ny
train_source1	S1-609880827	Kaverin Farms Private Limited	kaverin farms private limited	kaverin farms	Artech House, Thiruvananthapuram, Trivandrum, Tc 24/2014-1, Thycaud, Kerala	artech house thiruvananthapuram trivandrum tc 24 2014 1 thycaud kerala
train_source1	S1-699652036	Adriena's Summit Fitness	adrienas summit fitness	adrienas summit fitness	2924 Raccoon Valley Drive, Halls Crossroads, TN	2924 raccoon valley drive halls crossroads tn
train_source1	S1-620001323	Galaxy Power LLP	galaxy power llp	galaxy power	Plot No J-385, Midc Bhosari, Pune City, Pune, Maharashtra	plot number j 385 midc bhosari pune city pune maharashtra
train_source1	S1-568752914	Hendershot & Lutter Central LLC	hendershot and lutter central llc	hendershot and lutter central	1432 Kinzer Lane, Columbia, TN	1432 kinzer lane columbia tn
train_source1	S1-899778601	Direct Productions Inc	direct productions inc	direct productions	685 Utley Road, New Braintree, MA	685 utley road new braintree ma
train_source1	S1-60946319	Montgomery Bright Ultra	montgomery bright ultra	montgomery bright ultra	Pearland, 3617 Mahogany Trail, TX	pearland 3617 mahogany trail tx
train_source1	S1-72013895	Balaji Builders LLP	balaji builders llp	balaji builders	Flat No-F 101, Wonder City, Katraj-Dehu Road, Near Agam Mandir, Katraj, Pune, Kolhapur, Maharashtra	flat number f 101 wonder city katraj dehu road near agam mandir katraj pune kolhapur maharashtra
train_source1	S1-105548872	George, Espindola & Fritts	george espindola and fritts	george espindola and fritts	1765 B Street, Salem, OR	1765 b street salem or
train_source1	S1-82591612	Tirupati Ventures Private Limited	tirupati ventures private limited	tirupati ventures	1299, Arya Nagar, Mani Ram Bas, Kosi Kalan (Rural), Mathura, Uttar Pradesh	1299 arya nagar mani ram bas kosi kalan rural mathura uttar pradesh
train_source1	S1-8091184	AVZ Elite Hospitality Care	avz elite hospitality care	avz elite hospitality care	2429 Ketchum Cove, Memphis, TN	2429 ketchum cove memphis tn
train_source1	S1-829983869	Yugantar Technologies Limited	yugantar technologies limited	yugantar technologies	Ahmadabad City, 308, Third Floor, Shail Complex, Nr. Swagat Restaurant, Opp. Madhusudan House, Gujarat, Ahmedabad	ahmadabad city 308 third floor shail complex near swagat restaurant opposite madhusudan house gujarat ahmedabad
train_source1	S1-58789724	Vikrant Brothers Ltd	vikrant brothers ltd	vikrant brothers	Flat No-02, Omm Shree Laxmi Construction Atala, Po- Jayapur, Balianta, Balianta, Khordha, Orissa	flat number 02 omm shree laxmi construction atala po jayapur balianta balianta khordha orissa
train_source1	S1-411827788	Dhanvi Technologies Private Limited	dhanvi technologies private limited	dhanvi technologies	2A, Third Floor, Ganga Nagar Fourth Street, Kodambakkam, Chennai, Tamil Nadu	2a third floor ganga nagar fourth street kodambakkam chennai tamil nadu
train_source1	S1-118338310	Bibbs Nevada	bibbs nevada	bibbs nevada	14115 Davis Court, Portland, OR	14115 davis court portland or
train_source1	S1-154882565	Hamilton Processing Associates	hamilton processing associates	hamilton processing associates	2651 Sable Ridge Lane, Katy, TX	2651 sable ridge lane katy tx
train_source1	S1-60298642	Tejika Entertainment Private Limited	tejika entertainment private limited	tejika entertainment	Punjab, Fatehabad Khadoor Sahib, H.No.190, Tarn Taran, Amritsar	punjab fatehabad khadoor sahib hno190 tarn taran amritsar
train_source1	S1-758631377	Amick and Martinez Center	amick and martinez center	amick and martinez center	302 Hennepin Street, Mark, IL	302 hennepin street mark il
train_source1	S1-938749335	Physical Therapy Specialists LLC	physical therapy specialists llc	physical therapy specialists	TX, 205 Pecan Street, Keller	tx 205 pecan street keller
train_source1	S1-439413861	Yamuanth International Private Limited	yamuanth international private limited	yamuanth international	C/O Atul Krapashankar Bhargava, 704, Gyankripa Estate, Bypass Road, Ward No. 35, Imlikheda, Linga, Chhindwara, Madhya Pradesh	c o atul krapashankar bhargava 704 gyankripa estate bypass road ward number 35 imlikheda linga chhindwara madhya pradesh
train_source1	S1-328471041	Vats Nursing Home	vats nursing home	vats nursing home	2 Floor Grd B Manohar Building K W Chitale Path Portugese Church Dadar, Mumbai, Mumbai City, Maharashtra	2 floor grd b manohar building k west chitale path portugese church dadar mumbai mumbai city maharashtra
train_source1	S1-669609886	Delhi Cold Private Limited	delhi cold private limited	delhi cold	Wp-502/2, Village Wazirpur, Delhi, North West, Delhi	wp 502 2 village wazirpur delhi north west delhi
train_source1	S1-598605289	Solutions Nirmala Tourism Private Limited	solutions nirmala tourism private limited	solutions nirmala tourism	House No Pvt 319, Kh 4/25, Gf, St- 19 Blk - D Colony, Delhi, North Delhi, Delhi	house number pvt 319 kh 4 25 gf street 19 blk d colony delhi north delhi delhi
train_source1	S1-763576282	Urgent Care Group PLLC	urgent care group pllc	urgent care group pllc	419 W Dover Ct, IA, Davenport	419 west dover court ia davenport
train_source1	S1-537490349	Eleven Advisors	eleven advisors	eleven advisors	North East, Khasra No 13, Gali No 6, Kotla Village, Hiral Lal Prop No 111, Delhi	north east khasra number 13 gali number 6 kotla village hiral lal prop number 111 delhi
train_source1	S1-109581032	Constantine Shifflett Nexera LLC	constantine shifflett nexera llc	constantine shifflett nexera	912 14th Street, Beardstown, IL	912 14th street beardstown il
train_source1	S1-514423627	Valley Coalition	valley coalition	valley coalition	9628 Laurel Lane, Fl 1, Scottsdale, AZ	9628 laurel lane fl 1 scottsdale az
train_source1	S1-305903794	Erode Zp Ltd	erode zp ltd	erode zp	No. 30 Iraniyan Street, Udhayam Nagar, Lakshmi Garden (Via), Rangampalayam (Po), Erode, Tamil Nadu	number 30 iraniyan street udhayam nagar lakshmi garden via rangampalayam po erode tamil nadu
train_source1	S1-775350452	Mumbai Vacation Pvt. Ltd.	mumbai vacation pvt ltd	mumbai vacation	505, Shalimar Morya Park, New Link Road, Andheri West, Mumbai, Maharashtra	505 shalimar morya park new link road andheri west mumbai maharashtra
train_source1	S1-20235192	Rpg Farms Limited	rpg farms limited	rpg farms	C/O Hanumant Babanrao, Kajale, Nirgude, H.No-567, Junnar, Pune, Maharashtra	c o hanumant babanrao kajale nirgude hno 567 junnar pune maharashtra
train_source1	S1-306275226	FDG Compliance Center	fdg compliance center	fdg compliance center	146, Hebbasuru, Chamrajnagar, Karnataka	146 hebbasuru chamrajnagar karnataka
train_source1	S1-595727368	Heart Council VI	heart council vi	heart council vi	3496 64th Street, Altoona, IA	3496 64th street altoona ia
train_source1	S1-670226080	Mines Communications Private Limited	mines communications private limited	mines communications	570 M.G. Road, Unit No G 28, City Center, Indore, Madhya Pradesh	570 mg road unit number g 28 city center indore madhya pradesh
train_source1	S1-83914216	Enam Public School	enam public school	enam public school	C/O Ram Sajivan Sh Kuanare Lal G-6 (G/F) Lal Kuan, Delhi, New Delhi, Delhi	c o ram sajivan sh kuanare lal g 6 g f lal kuan delhi new delhi delhi
train_source1	S1-24456369	Moss, Mcmurray & Elston	moss mcmurray and elston	moss mcmurray and elston	23 Mariners Point Ln, VA, Middlesex County	23 mariners point lane va middlesex county
train_source1	S1-357864385	Safe Supply Concepts PC	safe supply concepts pc	safe supply concepts pc	217 Mica Trail, Maxwell, TX	217 mica trail maxwell tx
train_source1	S1-990718988	Ventures Arpit Generation Pvt. Ltd.	ventures arpit generation pvt ltd	ventures arpit generation	Puja Agro Indusries, I-235, Prantij, Sabarkantha, Gujarat	puja agro indusries i 235 prantij sabarkantha gujarat
train_source1	S1-940946868	Beckmann Net, Inc	beckmann net inc	beckmann net	605 St Enodoc Circle, Prescott, AZ	605 street enodoc circle prescott az
train_source1	S1-912855728	Shivam Law Chambers Limited	shivam law chambers limited	shivam law chambers	West Godavari, Eluru, Bank Colony, Satrampadu, Andhra Pradesh, H.No- 2&3	west godavari eluru bank colony satrampadu andhra pradesh hno 2 and 3
train_source1	S1-804025354	Peak Mountain Altenergy Inc	peak mountain altenergy inc	peak mountain altenergy	149 Wagner Street, Unit 101, Troutman, NC	149 wagner street unit 101 troutman nc
train_source1	S1-744220341	Innovative Sai Media Private Limited	innovative sai media private limited	innovative sai media	Jupiter-1, 30:1 4Th Cross, 7Th Block Jayanagar, Bangalore South, Bangalore, Karnataka	jupiter 1 301 4th cross 7th block jayanagar bangalore south bangalore karnataka
train_source1	S1-557399885	Mehta & Wooldridge PLLC	mehta and wooldridge pllc	mehta and wooldridge pllc	12106 Willow Manor Lane, Frisco, TX	12106 willow manor lane frisco tx
train_source1	S1-104065800	Downtown Cafe Inc	downtown cafe inc	downtown cafe	577 15th Place, Chicago Heights, IL	577 15th place chicago heights il
train_source1	S1-270087351	Suryanth Solutions	suryanth solutions	suryanth solutions	10111, Sobha Aspire Apt, Nagasandra, 8Th Mile, Bangalore North, Bangalore, Karnataka	10111 sobha aspire apartment nagasandra 8th mile bangalore north bangalore karnataka
train_source1	S1-610162639	Apex Textile Associates Inc	apex textile associates inc	apex textile associates	7 Tanglewood Lane, New Milford, CT	7 tanglewood lane new milford court
train_source1	S1-755367201	Family Green Clinic Inc	family green clinic inc	family green clinic	647 Kimberly Avenue, Village Of Kimberly, WI	647 kimberly avenue village of kimberly wi
train_source1	S1-900870097	Gujarat Technologies Private Limited	gujarat technologies private limited	gujarat technologies	Cabin No.-108, First Floor, Tower-1, Steller Crest Business Center, It Park, C-25, Sector-6, 2, Noida, Gautam Buddha Nagar, Uttar Pradesh	cabin number 108 first floor tower 1 steller crest business center it park c 25 sector 6 2 noida gautam buddha nagar uttar pradesh
train_source1	S1-224164495	Builders Sreeja Agro Private Limited	builders sreeja agro private limited	builders sreeja agro	Binay Kumar Mandal, S/O- Kshetranath Mandal, Birbhum, West Bengal	binay kumar mandal south o kshetranath mandal birbhum west bengal
train_source1	S1-34692942	Sirs Motors Co	sirs motors co	sirs motors	Surat, Gujarat, 3Rd Floor, Plot 1189, 1190/A Kakaji No Mahallo, Nanpura	surat gujarat 3rd floor plot 1189 1190 a kakaji number mahallo nanpura
train_source1	S1-896753754	Laxmi Marketing	laxmi marketing	laxmi marketing	E5, No 7, Old No 16, First Cross Street Lambart Nagar, Virugambakkam, Chennai, Tamil Nadu	e5 number 7 old number 16 first cross street lambart nagar virugambakkam chennai tamil nadu
train_source1	S1-543722172	Surgical Care LLC	surgical care llc	surgical care	3117 Lamont Street, Tyler, TX	3117 lamont street tyler tx
train_source1	S1-997225529	Ss It Limited	ss it limited	ss it	1, Yashodhan Apartments, Near Bapu Bunglow Wadala Pathardi Road, Indira Nagar, Nashik, Maharashtra	1 yashodhan apartments near bapu bunglow wadala pathardi road indira nagar nashik maharashtra
train_source1	S1-275767880	Adroit Advisors Group	adroit advisors group	adroit advisors group	Cts No 140 P N 28 Sadar, Bazar Gulmohor Col Satara, Satara, Maharashtra	cts number 140 p north 28 sadar bazar gulmohor col satara satara maharashtra
train_source1	S1-857865367	Office of Consumer Affairs	office of consumer affairs	office of consumer affairs	2885 Savannah Drive, Aurora, IL	2885 savannah drive aurora il
train_source1	S1-148678669	Vanteus Venture	vanteus venture	vanteus venture	710 Sherman Avenue, Morgantown, WV	710 sherman avenue morgantown wv
train_source1	S1-6197302	Thomas, Padron and Knight LLC	thomas padron and knight llc	thomas padron and knight	8914 Ashcroft Creek Court, Cypress, TX	8914 ashcroft creek court cypress tx
train_source1	S1-176371732	Rasla Self Ridge Aluminum PC	rasla self ridge aluminum pc	rasla self ridge aluminum pc	309 Mann Street, Unit 18, Blackstone Town, VA	309 mann street unit 18 blackstone town va
train_source1	S1-633129109	All Food Private Limited	all food private limited	all food	Unit No. 1118, 11Th Floor, A-Block, Naurang House, K.G.Marg, Connaught Palce, New Delhi, Central Delhi, Delhi	unit number 1118 11th floor a block naurang house kgmarg connaught palce new delhi central delhi delhi
train_source1	S1-922487978	Midwest Muzero	midwest muzero	midwest muzero	S1703 Stanek Road, Town Of Woodland, WI	s1703 stanek road town of woodland wi
train_source1	S1-808699530	Southern Constructions Private Limited	southern constructions private limited	southern constructions	Gnra 28, Gandhi Nagar Lane Kodunganoor, Vattiyoorkavu, Thiruvananthapuram, Trivandrum, Kerala	gnra 28 gandhi nagar lane kodunganoor vattiyoorkavu thiruvananthapuram trivandrum kerala
train_source1	S1-335728544	Canales and Killingsworth LLC	canales and killingsworth llc	canales and killingsworth	7800 Greenbrook Drive, Greenbelt, MD	7800 greenbrook drive greenbelt md
train_source1	S1-474755359	Srpl Farms Private Limited	srpl farms private limited	srpl farms	C/O Maa Bastralaya, Nuapadapo/Ps Sonepur, Sonepur, Orissa	c o maa bastralaya nuapadapo ps sonepur sonepur orissa
train_source1	S1-968308125	Royal Energy Private Limited	royal energy private limited	royal energy	127, Gundecha Industrial Complex Akurli Road, Kandivali East, Mumbai, Mumbai City, Maharashtra	127 gundecha industrial complex akurli road kandivali east mumbai mumbai city maharashtra
train_source1	S1-694786973	Cooper Vanguard Xflh Inc	cooper vanguard xflh inc	cooper vanguard xflh	177 Gladstone Street, Wabash, IN	177 gladstone street wabash in
train_source1	S1-707236749	Cariva Select Strategic	cariva select strategic	cariva select strategic	3503 Country Club Drive, Jefferson City, MO	3503 country club drive jefferson city mo
train_source1	S1-422280252	Shree Facilitation Pvt Ltd	shree facilitation pvt ltd	shree facilitation	Delhi, Sector-16 Rohini, H-4/19, Delhi, West Delhi	delhi sector 16 rohini h 4 19 delhi west delhi
train_source1	S1-504863624	Dermatology Partners LP	dermatology partners lp	dermatology partners lp	4408 Windy Hill Road, Randallstown, MD	4408 windy hill road randallstown md
train_source1	S1-799095862	Eastern Towing	eastern towing	eastern towing	5714 Caracara Street, Manvel, TX	5714 caracara street manvel tx
train_source1	S1-934097826	Kolkata Convention Center	kolkata convention center	kolkata convention center	71A/2 Alipore Rd 4Th Fl.Flat No 8, Kolkata, Calcutta, West Bengal	71a 2 alipore road 4th flflat number 8 kolkata calcutta west bengal
train_source1	S1-571355356	F I & M Dollar Inc	f i and m dollar inc	f i and m dollar	5871 Garden Hill Lane, Bldg 40, Dublin, OH	5871 garden hill lane building 40 dublin oh
train_source1	S1-302092482	AI Pbc LLC	ai pbc llc	ai pbc	55 Laramie Road, Greenbrier, AR	55 laramie road greenbrier ar
train_source1	S1-615144404	Behavioral Health Specialists	behavioral health specialists	behavioral health specialists	384 Rawls Creek Road, Gordonsville, TN	384 rawls creek road gordonsville tn
train_source1	S1-355360961	Internal Medicine Center	internal medicine center	internal medicine center	7 Third Street, Andover, NY	7 third street andover ny
train_source1	S1-403174703	Davis National Stonebridge	davis national stonebridge	davis national stonebridge	25523 Streamwood Lane, Plainfield, IL	25523 streamwood lane plainfield il
train_source1	S1-665804046	Mora, Tatum, D.D.S.	mora tatum dds	mora tatum dds	731 Dungan Drive, Mammoth, AZ	731 dungan drive mammoth az
train_source1	S1-908046696	Direct Retail Products	direct retail products	direct retail products	Covington, TN, 126 Tipton Street	covington tn 126 tipton street
train_source1	S1-966556536	Dental Frontier Clinic LLC	dental frontier clinic llc	dental frontier clinic	6507 5th Place, Tulsa, OK	6507 5th place tulsa ok
train_source1	S1-912338564	Robie Grill	robie grill	robie grill	7490 250, Paris Crossing, IN	7490 250 paris crossing in
train_source1	S1-545578977	Dyna Hernandez Saratoga	dyna hernandez saratoga	dyna hernandez saratoga	8 Aiken Drive, Auburn, NY	8 aiken drive auburn ny
train_source1	S1-850758051	Gilbert Animal Hospital	gilbert animal hospital	gilbert animal hospital	1785 Prathersville Road, Fl 1, Columbia, MO	1785 prathersville road fl 1 columbia mo
train_source1	S1-767751148	Arney Holding Company	arney holding company	arney holding	18753 Sheldon Road, Middleburg Heights, OH	18753 sheldon road middleburg heights oh
train_source1	S1-430362117	Dream Consultancy LLP	dream consultancy llp	dream consultancy	Flat No.514, A Block, Sai Tirumala Towers, Plot No:85 To 88, Champapet, Saroornagar, Hyderabad, Telangana	flat no514 a block sai tirumala towers plot no85 to 88 champapet saroornagar hyderabad telangana
train_source1	S1-891013868	Family Trusted Health	family trusted health	family trusted health	1109 Southview Drive, Oxon Hill, MD	1109 southview drive oxon hill md
train_source1	S1-171387573	Rhoden & Luong LLC	rhoden and luong llc	rhoden and luong	808 Dixie Drive, Enterprise, AL	808 dixie drive enterprise al
train_source1	S1-949211377	Deb F. Provost, Ph.D.	deb f provost phd	deb f provost phd	10245 Franklin Turnpike, Pittsylvania County, VA	10245 franklin turnpike pittsylvania county va
train_source1	S1-204848731	Sosa Rocky Accounting Inc.	sosa rocky accounting inc	sosa rocky accounting	2716 Rosedale Avenue, University Park, TX	2716 rosedale avenue university park tx
train_source1	S1-393934451	Mangrol Technologies Private Limited	mangrol technologies private limited	mangrol technologies	Shop No 29 F Buil, Rajeshvar Plaza Udhna, Mangrol, Surat, Gujarat	shop number 29 f buil rajeshvar plaza udhna mangrol surat gujarat
train_source1	S1-204456890	Modern Star Services Limited	modern star services limited	modern star services	83, Dsidc Complex, Okhla Industrial Area Phase I, New Delhi, South Delhi, Delhi	83 dsidc complex okhla industrial area phase i new delhi south delhi delhi
train_source1	S1-172827773	Metro Brothers Private Limited	metro brothers private limited	metro brothers	Q/2, Parmeshwar Park, Near Amin Party Plot, Gotri, Vadodara, Gujarat	q 2 parmeshwar park near amin party plot gotri vadodara gujarat
train_source1	S1-146406369	Great Foods Private Limited	great foods private limited	great foods	Plot No 7 Flat No 5 Pranithi Residency Nizampet X Road Hydernagar, Hyderabad, Telangana	plot number 7 flat number 5 pranithi residency nizampet x road hydernagar hyderabad telangana
train_source1	S1-867992586	Benchmark Seeds Private Limited	benchmark seeds private limited	benchmark seeds	Unit No. 15 & 16, Rajprabha Udyognagar, Bldg. No.3 Extension Iii, Waliv, Vasai(East), Thane, Maharashtra	unit number 15 and 16 rajprabha udyognagar building no3 extension iii waliv vasaieast thane maharashtra
train_source1	S1-415274790	Unified Wave LLC	unified wave llc	unified wave	W5861 Royaltroon Drive, Village Of Harrison, WI	w5861 royaltroon drive village of harrison wi
train_source1	S1-127835134	Allied Fund LLC	allied fund llc	allied fund	5 Ayr Court, Nottingham, MD	5 ayr court nottingham md
train_source1	S1-768057805	EL Lincoln	el lincoln	el lincoln	102 Union Avenue, Mountain View, AR	102 union avenue mountain view ar
train_source1	S1-833280178	G Y & H Zhejiang LLC	g y and h zhejiang llc	g y and h zhejiang	Lynn, MA, 43 Sagamore Street	lynn ma 43 sagamore street
train_source1	S1-836747974	Vaishali Software Private Limited	vaishali software private limited	vaishali software	S.N.130/4, Sai Ozone, Fl-503, Wakad, Pune, Pune City, Pune, Maharashtra	sn130 4 sai ozone fl 503 wakad pune pune city pune maharashtra
train_source1	S1-983588293	Cole, Michel & Bogart	cole michel and bogart	cole michel and bogart	7101 Mallard Crossing Way, Wake Forest, NC	7101 mallard crossing way wake forest nc
train_source1	S1-443337268	17/66 Pro	17 66 pro	17 66 pro	Loudoun County, VA, 44116 Vaira Terrace	loudoun county va 44116 vaira terrace
train_source1	S1-170678075	Fresh Verde Inc.	fresh verde inc	fresh verde	4560 Hydraulic Avenue, Unit LOT A52, Wichita, KS	4560 hydraulic avenue unit lot a52 wichita ks
train_source1	S1-793615008	Clairvoyant Record Private Limited	clairvoyant record private limited	clairvoyant record	1St Floor, Tamrakarmall, New Bus Stand, Sehore, Madhya Pradesh	1st floor tamrakarmall new bus stand sehore madhya pradesh
train_source1	S1-184420835	Systems Mnc Industries Private Limited	systems mnc industries private limited	systems mnc industries	G-2, Gavdevi Chs Bldg-1, Vlg Oshw, New Link Road, Behram Baug, Jogeshwari-W Opp.Dheeraj Gaurav Heights, Jogeshwari West, Mumbai, Maharashtra	g 2 gavdevi chs building 1 vlg oshw new link road behram baug jogeshwari west oppdheeraj gaurav heights jogeshwari west mumbai maharashtra
train_source1	S1-311728134	Verla Martin, DO	verla martin do	verla martin do	307 Stover Road, Blue Hill, ME	307 stover road blue hill me
train_source1	S1-402237262	Real Hospitality Private Limited	real hospitality private limited	real hospitality	Karnataka, Ithiel Complex, 3Rd Main, 2Nd Cross, Kacharakanahalli, St Thomas Town Post, No.1, Bangalore	karnataka ithiel complex 3rd main 2nd cross kacharakanahalli street thomas town post no1 bangalore
train_source1	S1-583341853	Shetkari Services of New Delhi	shetkari services of new delhi	shetkari services of new delhi	W-75 Ist Floor Greater Kailash, New Delhi, South Delhi, Delhi	west 75 ist floor greater kailash new delhi south delhi delhi
train_source1	S1-20023045	Economic Development Federation	economic development federation	economic development federation	7015 Milagro Circle, Mesa, AZ	7015 milagro circle mesa az
train_source1	S1-14310054	Wade Manulife LLC	wade manulife llc	wade manulife	6010 Coventry Falls, Houston, TX	6010 coventry falls houston tx
train_source1	S1-186281585	Perfect (India) Tours Pvt Ltd	perfect india tours pvt ltd	perfect india tours	G-47, Raj Nagar Part-Ii Palam Colony, New Delhi, Delhi	g 47 raj nagar part ii palam colony new delhi delhi
train_source1	S1-626494746	Lange Nuclear LLC	lange nuclear llc	lange nuclear	5320 81st Street, Unit APARTMENT  733, Tulsa, OK	5320 81st street unit apartment 733 tulsa ok
train_source1	S1-695579546	Metropolitan Furniture LLC	metropolitan furniture llc	metropolitan furniture	740 Northview Lane, Hoffman Estates, IL	740 northview lane hoffman estates il
train_source1	S1-986280179	Bureau of Parks and Recreation	bureau of parks and recreation	bureau of parks and recreation	MA, Unit 1, Everett, 215 Hancock Street	ma unit 1 everett 215 hancock street
train_source1	S1-125389787	Guru College	guru college	guru college	Kannookkara Po, Kerala, Kannur, Thana, Building No: 17/8A (Old:14/476A) Abughar	kannookkara po kerala kannur thana building number 17 8a old14 476a abughar
train_source1	S1-771278228	Toni King Lifesciences	toni king lifesciences	toni king lifesciences	4 Sunset Avenue, Malta, NY	4 sunset avenue malta ny
train_source1	S1-782812175	Four Solutions (India)	four solutions india	four solutions india	House No.401, Kollam, Niju Nivas Vadakkumthala, Panmana, Kerala, Kollam	house no401 kollam niju nivas vadakkumthala panmana kerala kollam
train_source1	S1-705759195	Sweet Deli LLC	sweet deli llc	sweet deli	Toledo, OH, 306 Streicher Street	toledo oh 306 streicher street
train_source1	S1-108888770	Mumbai Development Private Limited	mumbai development private limited	mumbai development	71/73, Floor-2, Plot-65, Bilakhadi Chamber, Saint Mary Road, Mazgaon, Mumbai, Maharashtra	71 73 floor 2 plot 65 bilakhadi chamber saint mary road mazgaon mumbai maharashtra
train_source1	S1-893165350	Kanakdhara Farmer Pvt Ltd	kanakdhara farmer pvt ltd	kanakdhara farmer	No. 39, K-Block, 15Th Street, Perambur Purasawalkam, Chennai, Tamil Nadu	number 39 k block 15th street perambur purasawalkam chennai tamil nadu
train_source1	S1-934459964	Schneider's Motors	schneiders motors	schneiders motors	37279 Nicho Esparza, San Benito, TX	37279 nicho esparza san benito tx
train_source1	S1-997553932	Regional International LLC	regional international llc	regional international	407 Clinton Street, Brayton, IA	407 clinton street brayton ia
train_source1	S1-122003718	Golden Foods Private Limited	golden foods private limited	golden foods	B-11/8106, Vasant Kunj, New Delhi, South Delhi, Delhi	b 11 8106 vasant kunj new delhi south delhi delhi
train_source1	S1-80059466	Tc Luxe Limited	tc luxe limited	tc luxe	A-226, Sakar-7, Nehru Bridge Corner, Ashram Road, Ahmedabad, Gujarat	a 226 sakar 7 nehru bridge corner ashram road ahmedabad gujarat
train_source1	S1-379956956	Vidarbha & Sons Private Limited	vidarbha and sons private limited	vidarbha and sons	A-1/71-Apanchsheel Enclave, New Delhi, South Delhi, Delhi	a 1 71 apanchsheel enclave new delhi south delhi delhi
train_source1	S1-574922107	North Highland John	north highland john	north highland john	12 Cobb Court, Troy, AL	12 cobb court troy al
train_source1	S1-640836090	Southern Services Pvt Ltd	southern services pvt ltd	southern services	A-301, 3Rd Floor, Tower A, Civitech Sampriti, Noida, Gautam Buddha Nagar, Uttar Pradesh	a 301 3rd floor tower a civitech sampriti noida gautam buddha nagar uttar pradesh
train_source1	S1-754664373	Delta Family Practice	delta family practice	delta family practice	1180 Beck Street, Unit A, Salt Lake City, UT	1180 beck street unit a salt lake city ut
train_source1	S1-203925563	Balaji Impex	balaji impex	balaji impex	Kolkata, 3/29/1, Howrah, Bl C, Fl 320H 202, Jessore Road, North 24 Pgs, West Bengal	kolkata 3 29 1 howrah bl c fl 320h 202 jessore road north 24 pgs west bengal
train_source1	S1-765187970	Applied Defense Collective	applied defense collective	applied defense collective	2753 94, International Falls, MN	2753 94 international falls mn
train_source1	S1-272862947	UA Services LLP	ua services llp	ua services	16-101/1 Manalivilai Veedu Near Old Police Station, Arumani, Arumanai Post, Kanyakumari, Tamil Nadu	16 101 1 manalivilai veedu near old police station arumani arumanai post kanyakumari tamil nadu
train_source1	S1-358631275	V 7 E Nippon Inc.	v 7 e nippon inc	v 7 e nippon	1750 857, Grand Saline, TX	1750 857 grand saline tx
train_source1	S1-924136701	A Cure 6 You PLLC	a cure 6 you pllc	a cure 6 you pllc	875 Montell Terrace Street, City Of Stevenson, WA	875 montell terrace street city of stevenson wa
train_source1	S1-644751653	Green Environmental Collective LLC	green environmental collective llc	green environmental collective	106 Glenn Avenue, Saint Clairsville, OH	106 glenn avenue saint clairsville oh
train_source1	S1-128592865	Erwin Charter School Co	erwin charter school co	erwin charter school	3271 Georgia Road, Franklin, NC	3271 georgia road franklin nc
train_source1	S1-790201877	Modern Foundation Private Limited	modern foundation private limited	modern foundation	Flat No. 108 First Floor, Bibhab Vellevue, Hotel Mayur Tourist Complex, Fatehabad R, Oad, Agra, Uttar Pradesh	flat number 108 first floor bibhab vellevue hotel mayur tourist complex fatehabad r oad agra uttar pradesh
train_source1	S1-70911786	Jemimah Rolling, DDS	jemimah rolling dds	jemimah rolling dds	1030 Arbor Avenue, Dayton, OH	1030 arbor avenue dayton oh
train_source1	S1-659821047	Total Frontier Ford L.L.C.	total frontier ford llc	total frontier ford	307 Harkins Street, Ryegate, MT	307 harkins street ryegate mt
train_source1	S1-101122655	United Vishnu	united vishnu	united vishnu	Shed No. Gf/56, Kalptaru Industrial Estate, Nr. Torrent Power, Opp. Kathwada Gidc, N, Icol, Ahmedabad, Gujarat	shed number gf 56 kalptaru industrial estate near torrent power opposite kathwada gidc north icol ahmedabad gujarat
train_source1	S1-767453878	Aubrie Fernandez Keystone Hcm	aubrie fernandez keystone hcm	aubrie fernandez keystone hcm	1031 Anderson Street, Greensburg, IN	1031 anderson street greensburg in
train_source1	S1-374475963	Olanan Guggenheim	olanan guggenheim	olanan guggenheim	1768 Whitney Avenue, Hamden, CT	1768 whitney avenue hamden court
train_source1	S1-975150347	Viable Pro Private Limited	viable pro private limited	viable pro	Pno.G-18, Midc Satpur Nashik, Nashik, Maharashtra	pnog 18 midc satpur nashik nashik maharashtra
train_source1	S1-561314507	Allen Better Liquor Corp	allen better liquor corp	allen better liquor	Bainville, 311 Main Street, MT	bainville 311 main street mt
train_source1	S1-484133102	Redwood Inc	redwood inc	redwood	AZ, Rimrock, 5495 Bentley Drive	az rimrock 5495 bentley drive
train_source1	S1-708163208	Hatti Jones Kongsberg LLC	hatti jones kongsberg llc	hatti jones kongsberg	13350 Shands Road, Sussex County, VA	13350 shands road sussex county va
train_source1	S1-227187617	ZA India Pvt. Ltd.	za india pvt ltd	za india	1-2/1, Gujarat, Bhavnagar, Vitthalwadi, Udyog Nagar, Bhavanagar	1 2 1 gujarat bhavnagar vitthalwadi udyog nagar bhavanagar
train_source1	S1-395920256	Ramirez Classic Babcock Inc	ramirez classic babcock inc	ramirez classic babcock	15 Hillside Avenue, Croton-on-hudson, NY	15 hillside avenue croton on hudson ny
train_source1	S1-870115237	Strategic Optimal Online LLC	strategic optimal online llc	strategic optimal online	Tinley Park, 6321 Ulster Drive, IL	tinley park 6321 ulster drive il
train_source1	S1-743301865	Anabal's Clean Deli	anabals clean deli	anabals clean deli	Harrellsville, 605 Swains Mill Road, NC	harrellsville 605 swains mill road nc
train_source1	S1-862669059	Wilson Twelve Inc	wilson twelve inc	wilson twelve	500 Kopp Lane, Clarksville, Unit 127, IN	500 kopp lane clarksville unit 127 in
train_source1	S1-238319738	Surgical Physicians Inc	surgical physicians inc	surgical physicians	1030 Standing Oak Drive, Granite Quarry, NC	1030 standing oak drive granite quarry nc
train_source1	S1-793510573	Commission on Labor	commission on labor	commission on labor	4117 Oakstone Drive, Smyrna, TN	4117 oakstone drive smyrna tn
train_source1	S1-172179362	Organic Brothers Ltd	organic brothers ltd	organic brothers	J P Chamber South Ambazari Road, Nagpur India, Nagpur, Maharashtra	j p chamber south ambazari road nagpur india nagpur maharashtra
train_source1	S1-893983413	Global Great Energy Private Limited	global great energy private limited	global great energy	H No 16 115/260, Vandanapuri Colony, Beeramguda, Hyderabad, Telangana	h number 16 115 260 vandanapuri colony beeramguda hyderabad telangana
train_source1	S1-136767225	Wildlife Alliance Inc	wildlife alliance inc	wildlife alliance	8007 Beech Ave, Lyndon, KY	8007 beech avenue lyndon ky
train_source1	S1-329014655	Smart Data Consultants Inc	smart data consultants inc	smart data consultants	937 Crab Tree Cove, Midwest City, OK	937 crab tree cove midwest city ok
train_source1	S1-544666921	Five Healthcare Private Limited	five healthcare private limited	five healthcare	# 85, 5Th Cross 3Rd Main, Amrutha Nagar, Bangalore, Karnataka	85 5th cross 3rd main amrutha nagar bangalore karnataka
train_source1	S1-920297646	West Federal Oyster LLC	west federal oyster llc	west federal oyster	301 Neals Lane, Gallatin, TN	301 neals lane gallatin tn
train_source1	S1-165368525	Lower Coastal Detailing LLC	lower coastal detailing llc	lower coastal detailing	3635 Maple Glenn Lane, Charlotte, NC	3635 maple glenn lane charlotte nc
train_source1	S1-927150955	Integrated Materials Labs	integrated materials labs	integrated materials labs	179 South Avenue, New Canaan, CT	179 south avenue new canaan court
train_source1	S1-406502736	Ev Glory Private Limited	ev glory private limited	ev glory	60/4, Majri Mohalla, Shahbad, Kurukshetra, Haryana	60 4 majri mohalla shahbad kurukshetra haryana
train_source1	S1-357344139	Holy Israel	holy israel	holy israel	Fair Oaks, CA, 5337 Sunrise Boulevard	fair oaks ca 5337 sunrise boulevard
train_source1	S1-14671216	Shiv Constructions Private Limited	shiv constructions private limited	shiv constructions	S. No 27/8B, 1St Floor, Flat No. 1, Ambegaon Bk, Nr Toramkar Fmill, Pune, Maharashtra	south number 27 8b 1st floor flat number 1 ambegaon bk near toramkar fmill pune maharashtra
train_source1	S1-494268853	Mani Welfare Society	mani welfare society	mani welfare society	43A Pocket A Dilshad Garden, Shahdara, Delhi	43a pocket a dilshad garden shahdara delhi
train_source1	S1-521211713	Vivue Trust Inc	vivue trust inc	vivue trust	517 Hwy 96, Fairview, TN	517 highway 96 fairview tn
train_source1	S1-172850574	Compass Partners	compass partners	compass partners	78 Fairfield Avenue, Tisbury, MA	78 fairfield avenue tisbury ma
train_source1	S1-131527067	Industrial Telecom Works LLC	industrial telecom works llc	industrial telecom works	238 Madison Street, City Of Janesville, WI	238 madison street city of janesville wi
train_source1	S1-968026177	Shiv Fund Private Limited	shiv fund private limited	shiv fund	113A/4 Ghosh Garden Road, Kolkata, Howrah, West Bengal	113a 4 ghosh garden road kolkata howrah west bengal
train_source1	S1-995015295	Patrick Empire Fresenius L.L.C.	patrick empire fresenius llc	patrick empire fresenius	500 Poplar Street, Normal, IL	500 poplar street normal il
train_source1	S1-400872192	Rev It Up Pub Partners	rev it up pub partners	rev it up pub partners	8325 132nd Street Court, Puyallup, WA	8325 132nd street court puyallup wa
train_source1	S1-832047138	Dermatology Care Fairfax County	dermatology care fairfax county	dermatology care fairfax county	5432 Bromyard Court, Fairfax County, VA	5432 bromyard court fairfax county va
train_source1	S1-761010516	Myriam Lilly Modern Ready LLC	myriam lilly modern ready llc	myriam lilly modern ready	35 Dover Court, Riverhead, NY	35 dover court riverhead ny
train_source1	S1-211335835	Gilbert Metal Works	gilbert metal works	gilbert metal works	201 Mingus Avenue, Cottonwood, AZ	201 mingus avenue cottonwood az
train_source1	S1-248417578	Damian and Corniel Annuities LLC	damian and corniel annuities llc	damian and corniel annuities	441 Cooper Road, Drummonds, TN	441 cooper road drummonds tn
train_source1	S1-650567604	Buford Tsakos	buford tsakos	buford tsakos	1100 Fernview Trail, Chesterfield County, VA	1100 fernview trail chesterfield county va
train_source1	S1-577961053	Makin Regional Calisa LP	makin regional calisa lp	makin regional calisa lp	OH, 3454 Eyrich Road, Cincinnati	oh 3454 eyrich road cincinnati
train_source1	S1-728279157	Olanara Galaxy LLC	olanara galaxy llc	olanara galaxy	1610 Main Street, Victoria Town, VA	1610 main street victoria town va
train_source1	S1-391448154	Coastal Academy LLC	coastal academy llc	coastal academy	302 Jordan Crossing Avenue, Jamestown, NC	302 jordan crossing avenue jamestown nc
train_source1	S1-469269527	Nichols Opendoor	nichols opendoor	nichols opendoor	Huntsville, 10243 Buckeye Drive, Unit A7, OH	huntsville 10243 buckeye drive unit a7 oh
train_source1	S1-44872528	Nizamabad Shree Private Limited	nizamabad shree private limited	nizamabad shree	H.No.1-22, Shutter No. 1, Opp Shyam Petrol Pump, Nizamabad, Telangana	hno1 22 shutter number 1 opposite shyam petrol pump nizamabad telangana
train_source1	S1-299065838	NNL Trading Limited	nnl trading limited	nnl trading	H.No 25, Gali No. 3, Indra Nagar Colony, Dhampur, Dist Bijnor, Dhampur, Bijnor, Bijnore, Uttar Pradesh	hno 25 gali number 3 indra nagar colony dhampur dist bijnor dhampur bijnor bijnore uttar pradesh
train_source1	S1-717412354	Hisar Tours Pvt Ltd	hisar tours pvt ltd	hisar tours	H No. 1033, Sector 16 17, Near Scottish School, Hisar, Haryana	h number 1033 sector 16 17 near scottish school hisar haryana
train_source1	S1-751233527	Beaulieu & Spillane Brewing Inc	beaulieu and spillane brewing inc	beaulieu and spillane brewing	1500 Boston Providence Highway, Unit 30B, Norwood, MA	1500 boston providence highway unit 30b norwood ma
train_source1	S1-299370956	Arihant Construction Limited	arihant construction limited	arihant construction	Door No. 50/2, Thokara, Visakhapatnam, Visakhapatnam, Vishakhapatnam, Andhra Pradesh	door number 50 2 thokara visakhapatnam visakhapatnam vishakhapatnam andhra pradesh
train_source1	S1-436523202	Mehem Pharmaceuticals Private Limited	mehem pharmaceuticals private limited	mehem pharmaceuticals	Village Bedwa Tehsil Meham District, Rohtak Haryana, Mehem, Rohtak, Haryana	village bedwa tehsil meham district rohtak haryana mehem rohtak haryana
train_source1	S1-745728794	Eastern Exchange	eastern exchange	eastern exchange	NY, 57 Durkar Lane, Greece	ny 57 durkar lane greece
train_source1	S1-713113814	Viramgam Foods Pvt Ltd	viramgam foods pvt ltd	viramgam foods	C/O 109 Marutinandan, Co Viramgam Taluka, Viramgam, Ahmedabad, Gujarat	c o 109 marutinandan co viramgam taluka viramgam ahmedabad gujarat
train_source1	S1-676936062	Scholarship Alliance	scholarship alliance	scholarship alliance	9835 San Pierre Road, San Pierre, IN	9835 san pierre road san pierre in
train_source1	S1-356513536	Mahima Products Pvt Ltd	mahima products pvt ltd	mahima products	H. No. 154 B, 3Rd Floor, Sant Nagar, New Delhi, South Delhi, Delhi	h number 154 b 3rd floor sant nagar new delhi south delhi delhi
train_source1	S1-583016282	Tri Karnataka Private Limited	tri karnataka private limited	tri karnataka	Prantik Pally, Ward No.13, Arambagh, Hooghly, West Bengal	prantik pally ward no13 arambagh hooghly west bengal
train_source1	S1-306949675	Womens Health Partners	womens health partners	womens health partners	4109 Tudor Road, Upper Marlboro, MD	4109 tudor road upper marlboro md
train_source1	S1-314540974	Rickard and Sene Quality LLC	rickard and sene quality llc	rickard and sene quality	13907 Cr 70, Kenton, OH	13907 cr 70 kenton oh
train_source1	S1-943567970	Blunt Robotics LLC	blunt robotics llc	blunt robotics	477 Ipswich Road, Boxford, MA	477 ipswich road boxford ma
train_source1	S1-958418132	Rosina Beatty Trusted Grid	rosina beatty trusted grid	rosina beatty trusted grid	12 Anton Court, Sacramento, CA	12 anton court sacramento ca
train_source1	S1-615666191	BFX Multi Ltd	bfx multi ltd	bfx multi	280 Pocket-E Gtb Enclave, Dilshad Garden, Delhi	280 pocket east gtb enclave dilshad garden delhi
train_source1	S1-991796165	Supreme Mobility Group P.C.	supreme mobility group pc	supreme mobility group pc	26 Sunrise Way, Bluffton, IN	26 sunrise way bluffton in
train_source1	S1-508039162	Construction Innovation Facility-Kolkata	construction innovation facility kolkata	construction innovation facility kolkata	Ps Srijan Tech Park, Dn 52, Unit No.- 601, 6Th Floor, Sector -V, Sal, Tlake City, Kolkata, Parganas North, West Bengal	ps srijan tech park dn 52 unit number 601 6th floor sector v sal tlake city kolkata parganas north west bengal
train_source1	S1-198362345	Subhadra Industries Limited	subhadra industries limited	subhadra industries	Flat No H-505, Prateek Wisteria, Noida, Gautam Buddha Nagar, Uttar Pradesh	flat number h 505 prateek wisteria noida gautam buddha nagar uttar pradesh
train_source1	S1-261865426	Jai Software Private Limited	jai software private limited	jai software	New Delhi, Plot No. A 91 Kh 100/9, Swarn Park, Mundka, West Delhi, Delhi	new delhi plot number a 91 kh 100 9 swarn park mundka west delhi delhi
train_source1	S1-248690018	Metroplex Trading Private Limited	metroplex trading private limited	metroplex trading	No. 403, E-Square 458/A. Subhash Road Vile Parle East, Mumbai, Mumbai City, Maharashtra	number 403 east square 458 a subhash road vile parle east mumbai mumbai city maharashtra
train_source1	S1-746998714	Shyam Swastik Investments Pvt Ltd	shyam swastik investments pvt ltd	shyam swastik investments	Block 2A & 2B, Dlf Corporate Park, Dlf City Phase Iii, M.G. Road, Gurgaon, Haryana, India., Dlf Qe, Gurgaon, Haryana	block 2a and 2b dlf corporate park dlf city phase iii mg road gurgaon haryana india dlf qe gurgaon haryana
train_source1	S1-162212562	Bounds and Runyon Stores LLC	bounds and runyon stores llc	bounds and runyon stores	21880 Edward Drive, Damascus, OR	21880 edward drive damascus or
train_source1	S1-909039820	Alis Young Finance Inc	alis young finance inc	alis young finance	4439 Myerwood Lane, Dallas, TX	4439 myerwood lane dallas tx
train_source1	S1-975229569	Better Software Services, LLC	better software services llc	better software services	8 Knollridge Road, Asheville, NC	8 knollridge road asheville nc
train_source1	S1-686264813	Ear Nose & Throat Health Inc	ear nose and throat health inc	ear nose and throat health	3775 Highway 25E, TN, Tazewell	3775 highway 25e tn tazewell
train_source1	S1-377101770	Little Pub	little pub	little pub	NC, 1917 20th Street Circle, Hickory	nc 1917 20th street circle hickory
train_source1	S1-353027107	Avani Valley Private Limited	avani valley private limited	avani valley	Rs No.253/2, Karur Main Road Ganapathypalayam Post, Punjaikalamangalam, Erode, Tamil Nadu	rs no253 2 karur main road ganapathypalayam post punjaikalamangalam erode tamil nadu
train_source1	S1-766458019	Today Charitable Trust	today charitable trust	today charitable trust	Kanchipuram, Tamil Nadu, Saidapet, 13, 2 Floor, Balaji Nagar, 3Rd Phase, Puzhuthivakkam	kanchipuram tamil nadu saidapet 13 2 floor balaji nagar 3rd phase puzhuthivakkam
train_source1	S1-25446474	XST Tech Private Limited	xst tech private limited	xst tech	C/O Bhim Singh Vill. Po. Dhawani, Dhawani, Bihar	c o bhim singh vill po dhawani dhawani bihar
train_source1	S1-774070269	Guru Energy Private Limited	guru energy private limited	guru energy	132, Ground Floor, Mig, 1St Main, 2Nd Cross 707 Khb, Yelahanka New Town, Bangalore, Karnataka	132 ground floor mig 1st main 2nd cross 707 khb yelahanka new town bangalore karnataka
train_source1	S1-116728901	Indic Pumps LLP	indic pumps llp	indic pumps	58/3 A 1St Main Road Sheshadripuram, Bangalore, Karnataka	58 3 a 1st main road sheshadripuram bangalore karnataka
train_source1	S1-650059632	Highland Services Inc	highland services inc	highland services	1037 148th Place, Bellevue, WA	1037 148th place bellevue wa
train_source1	S1-112583852	DXI Media Care	dxi media care	dxi media care	Purnia, C/O- Shri Suchit Kr. Yadav, Purnia, Ward No-30, Hanuman Bagh, Purnea, Bihar	purnia c o shri suchit kr yadav purnia ward number 30 hanuman bagh purnea bihar
train_source1	S1-114991238	Chennai Documentation Private Limited	chennai documentation private limited	chennai documentation	O.No.6B, N.No.76 S.S. Iyengar Road, Chennai, Tamil Nadu	ono6b nno76 ss iyengar road chennai tamil nadu
train_source1	S1-484893855	Lifetime Pictures Private Limited	lifetime pictures private limited	lifetime pictures	Mafatlal Housebackay Reclamation, Mumbai, Mumbai City, Maharashtra	mafatlal housebackay reclamation mumbai mumbai city maharashtra
train_source1	S1-615462936	Daveen Davidson Supreme Alto LLC	daveen davidson supreme alto llc	daveen davidson supreme alto	5084 Creekside Boulevard, Brunswick Hills Town, OH	5084 creekside boulevard brunswick hills town oh
train_source1	S1-464761064	Lumola Inflection, Inc	lumola inflection inc	lumola inflection	4140 Winchester Avenue, Ashland, KY	4140 winchester avenue ashland ky
train_source1	S1-808835688	Pediatric Dental Associates of Massillon, Inc	pediatric dental associates of massillon inc	pediatric dental associates of massillon	303 4th Street, Massillon, OH	303 4th street massillon oh
train_source1	S1-4024559	Clyeon Box LLC	clyeon box llc	clyeon box	123 2nd Avenue, Unit T4, Salt Lake City, UT	123 2nd avenue unit t4 salt lake city ut
train_source1	S1-500369022	Gupta Enviro Pvt Ltd	gupta enviro pvt ltd	gupta enviro	C/O Ganesh S/O Cheeter Prajapat Chawandiya, Chosla, Tonk, Rajasthan	c o ganesh south o cheeter prajapat chawandiya chosla tonk rajasthan
train_source1	S1-880453398	North Marketing Private Limited	north marketing private limited	north marketing	Syska House, Office No. S-5, 5Th Floor, S. No.2 Sakorenagar, New Airport Road, Near Anand, Residency, Pune, Maharashtra	syska house office number south 5 5th floor south no2 sakorenagar new airport road near anand residency pune maharashtra
train_source1	S1-933285852	Merois Management PLLC	merois management pllc	merois management pllc	Decatur, AL, 223 5th Avenue	decatur al 223 5th avenue
train_source1	S1-109339365	Cristal (India) Exim	cristal india exim	cristal india exim	11B Dr Rajendra Road, Kolkata, Calcutta, West Bengal	11b drive rajendra road kolkata calcutta west bengal
train_source1	S1-346204963	Conni Heredia Prairie Lodging LLC	conni heredia prairie lodging llc	conni heredia prairie lodging	4055 Windsor-mechanicsville Road, Rock Creek, OH	4055 windsor mechanicsville road rock creek oh
train_source1	S1-265938918	Gulf Farmers Inc	gulf farmers inc	gulf farmers	99 Bradbrook Drive, Ona, WV	99 bradbrook drive ona wv
train_source1	S1-378164136	Serena Events	serena events	serena events	S No-25/2/1, Suyogshree Fl No B1, Pim - Nilak, Pune, Maharashtra	south number 25 2 1 suyogshree fl number b1 pim nilak pune maharashtra
train_source1	S1-90030	Ferrola Live LLC	ferrola live llc	ferrola live	1809 Sandcrest Drive, Rockingham, NC	1809 sandcrest drive rockingham nc
train_source1	S1-618807720	South Constructions Private Limited	south constructions private limited	south constructions	Rabbani Complex (Mp Xx/735) Nayabazar, P O Uppala, Kasaragod, Kasargode, Kerala	rabbani complex mp xx 735 nayabazar p o uppala kasaragod kasargode kerala
train_source1	S1-571827345	WFY Blue Lease LLC	wfy blue lease llc	wfy blue lease	54 Walnut Street, Saratoga Springs, NY	54 walnut street saratoga springs ny
train_source1	S1-550246730	Division of Housing	division of housing	division of housing	6830 Longview Drive, New Kent County, VA	6830 longview drive new kent county va
train_source1	S1-868349363	Red Care LLP	red care llp	red care	Kashi Kunj Shop No-3 Sv Road Malad West Mumbai, Mumbai, Maharashtra, Mumbai City	kashi kunj shop number 3 sv road malad west mumbai mumbai maharashtra mumbai city
train_source1	S1-779459524	Hicks's Data	hickss data	hickss data	12 Parkside Avenue, Pittsfield, MA	12 parkside avenue pittsfield ma
train_source1	S1-712689085	Uptown Hair Studio LLC	uptown hair studio llc	uptown hair studio	816 255, Bldg DEER RUN AT WILLARD BAY PHASE 1 PART 3 AMENDED, Willard City, UT	816 255 building deer run at willard bay phase 1 part 3 amended willard city ut
train_source1	S1-492785431	Lancaster Clean Range Inc	lancaster clean range inc	lancaster clean range	3741 Black Rock Road, Upperco, MD	3741 black rock road upperco md
train_source1	S1-402426509	American Network	american network	american network	NC, 1402 Old Mill Farm Road, Lexington	nc 1402 old mill farm road lexington
train_source1	S1-423403395	Bombay Impex Pvt Ltd	bombay impex pvt ltd	bombay impex	36G Girish Mukherjee Rd, Kolkata, Calcutta, West Bengal	36g girish mukherjee road kolkata calcutta west bengal
train_source1	S1-527378599	Beacon Innovations, LLC	beacon innovations llc	beacon innovations	28 Chestnut Street, Pineville, WV	28 chestnut street pineville wv
train_source1	S1-24274161	Trading Sumathi Services Limited	trading sumathi services limited	trading sumathi services	C/O Md Irshad Ansari, Isopur Road, Patna Sadar, Patna, Bihar	c o md irshad ansari isopur road patna sadar patna bihar
train_source1	S1-972415063	Bansal India Pvt Ltd	bansal india pvt ltd	bansal india	2118/18, Moh Rampura, Gali No. 6, Hisar, Haryana	2118 18 moh rampura gali number 6 hisar haryana
train_source1	S1-390189180	Lou Feldpausch Tri-State Polska LLC	lou feldpausch tri state polska llc	lou feldpausch tri state polska	507 Valley Road, Birmingham, AL	507 valley road birmingham al
train_source1	S1-663137551	Straight Edge Pub, LLC	straight edge pub llc	straight edge pub	Houston, TX, 6555 Harbor Town Drive	houston tx 6555 harbor town drive
train_source1	S1-136807077	Vision Products Limited	vision products limited	vision products	52/1 Emilia 2 Jasmine Street Vatika City Sector 49 Sohna Road, Gurgaon, Haryana	52 1 emilia 2 jasmine street vatika city sector 49 sohna road gurgaon haryana
train_source1	S1-153230899	Gwenore Milburn Hologram Inc.	gwenore milburn hologram inc	gwenore milburn hologram	170 Summerfield Avenue, Bridgeport, CT	170 summerfield avenue bridgeport court
train_source1	S1-866587933	(E) Industries Clinic	e industries clinic	e industries clinic	Shop No. 2, Baijnath Yadav Compound, Near Om Sai Honda Showroom, W.E. Highway, Jogeshwari, (E), Mumbai, Maharashtra	shop number 2 baijnath yadav compound near om sai honda showroom we highway jogeshwari east mumbai maharashtra
train_source1	S1-987000091	Cotton, Moore & Rangel LLC	cotton moore and rangel llc	cotton moore and rangel	27236 Wiley Road, Sheridan, OR	27236 wiley road sheridan or
train_source1	S1-594414079	Cristal Day Cleaning Service	cristal day cleaning service	cristal day cleaning service	16625 Hope Village Road, Friendswood, TX	16625 hope village road friendswood tx
train_source1	S1-441985466	Villarreal Health Center	villarreal health center	villarreal health center	105 Whittenton Street, Taunton, MA	105 whittenton street taunton ma
train_source1	S1-706061708	Dove Welfare Society	dove welfare society	dove welfare society	W No. 9, H No.789, Nai Bazar Buxar, Buxar, Bihar	west number 9 h no789 nai bazar buxar buxar bihar
train_source1	S1-348647076	Ironclad Finance PLLC	ironclad finance pllc	ironclad finance pllc	3227 Redding Road, Columbus, OH	3227 redding road columbus oh
train_source1	S1-735929786	Yadav Convertible LLC	yadav convertible llc	yadav convertible	125 Windsor Drive, Frankfort, KY	125 windsor drive frankfort ky
train_source1	S1-179039599	Spice Group	spice group	spice group	112 Neha Ind Estate, Opp Tata Steel Limited Dattapada Road, Borivali East, Mumbai, Bandra Suburban, Maharashtra	112 neha ind estate opposite tata steel limited dattapada road borivali east mumbai bandra suburban maharashtra
train_source1	S1-979972083	Buchanan Choice Suisse, LLC	buchanan choice suisse llc	buchanan choice suisse	3338 Big Daddys Road, Fremont, NC	3338 big daddys road fremont nc
train_source1	S1-919231695	Colonial Harbor Cable P.C.	colonial harbor cable pc	colonial harbor cable pc	37 Glen Keith Road, Glen Cove, NY, Unit Apartment U	37 glen keith road glen cove ny unit apartment u
train_source1	S1-388865106	A Cure 8 All LLC	a cure 8 all llc	a cure 8 all	307 Tall Pines Court, Abingdon, MD	307 tall pines court abingdon md
train_source1	S1-450305455	Transcontinental Robotics Products Inc	transcontinental robotics products inc	transcontinental robotics products	Columbus, 2323 Mcclennan Court, IN	columbus 2323 mcclennan court in
train_source1	S1-463135997	Mcguire, Pinto and Loehr	mcguire pinto and loehr	mcguire pinto and loehr	515 South Street, Incorporated, ID	515 south street incorporated id
train_source1	S1-889968618	Crump, Pauline, CPA	crump pauline cpa	crump pauline cpa	135 S Main Street, Unit 12, Westborough, MA	135 south main street unit 12 westborough ma
train_source1	S1-47756016	Best Plantations Private Limited	best plantations private limited	best plantations	Plot No 146, Pi Estate, Ghaziabad, Uttar Pradesh	plot number 146 pi estate ghaziabad uttar pradesh
train_source1	S1-361057210	Data Design Worldwide Associates	data design worldwide associates	data design worldwide associates	6803 Scioto Chase Boulevard, Powell, OH	6803 scioto chase boulevard powell oh
train_source1	S1-979153386	South Agro Private Limited	south agro private limited	south agro	3Rd Floor, Fl-4A, 5, Deshbandhu Road, (E) Lp-425, Kolkata, Parganas North, West Bengal	3rd floor fl 4a 5 deshbandhu road east lp 425 kolkata parganas north west bengal
train_source1	S1-913982291	White, Gomez & Lomax	white gomez and lomax	white gomez and lomax	1320 Buffalo Road, Unit Suite 114, Gates, NY	1320 buffalo road unit suite 114 gates ny
train_source1	S1-807589192	Kushagra Holidays Private Limited	kushagra holidays private limited	kushagra holidays	P-121, Block-B, Lake Town, Kolkata, Kolkata, Howrah, West Bengal	p 121 block b lake town kolkata kolkata howrah west bengal
train_source1	S1-188302195	Signature State LP	signature state lp	signature state lp	804 35th Street, Baltimore, MD	804 35th street baltimore md
train_source1	S1-14738221	Urology Pioneer Associates LLC	urology pioneer associates llc	urology pioneer associates	1903 Gloucester Point Drive, Gloucester County, VA	1903 gloucester point drive gloucester county va
train_source1	S1-384128644	Star Services Private Limited	star services private limited	star services	Chennai, Tamil Nadu, Chennai, Purasawalkkam High Road, 102/1	chennai tamil nadu chennai purasawalkkam high road 102 1
train_source1	S1-605463770	Historical Foundation	historical foundation	historical foundation	5388 Hummingbird Way, Grove City, OH	5388 hummingbird way grove city oh
train_source1	S1-494949183	Smart Seven Engineering Limited	smart seven engineering limited	smart seven engineering	Ff Shop 127 Vithhal Plaza, Opp. Naroda G.E.B. Office, Ahmadabad City, Ahmedabad, Gujarat	ff shop 127 vithhal plaza opposite naroda geb office ahmadabad city ahmedabad gujarat
train_source1	S1-868691454	Lawless Element PC	lawless element pc	lawless element pc	9655 Grays Meadow Cove, Cordova, TN	9655 grays meadow cove cordova tn
train_source1	S1-696143557	Blue Trading Private Limited	blue trading private limited	blue trading	H. No-5-9-470/3/123/P, F No-302, Dream Nest Apt, Tirumalagiri, Hyderabad, Telangana	h number 5 9 470 3 123 p f number 302 dream nest apartment tirumalagiri hyderabad telangana
train_source1	S1-124312817	Bangalore Group of Companies	bangalore group of companies	bangalore group of companies	14, 15 Bhagawathi Nagar Road No.11, Jubilee Hills, Hyderabad, Telangana	14 15 bhagawathi nagar road no11 jubilee hills hyderabad telangana
train_source1	S1-289936158	Tattvam Policy Private Limited	tattvam policy private limited	tattvam policy	C/O Shri Atmaram Bhanudas At Neknoor Tq And Dist Beed Neknoor, Beed, Bid, Maharashtra	c o shri atmaram bhanudas at neknoor tq and dist beed neknoor beed bid maharashtra
train_source1	S1-749185751	East Power Limited	east power limited	east power	Nagpur, Plot No 77 Bhawani Nagar, Maharashtra, Nagpur	nagpur plot number 77 bhawani nagar maharashtra nagpur
train_source1	S1-964934201	Epic & Brothers Pvt. Ltd.	epic and brothers pvt ltd	epic and brothers	No.1/107-A, Ground Floor, First Cross Street Vgp Layout, Palavakkam, Chennai, Tamil Nadu	no1 107 a ground floor first cross street vgp layout palavakkam chennai tamil nadu
train_source1	S1-75262805	Christianson, Peretz and Bhatti Inc	christianson peretz and bhatti inc	christianson peretz and bhatti	2130 California Avenue, Fort Wayne, IN	2130 california avenue fort wayne in
train_source1	S1-556312606	Behavioral Health Clinic of Upper Pottsgrove Township LLC	behavioral health clinic of upper pottsgrove township llc	behavioral health clinic of upper pottsgrove township	217 Stone Hill Drive, Upper Pottsgrove Township, PA	217 stone hill drive upper pottsgrove township pa
train_source1	S1-933416979	Delta Allied Rockwool Inc	delta allied rockwool inc	delta allied rockwool	5301 Us Highway 85, Sedalia, CO	5301 us highway 85 sedalia co
train_source1	S1-751613997	Astra Brothers Limited	astra brothers limited	astra brothers	House No. E-2/236 Shastri Nagar, Delhi, North Delhi, Delhi	house number east 2 236 shastri nagar delhi north delhi delhi
train_source1	S1-683996760	Green Digital Group	green digital group	green digital group	236 Renee Drive, Beulah, ND	236 renee drive beulah nd
train_source1	S1-733062267	Dharampal Mandir Limited	dharampal mandir limited	dharampal mandir	5, Nugget 18Th Road, Khar[West], Mumbai, Mumbai City, Maharashtra	5 nugget 18th road kharwest mumbai mumbai city maharashtra
train_source1	S1-89687386	Holy Israel	holy israel	holy israel	1 Crabtree Court, Unit APARTMENT A, Nottingham, MD	1 crabtree court unit apartment a nottingham md
train_source1	S1-480806934	Ridge Fellowship	ridge fellowship	ridge fellowship	114 Timber Top Drive, Spring, TX	114 timber top drive spring tx
train_source1	S1-100815486	Zephio Fact LLC	zephio fact llc	zephio fact	3002 37th Street, Lubbock, TX	3002 37th street lubbock tx
train_source1	S1-139220284	Osr Digital Ltd	osr digital ltd	osr digital	Thakurpara, Bhakuri, Chaltia, Murshidabad, West Bengal	thakurpara bhakuri chaltia murshidabad west bengal
train_source1	S1-980395056	Maid Tavern!	maid tavern	maid tavern	1596 Eloisa Lane, Thatcher, AZ	1596 eloisa lane thatcher az
train_source1	S1-519752161	Hembur Designs Pvt Ltd	hembur designs pvt ltd	hembur designs	Office No. 5, Ground Floor, Mahinder Chambers Opp. Duke'S Factory, W. T. Patil Marg, C, Hembur, Mumbai, Maharashtra	office number 5 ground floor mahinder chambers opposite dukes factory west t patil marg c hembur mumbai maharashtra
train_source1	S1-933814404	Singh Safeguard of Huntsville LLC	singh safeguard of huntsville llc	singh safeguard of huntsville	211 Salem Drive, Huntsville, AL	211 salem drive huntsville al
train_source1	S1-933508142	North Developers Private Limited	north developers private limited	north developers	A-8/303, Maharashtra, Siddharth Nagar Building No.2 Chs Ltd, Khatau Mill Lane, Near Gayitri Mandir, Bo, Rivali (E), Mumbai, Mumbai City	a 8 303 maharashtra siddharth nagar building no2 chs ltd khatau mill lane near gayitri mandir bo rivali east mumbai mumbai city
train_source1	S1-461075986	Wood, Eolanda B., D.D.S., P.C.	wood eolanda b dds pc	wood eolanda b dds pc	7510 Dogwood Lane, Fl 0, Hanover, MD	7510 dogwood lane fl 0 hanover md
train_source1	S1-80185149	Weirton Insurance PLLC	weirton insurance pllc	weirton insurance pllc	209 11th Street, Weirton, WV	209 11th street weirton wv
train_source1	S1-74600852	Nexlidyne Inc.	nexlidyne inc	nexlidyne	Brownsville, TX, 6684 Pino Verde Drive	brownsville tx 6684 pino verde drive
train_source1	S1-836764916	Oncology Care Associates of Milford	oncology care associates of milford	oncology care associates of milford	27 Godfrey Lane, Milford, MA	27 godfrey lane milford ma
train_source1	S1-282339211	Jenil Pitambara Pvt Ltd	jenil pitambara pvt ltd	jenil pitambara	D. No. 12-25-172, Opp: Bose Statue, Kothapet, Guntur, Andhra Pradesh	d number 12 25 172 opposite bose statue kothapet guntur andhra pradesh
train_source1	S1-647077283	Quartz Inc	quartz inc	quartz	613 Cavendish Court, Nashville, TN	613 cavendish court nashville tn
train_source1	S1-810581309	Wynad Electronicsprivate Pvt Ltd	wynad electronicsprivate pvt ltd	wynad electronicsprivate	Brk No. 330, Room No. 02 Ulhasnagar, Ulhasnagar, Thane, Maharashtra	brk number 330 room number 02 ulhasnagar ulhasnagar thane maharashtra
train_source1	S1-449643256	Ss Solutions Private Limited	ss solutions private limited	ss solutions	Oz-11/4, Sipcot, Hi-Tech Sez, Oragadam, Sriperumbudur Taluk, Kancheepuram Distri, Ct, Sriperumbudur, Tiruvallur, Tamil Nadu	oz 11 4 sipcot hi tech sez oragadam sriperumbudur taluk kancheepuram distri court sriperumbudur tiruvallur tamil nadu
train_source1	S1-398052569	East Silver Constructions Private Limited	east silver constructions private limited	east silver constructions	1503/4, Mount Alps, B Wing Bhakti Park, Wadala East, Mumbai, Mumbai City, Maharashtra	1503 4 mount alps b wing bhakti park wadala east mumbai mumbai city maharashtra
train_source1	S1-6532344	Chiropractic Physicians Center	chiropractic physicians center	chiropractic physicians center	2493 625, Woods Cross City, UT	2493 625 woods cross city ut
train_source1	S1-63099926	Pragati Solutions Private Limited	pragati solutions private limited	pragati solutions	B-602, Umarji House, Teli Lane, Opposite Criticare Hospital, Mumbai, Maharashtra	b 602 umarji house teli lane opposite criticare hospital mumbai maharashtra
train_source1	S1-280802664	Watts Phoenix Inc	watts phoenix inc	watts phoenix	1190 Sedgewood Trail, Algonquin, IL	1190 sedgewood trail algonquin il
train_source1	S1-422006769	Bharat Hospitality Pvt Ltd	bharat hospitality pvt ltd	bharat hospitality	Flat No.5, Gulmohor Orchid S.No2937, Sahani Sujanpark, Kondhwa, Pune, Maharashtra	flat no5 gulmohor orchid sno2937 sahani sujanpark kondhwa pune maharashtra
train_source1	S1-869758689	Feify Holdings Group P.C.	feify holdings group pc	feify holdings group pc	8929 42nd Court, City Of Kenosha, WI	8929 42nd court city of kenosha wi
train_source1	S1-988321030	Primary Care Associates LLC	primary care associates llc	primary care associates	405 Oak Street, Unit Ste 5, Conway, AR	405 oak street unit suite 5 conway ar
train_source1	S1-600659240	Bright Auto Body Center	bright auto body center	bright auto body center	CA, 916 Ocean Drive, Oxnard	ca 916 ocean drive oxnard
train_source1	S1-809571127	Superior Broadcast Services, LLC	superior broadcast services llc	superior broadcast services	145 Glendale Drive, Long Lake, MN	145 glendale drive long lake mn
train_source1	S1-803356777	Signature Rockwool LLC	signature rockwool llc	signature rockwool	2778 Schley Avenue, Bronx, NY	2778 schley avenue bronx ny
train_source1	S1-525813963	Lillian's Platinum Catering	lillians platinum catering	lillians platinum catering	12049 4th Street, Yucaipa, CA	12049 4th street yucaipa ca
train_source1	S1-382549381	Triolo, Moreno and Pinedo Inc.	triolo moreno and pinedo inc	triolo moreno and pinedo	981 Signal Crossing, Nashville, TN	981 signal crossing nashville tn
train_source1	S1-96122582	Unified Harbor Manufacturing LLC	unified harbor manufacturing llc	unified harbor manufacturing	IN, 131 Canal Lane, Fl 0, West Harrison	in 131 canal lane fl 0 west harrison
train_source1	S1-116010043	Ridge Desert Chenghe Inc.	ridge desert chenghe inc	ridge desert chenghe	VA, Broadway Town, 419 Springbrook Road	va broadway town 419 springbrook road
train_source1	S1-354996295	Malior Enterprises	malior enterprises	malior enterprises	10019 48th Avenue, Seattle, WA	10019 48th avenue seattle wa
train_source1	S1-722985117	Innovative Exports Private Limited	innovative exports private limited	innovative exports	No.16/2, Survey No.13/2, 2Nd Cross, Raghuvanahalli, Bangalore South, Bangalore, Karnataka	no16 2 survey no13 2 2nd cross raghuvanahalli bangalore south bangalore karnataka
train_source1	S1-644993010	Cascade Endocrinology	cascade endocrinology	cascade endocrinology	316 Lola Avenue, Molalla, OR	316 lola avenue molalla or
train_source1	S1-277654353	Too Trusted Management, LLC	too trusted management llc	too trusted management	TN, 105 Laurel Circle, Columbia	tn 105 laurel circle columbia
train_source1	S1-31013839	Pazmino Direct Global Inc	pazmino direct global inc	pazmino direct global	5103 Anthony Springs Lane, Sugar Land, TX	5103 anthony springs lane sugar land tx
train_source1	S1-804122429	Shiv Traders Private Limited	shiv traders private limited	shiv traders	Ii Floor, Surya Complex, 625, Anna Salai, Chennai, Tamil Nadu	ii floor surya complex 625 anna salai chennai tamil nadu
train_source1	S1-285459966	Gatesoft LLC	gatesoft llc	gatesoft	1216 3rd Street, Tucumcari, NM	1216 3rd street tucumcari nm
train_source1	S1-51112073	Heartland Preferred Controls	heartland preferred controls	heartland preferred controls	5970 Brush Creek Loop, Conway, AR	5970 brush creek loop conway ar
train_source1	S1-748942318	SWB Heights Pvt. Ltd.	swb heights pvt ltd	swb heights	Industrial Area Sion, 111, Mumbai, Maharashtra	industrial area sion 111 mumbai maharashtra
train_source1	S1-629036279	Attic Holdings	attic holdings	attic holdings	D.No.8-269 Vissannapeta, Main Road, Vissannapeta, Srikakulam, Andhra Pradesh	dno8 269 vissannapeta main road vissannapeta srikakulam andhra pradesh
train_source1	S1-416973921	F S & C Planet Inc	f s and c planet inc	f s and c planet	796 Horizon Drive, Lehi, UT	796 horizon drive lehi ut
train_source1	S1-784952994	Riley Apparel Inc	riley apparel inc	riley apparel	601 Taylor Avenue, Glendive, MT	601 taylor avenue glendive mt
train_source1	S1-261253059	Geist Pioneer Street LLC	geist pioneer street llc	geist pioneer street	29 Larch Street, NY, Oyster Bay	29 larch street ny oyster bay
train_source1	S1-413587705	Indian Finance Private Limited	indian finance private limited	indian finance	B-4/56 Hanumaan Ghat, Varanasi, Uttar Pradesh	b 4 56 hanumaan ghat varanasi uttar pradesh
train_source1	S1-431664014	Suarez European, LLC	suarez european llc	suarez european	1252 Bending Branch Way, Temple, TX	1252 bending branch way temple tx
train_source1	S1-312111815	Kiran Industries Private Limited	kiran industries private limited	kiran industries	42, Srirampore Road, (East) Garia, Kolkata, Howrah, West Bengal	42 srirampore road east garia kolkata howrah west bengal
train_source1	S1-647752506	Blue Trading Pvt. Ltd.	blue trading pvt ltd	blue trading	A 3/2-4 Plot 13 Sector 19A, Bhimashankar Co-Op Hsg Soc, Nerul, Navi Mumbai, Thane, Maharashtra	a 3 2 4 plot 13 sector 19a bhimashankar co op hsg soc nerul navi mumbai thane maharashtra
train_source1	S1-534731343	Big Solutions Private Limited	big solutions private limited	big solutions	L21, Zonesha Elegance, Dinne Anjaneya Swamp Temple Rd, Off Haralur Rd, Bangalore, Karnataka	l21 zonesha elegance dinne anjaneya swamp temple road off haralur road bangalore karnataka
train_source1	S1-44868915	GV Communications LLC	gv communications llc	gv communications	Toledo, OH, 2424 Fulton Street	toledo oh 2424 fulton street
train_source1	S1-64231661	Eye Metropolitan Partners LLC	eye metropolitan partners llc	eye metropolitan partners	693 Todd Trail, Newport News City, VA	693 todd trail newport news city va
train_source1	S1-209240929	Wagner & Stafford Tankers	wagner and stafford tankers	wagner and stafford tankers	OH, 131 Washington Street, Blakeslee	oh 131 washington street blakeslee
train_source1	S1-668663040	Maa Investments Pvt Ltd	maa investments pvt ltd	maa investments	10Th Fl, Office-1017+1018, Infinity Tower, Laldarwaja, Surat City, Surat, Gujarat	10th fl office 10171018 infinity tower laldarwaja surat city surat gujarat
train_source1	S1-751085398	Aligarh Academy Pvt Ltd	aligarh academy pvt ltd	aligarh academy	Sootmill Chauraha Near Nala G.T Road, Aligarh, Uttar Pradesh	sootmill chauraha near nala gt road aligarh uttar pradesh
train_source1	S1-476489337	Miquela Womack, DDS	miquela womack dds	miquela womack dds	Catlin, IL, 103 Clay Street	catlin il 103 clay street
train_source1	S1-434417645	Interstate Property Technologies Group	interstate property technologies group	interstate property technologies group	514 E Washington Street, Medina City, OH	514 east washington street medina city oh
train_source1	S1-69897734	Media Bhagyashree Naturals Pvt Ltd	media bhagyashree naturals pvt ltd	media bhagyashree naturals	Flat No 202, Sai Megh, S. No. 59/2, Ambegaon Kh., Pune, Maharashtra	flat number 202 sai megh south number 59 2 ambegaon kh pune maharashtra
train_source1	S1-709830881	Bnp Group of Companies-Delhi	bnp group of companies delhi	bnp group of companies delhi	House No.-591, G.F, Bhai Parmanand Colony, Delhi, North West Delhi, Delhi	house number 591 gf bhai parmanand colony delhi north west delhi delhi
train_source1	S1-361609987	Valley Network Corp	valley network corp	valley network	132 Ridge Road, Kilgore, TX	132 ridge road kilgore tx
train_source1	S1-784891372	Builders Aj Autoparts Private Limited	builders aj autoparts private limited	builders aj autoparts	270, Gks Nagar Sathy Road, Saravanampatti, Coimbatore, Tamil Nadu	270 gks nagar sathy road saravanampatti coimbatore tamil nadu
train_source1	S1-825179378	Golden Products Private Limited	golden products private limited	golden products	Bathinda, Punjab, Bathinda, D 15, Industrial Growth Centre, Mansa Road	bathinda punjab bathinda d 15 industrial growth centre mansa road
train_source1	S1-731917928	Alvarez Platinum Allspring, LLC	alvarez platinum allspring llc	alvarez platinum allspring	350 Red Barn Road, Unit H20, Newport, NC	350 red barn road unit h20 newport nc
train_source1	S1-341133443	Hudson Rain LLC	hudson rain llc	hudson rain	VA, Henrico County, 6825 Monument Avenue	va henrico county 6825 monument avenue
train_source1	S1-870704351	Heinen Barings of Akron L.L.C.	heinen barings of akron llc	heinen barings of akron	234 Ripley Avenue, Akron, OH	234 ripley avenue akron oh
train_source1	S1-628575121	Balaji Services Private Limited	balaji services private limited	balaji services	E-704, 7Th Floor, Ajnara Grand Heritage Plot No. Gh 01/B, Sector -74, Noida, Gautam Buddha Nagar, Uttar Pradesh	east 704 7th floor ajnara grand heritage plot number gh 01 b sector 74 noida gautam buddha nagar uttar pradesh
train_source1	S1-410267878	Childs, Hull and Bryant Inc	childs hull and bryant inc	childs hull and bryant	N360 40th Street, Town Of Maiden Rock, WI	n360 40th street town of maiden rock wi
train_source1	S1-326497906	Al Global Private Limited	al global private limited	al global	Ho. No. 02, Gali No. 01, Siddharth Nagar, Satna, Madhya Pradesh	ho number 02 gali number 01 siddharth nagar satna madhya pradesh
train_source1	S1-971250306	Om Foundation Private Limited	om foundation private limited	om foundation	Scheme No. 78, Indore, Indore, Madhya Pradesh, Unit No. 1106 To 1110 Skye Corporate Park P No. 25	scheme number 78 indore indore madhya pradesh unit number 1106 to 1110 skye corporate park p number 25
train_source1	S1-371172253	Shanti Clinic	shanti clinic	shanti clinic	Office No.- 3B, I-150, 2Nd Floor, Kirti Nagar, New Delhi, West Delhi, Delhi	office number 3b i 150 2nd floor kirti nagar new delhi west delhi delhi
train_source1	S1-29956173	Lumium Fund LLC	lumium fund llc	lumium fund	2817 Glenhurst Lane, City Of Appleton, WI	2817 glenhurst lane city of appleton wi
train_source1	S1-694137400	1 800 Got Junk	1 800 got junk	1 800 got junk	VA, Carroll County, 13 Litteral Valley Park	va carroll county 13 litteral valley park
train_source1	S1-234962770	Gujarat Shiv Solutions	gujarat shiv solutions	gujarat shiv solutions	19/88, Peer Kalyani Moti Lal Nehru Road, Agra, Uttar Pradesh	19 88 peer kalyani moti lal nehru road agra uttar pradesh
train_source1	S1-33022604	Little Tattoo	little tattoo	little tattoo	844 Harvest Circle, Horace, ND	844 harvest circle horace nd
train_source1	S1-554097475	Orthopedic Clinic PLLC	orthopedic clinic pllc	orthopedic clinic pllc	6609 Morris Hill Lane, Marsing, ID	6609 morris hill lane marsing id
train_source1	S1-830307406	Beacon Staffing Technologies	beacon staffing technologies	beacon staffing technologies	6408 Baltic Avenue, Mckinney, TX	6408 baltic avenue mckinney tx
train_source1	S1-449882756	Kalpa Academy Pvt Ltd	kalpa academy pvt ltd	kalpa academy	D No 40-6/3-3 Cooperative, Bankcolony Moghalrajpuram, Vijayawada (Urban), Krishna, Andhra Pradesh	d number 40 6 3 3 cooperative bankcolony moghalrajpuram vijayawada urban krishna andhra pradesh
train_source1	S1-624396370	Trilok & Co Private Limited	trilok and co private limited	trilok and	Vardhamanmarket Pitampura, Delhi, Unit No 213 Plot No10 Lsc, North West Delhi, Delhi	vardhamanmarket pitampura delhi unit number 213 plot no10 lsc north west delhi delhi
train_source1	S1-182297791	Interlink Sangh	interlink sangh	interlink sangh	Delhi, 166 Kalyan Vihar Opp. Rana Partap Bagh, North Delhi, Delhi	delhi 166 kalyan vihar opposite rana partap bagh north delhi delhi
train_source1	S1-249916694	Platinum Aerospace Union	platinum aerospace union	platinum aerospace union	2 Derecho Lane, Hot Springs Village, AR	2 derecho lane hot springs village ar
train_source1	S1-66011340	Veenapani Brothers Private Limited	veenapani brothers private limited	veenapani brothers	Vadodara, Gujarat, Vadodara, Nr Landt Knowledge City, Vil Hanumanpura, Tal Vaghodia, C 41 Rudraksh County	vadodara gujarat vadodara near landt knowledge city vil hanumanpura tal vaghodia c 41 rudraksh county
train_source1	S1-633748483	Express Bancshares LLC	express bancshares llc	express bancshares	8530 59th Avenue, Unit 42, Glendale, AZ	8530 59th avenue unit 42 glendale az
train_source1	S1-756273602	Express Golden Furniture	express golden furniture	express golden furniture	2617 Griffin Avenue, Enumclaw, WA	2617 griffin avenue enumclaw wa
train_source1	S1-253317437	Zaneex Inc	zaneex inc	zaneex	Weatherford, 6430 Ice House Road, TX	weatherford 6430 ice house road tx
train_source1	S1-946299217	Veneex	veneex	veneex	103 Edwards Street, Unit 302, Edmond, OK	103 edwards street unit 302 edmond ok
train_source1	S1-417202716	Delinda Inman, DMD, DDS PC	delinda inman dmd dds pc	delinda inman dmd dds pc	1520 Gammils Store Road, Tallassee, AL	1520 gammils store road tallassee al
train_source1	S1-191917402	Tirupati Systems Private Limited	tirupati systems private limited	tirupati systems	1/27, Baishnabghata, Patuli Township Block Q-27, Ground Floor, P.O. - Panchas, Ayar, Kolkata, Kolkata, Howrah, West Bengal	1 27 baishnabghata patuli township block q 27 ground floor po panchas ayar kolkata kolkata howrah west bengal
train_source1	S1-859807445	Sangam Trust	sangam trust	sangam trust	Plot No-40 & 41, Flat No-202 Ashok Vihar, Upperpally, Rajendranagar, Hyderabad, Rangareddy, Telangana	plot number 40 and 41 flat number 202 ashok vihar upperpally rajendranagar hyderabad rangareddy telangana
train_source1	S1-875631699	Bell Builders Center	bell builders center	bell builders center	B2 -004, Surya Nagara, Chandapura Anekal Tk, Lig 3, Bangalore, Karnataka, Bangalore	b2 004 surya nagara chandapura anekal tk lig 3 bangalore karnataka bangalore
train_source1	S1-293891244	Divine Jagat Pvt Ltd	divine jagat pvt ltd	divine jagat	Khewat No. 176, Village, Silokhra, South City-1, Sector -45, Gurgaon, Haryana	khewat number 176 village silokhra south city 1 sector 45 gurgaon haryana
train_source1	S1-930259999	Apex Logistics Pvt Ltd	apex logistics pvt ltd	apex logistics	C/O Shashank Sheorey, Sheorey Niwas 680, Tilak Bhumi Talaiya, Bhandarpara, Jabalpur, Madhya Pradesh	c o shashank sheorey sheorey niwas 680 tilak bhumi talaiya bhandarpara jabalpur madhya pradesh
train_source1	S1-264663287	Highland Supply LLC	highland supply llc	highland supply	13301 Great Coastal Drive, Chesterfield County, VA	13301 great coastal drive chesterfield county va
train_source1	S1-30139910	Angarika Memorial Trust	angarika memorial trust	angarika memorial trust	7, Bihar Popular Saintifik High School, Nachha New Purandarpur, Anchal- Patna Sadar, Patna, Bihar	7 bihar popular saintifik high school nachha new purandarpur anchal patna sadar patna bihar
train_source1	S1-53933830	Apex Textile Laboratories Inc	apex textile laboratories inc	apex textile laboratories	106 Plover Street, Village Of Milltown, WI	106 plover street village of milltown wi
train_source1	S1-126740965	Pediatric Frontier Center	pediatric frontier center	pediatric frontier center	805 County Road 930, Teague, TX	805 county road 930 teague tx
train_source1	S1-60048111	Integrated Exploration, L.L.C.	integrated exploration llc	integrated exploration	Unit 5, MA, Plymouth, 166 Warren Avenue	unit 5 ma plymouth 166 warren avenue
train_source1	S1-299640596	Anvil LLC	anvil llc	anvil	14907 Carrolton Road, Rockville, MD	14907 carrolton road rockville md
train_source1	S1-484130661	Julianna F. Park, CPA	julianna f park cpa	julianna f park cpa	1321 Alexandria Pike, Unit APARTMENT F1, Fort Thomas, KY	1321 alexandria pike unit apartment f1 fort thomas ky
train_source1	S1-939058378	Southern Montessori School	southern montessori school	southern montessori school	704 983, Ferris, TX	704 983 ferris tx
train_source1	S1-729860168	Brown & Hardy	brown and hardy	brown and hardy	3825 Roxboro Street, Unit 135, Durham, NC	3825 roxboro street unit 135 durham nc
train_source1	S1-629251592	Coe Blue Vaneck	coe blue vaneck	coe blue vaneck	3504 52nd Court, Cicero, IL	3504 52nd court cicero il
train_source1	S1-175963448	Vaminet Trusted Pony LLC	vaminet trusted pony llc	vaminet trusted pony	930 Independence Highway, Polk County, OR	930 independence highway polk county or
train_source1	S1-344907589	Ge Institute	ge institute	ge institute	Delhi, Cottage Road Adarsh Nagar, D-12, Delhi	delhi cottage road adarsh nagar d 12 delhi
train_source1	S1-7670075	Strong, Petrarca & Cabral Montreal	strong petrarca and cabral montreal	strong petrarca and cabral montreal	427 Gayle Avenue, Dekalb, IL	427 gayle avenue dekalb il
train_source1	S1-746343683	ZBS Electronics Pvt Ltd	zbs electronics pvt ltd	zbs electronics	Sri Krishna Residency Hig 498, Vi Phase, Cyberabad, Kphb, Telangana, Flat :101	sri krishna residency hig 498 vi phase cyberabad kphb telangana flat 101
train_source1	S1-791737059	DK Solutions Limited	dk solutions limited	dk solutions	Faridabad, Haryana, H.No-216 Sector-9	faridabad haryana hno 216 sector 9
train_source1	S1-426114168	Rachel K. Mcdougall, P.A.	rachel k mcdougall pa	rachel k mcdougall pa	1813 7th Avenue, Nashville, TN	1813 7th avenue nashville tn
train_source1	S1-251550490	Guru Alpha Services Limited	guru alpha services limited	guru alpha services	Kotia Nirman Building - A-Side, Veera Desai Road, Shah Ind. Estate, Off New Link Road, Andh, Eri (West), Mumbai, Maharashtra	kotia nirman building a side veera desai road shah ind estate off new link road andh eri west mumbai maharashtra
train_source1	S1-93053516	Indianapolis Orthopedic American Care LLC	indianapolis orthopedic american care llc	indianapolis orthopedic american care	7281 30th Street, Indianapolis, IN	7281 30th street indianapolis in
train_source1	S1-40214460	Marina Varnishes Private Limited	marina varnishes private limited	marina varnishes	11Th Floor, 137/34, Hmg Ambassador, Residency Road, Bangalore North, Bangalore, Karnataka	11th floor 137 34 hmg ambassador residency road bangalore north bangalore karnataka
train_source1	S1-244890000	Pune Solutions Private Limited	pune solutions private limited	pune solutions	Nirmal Township Ii Sno 42, Kale Padal Road, Hadapsar, Pune, Maharashtra	nirmal township ii sno 42 kale padal road hadapsar pune maharashtra
train_source1	S1-316169377	All Management Private Limited	all management private limited	all management	No.150A, Thanikachalam Nagar 7Th Street Ponniamman Medu, Chennai, Thiruvallur, Tamil Nadu	no150a thanikachalam nagar 7th street ponniamman medu chennai thiruvallur tamil nadu
train_source1	S1-496563197	Thompson & Obrien Tailwind LLC	thompson and obrien tailwind llc	thompson and obrien tailwind	N8330 850th Street, Town Of River Falls, WI	n8330 850th street town of river falls wi
train_source1	S1-632767812	Classic Raj Investment Private Limited	classic raj investment private limited	classic raj investment	A-402, Ansal Chamber-1 3, Bhikaji Cama Place, Delhi, South Delhi, Delhi	a 402 ansal chamber 1 3 bhikaji cama place delhi south delhi delhi
train_source1	S1-941287961	NBU Technologies Private Limited	nbu technologies private limited	nbu technologies	Flat No 201, Plot No 326, Sector 2, Vidhyadhar Nagar, Jaipur, Rajasthan	flat number 201 plot number 326 sector 2 vidhyadhar nagar jaipur rajasthan
train_source1	S1-467166423	BU Prairie Eco Center	bu prairie eco center	bu prairie eco center	9 Jefferson Avenue, Moundsville, WV	9 jefferson avenue moundsville wv
train_source1	S1-860665112	Yamuna Advisors Private Limited	yamuna advisors private limited	yamuna advisors	Office No14 Suyojit Modern Point Cts S No6765 6766 6767, Nashik, 6768 Opp Police Parade Ground Shara, Npur Road, Maharashtra	office no14 suyojit modern point cts south no6765 6766 6767 nashik 6768 opposite police parade ground shara npur road maharashtra
train_source1	S1-16541529	Shyam Projects Private Limited	shyam projects private limited	shyam projects	Surat, Gujarat, Surat, Shiv Shakti Ind. Estate, Vill. Sanki, Ta. Palsana, Dist, Plot No. 72 To 76	surat gujarat surat shiv shakti ind estate vill sanki ta palsana dist plot number 72 to 76
train_source1	S1-564026363	American Laboratories	american laboratories	american laboratories	241 Boylston Street, Watertown, MA	241 boylston street watertown ma
train_source1	S1-420536902	OIH India	oih india	oih india	Chamber No.1, 307 Sharp Bhawan Azadpur Commercial Complex, Delhi	chamber no1 307 sharp bhawan azadpur commercial complex delhi
train_source1	S1-912572298	Malia's Holdings Clinic	malias holdings clinic	malias holdings clinic	4654 325, IN, Logansport	4654 325 in logansport
train_source1	S1-783210230	Fisher Assets	fisher assets	fisher assets	3927 Griffis Glen Drive, Raleigh, NC	3927 griffis glen drive raleigh nc
train_source1	S1-819659366	Precision Defense Union Corp	precision defense union corp	precision defense union	1910 Quantico Street, Arlington County, VA	1910 quantico street arlington county va
train_source1	S1-832233358	New Brothers Private Limited	new brothers private limited	new brothers	3/211-212 Nariman Colony Station Road, Bareilly, Uttar Pradesh	3 211 212 nariman colony station road bareilly uttar pradesh
train_source1	S1-151163479	Flowers Frontier Evo Clinic	flowers frontier evo clinic	flowers frontier evo clinic	4501 Jeff Scott Drive, Unit D, Killeen, TX	4501 jeff scott drive unit d killeen tx
train_source1	S1-393432530	A Cure 4 You Inc	a cure 4 you inc	a cure 4 you	628 Liberty Way, Vadnais Heights, MN	628 liberty way vadnais heights mn
train_source1	S1-623950425	Dynamic King	dynamic king	dynamic king	4517 Foothills Drive, Halls Crossroads, TN	4517 foothills drive halls crossroads tn
train_source1	S1-511010319	Baba Balaji Investments Private Limited	baba balaji investments private limited	baba balaji investments	Third Floor-3A, Plot No -98&99 Lumbini Lay Out, Gachibowli, Serilingamp, Ally, Hyderabad, Telangana	third floor 3a plot number 98 and 99 lumbini lay out gachibowli serilingamp ally hyderabad telangana
train_source1	S1-786791050	Shree Traders	shree traders	shree traders	Kgp 7/529 Dindukombu, Kanthalloor P O, Devikulam, Idukki, Kerala	kgp 7 529 dindukombu kanthalloor p o devikulam idukki kerala
train_source1	S1-301534349	Corner Yoga P.C.	corner yoga pc	corner yoga pc	133 Rodeo Circle, Middle River, MD	133 rodeo circle middle river md
train_source1	S1-200596438	Garoutte Bright Canary	garoutte bright canary	garoutte bright canary	7432 La Vega, Tucson, AZ	7432 la vega tucson az
train_source1	S1-937631159	Premier Creative Brc Corp	premier creative brc corp	premier creative brc	11530 Technical Drive, Galena, IL	11530 technical drive galena il
train_source1	S1-147000443	Beverages Consultancy Private Limited	beverages consultancy private limited	beverages consultancy	1St Floor, Narayana House, B/S Star House, Opp.-Shel, Ahmadabad City, Ahmedabad, Gujarat	1st floor narayana house b south star house opposite shel ahmadabad city ahmedabad gujarat
train_source1	S1-732307284	Alpha Logistics Limited	alpha logistics limited	alpha logistics	Office No Ff231, Gaur City Center Sector-4, Gautam Buddha Nagar, Uttar Pradesh	office number ff231 gaur city center sector 4 gautam buddha nagar uttar pradesh
train_source1	S1-489995071	Fortune Apex Hospitality Pvt Ltd	fortune apex hospitality pvt ltd	fortune apex hospitality	16A/406 Vasundhara, Ghaziabad, Uttar Pradesh	16a 406 vasundhara ghaziabad uttar pradesh
train_source1	S1-960413063	Glanz (India) Shyam Limited	glanz india shyam limited	glanz india shyam	Faridabad, H.No 1393 Sector 15, Haryana	faridabad hno 1393 sector 15 haryana
train_source1	S1-80363633	Orbyn Airport	orbyn airport	orbyn airport	IL, Staunton, 1229 Pearl Street	il staunton 1229 pearl street
train_source1	S1-109220061	Sanmay Industries Private Limited	sanmay industries private limited	sanmay industries	1, United House, B/H, Riico Housing Colony, Ajmer Road, Beawar, Ajmer, Rajasthan	1 united house b h riico housing colony ajmer road beawar ajmer rajasthan
train_source1	S1-525822765	Yamuaksh Homes Private Limited	yamuaksh homes private limited	yamuaksh homes	Coimbatore, 3 Athipalayam Road, Coimbatore, Tamil Nadu, Chinnavedampatty	coimbatore 3 athipalayam road coimbatore tamil nadu chinnavedampatty
train_source1	S1-280803193	Jannel Benson, L.C.S.W.	jannel benson lcsw	jannel benson lcsw	1173 Shelburne Museum, Shelburne, VT	1173 shelburne museum shelburne vt
train_source1	S1-132568685	New and Mccleskey	new and mccleskey	new and mccleskey	1115 Perry Lane, Skippack Township, PA	1115 perry lane skippack township pa
train_source1	S1-312705248	Dermatology Center of Rockaway Beach	dermatology center of rockaway beach	dermatology center of rockaway beach	108 2nd Avenue, Rockaway Beach, OR	108 2nd avenue rockaway beach or
train_source1	S1-691291923	Vairam Industry Private Limited	vairam industry private limited	vairam industry	D No 26 38 94 14Th Line A T Agraharam, Guntur, Andhra Pradesh	d number 26 38 94 14th line a t agraharam guntur andhra pradesh
train_source1	S1-373692986	Ntech Turn Private Limited	ntech turn private limited	ntech turn	Mumbai City, Mumbai, Maharashtra, K.P. Restaurant, Crystal Plaza, Near Link Road, Andheri (West)	mumbai city mumbai maharashtra kp restaurant crystal plaza near link road andheri west
train_source1	S1-299434720	Twisted Bike Shop	twisted bike shop	twisted bike shop	2015 Glenview Road, Glenview, IL	2015 glenview road glenview il
train_source1	S1-83210593	First Infrastructure Private Limited	first infrastructure private limited	first infrastructure	101, 21St Century Business Center Beside World Trade Center, Ring Road, Surat, Gujarat	101 21st century business center beside world trade center ring road surat gujarat
train_source1	S1-13211519	Step Sky Private Limited	step sky private limited	step sky	H.N.-L-277, Abdl Sant Asharam Phase 3 Laharpur, Bhopal, Madhya Pradesh	hn l 277 abdl sant asharam phase 3 laharpur bhopal madhya pradesh
train_source1	S1-281058043	UCX Reliable Black Inc	ucx reliable black inc	ucx reliable black	NC, 155 River Birch Grove Road, Unit 303, Asheville	nc 155 river birch grove road unit 303 asheville
train_source1	S1-902711336	Jackson Federal Investment LLC	jackson federal investment llc	jackson federal investment	864 Pilot School Road, Thomasville, NC	864 pilot school road thomasville nc
train_source1	S1-692594454	Royal Consultancy Limited	royal consultancy limited	royal consultancy	Siddhi Ground Floor, Plot No.14 15Th Road Khar (W), Mumbai, Maharashtra	siddhi ground floor plot no14 15th road khar west mumbai maharashtra
train_source1	S1-809269444	Swastik International Private Limited	swastik international private limited	swastik international	Mumbai, A - Wing 602, 6Th Floor Madina Manzil Compound, S. V. Road, Goreg, Aon, Maharashtra, A. K. Tower	mumbai a wing 602 6th floor madina manzil compound south v road goreg aon maharashtra a k tower
train_source1	S1-985954997	Mcadams Management	mcadams management	mcadams management	51 Walker Court, Charles Town, WV	51 walker court charles town wv
train_source1	S1-587039597	Raf Martin Security Clinic	raf martin security clinic	raf martin security clinic	37775 Hayes Lane, Bethel Acres, OK	37775 hayes lane bethel acres ok
train_source1	S1-620176345	Adan, Bay and Pugh P.C.	adan bay and pugh pc	adan bay and pugh pc	5309 Lexi Lane, Fl 1, Dublin, OH	5309 lexi lane fl 1 dublin oh
train_source1	S1-282807299	Doralyn Frankel Siddhi P.C.	doralyn frankel siddhi pc	doralyn frankel siddhi pc	Tonawanda, NY, 22 Channing Place	tonawanda ny 22 channing place
train_source1	S1-890009542	SJ Ace Vendome Inc	sj ace vendome inc	sj ace vendome	60 Uneeda Street, Madison, WV	60 uneeda street madison wv
train_source1	S1-559951900	Vijay Consulting Pvt Ltd	vijay consulting pvt ltd	vijay consulting	Chhotki Nawada Gandhi More Gaya, Office - R.S, Ps - Delha, Gaya, Bihar	chhotki nawada gandhi more gaya office rs ps delha gaya bihar
train_source1	S1-573332363	Orbital Foundation	orbital foundation	orbital foundation	76/8, Nishad Bhawan, Juhi Lal Colony, Kanpur, Uttar Pradesh	76 8 nishad bhawan juhi lal colony kanpur uttar pradesh
train_source1	S1-359805448	Laxmi Infra Private Limited	laxmi infra private limited	laxmi infra	C-1/376/G Sector-G Sit At, Lucknow, Uttar Pradesh	c 1 376 g sector g sit at lucknow uttar pradesh
train_source1	S1-628120726	Vayu Trading Care	vayu trading care	vayu trading care	H No 33 Ground Floor Pkt-14 Sec-24 Rohini Landmark Near Vikas Bharti Public School, Delhi, North West, Delhi	h number 33 ground floor pkt 14 sec 24 rohini landmark near vikas bharti public school delhi north west delhi
train_source1	S1-82768236	Sirius LLC	sirius llc	sirius	Seneca, IL, 250 Hillsman Lane	seneca il 250 hillsman lane
train_source1	S1-737991030	Success Construction Private Limited	success construction private limited	success construction	C/O Rajesh Kkumar- Sri Ram Janki Mandir Siswa Bazar, Gorakhpur, Uttar Pradesh	c o rajesh kkumar sri ram janki mandir siswa bazar gorakhpur uttar pradesh
train_source1	S1-308280368	Otero & Stewart LLC	otero and stewart llc	otero and stewart	WV, 611 Pine Trail Drive, Moorefield	wv 611 pine trail drive moorefield
train_source1	S1-656459229	Proactive Services of New Delhi	proactive services of new delhi	proactive services of new delhi	Flat - 254, Sector - 3, Pocket - 1/2, Dwarka, Phase-I, New Delhi, Delhi	flat 254 sector 3 pocket 1 2 dwarka phase i new delhi delhi
train_source1	S1-870025197	Chin, Ashli W., Ph.D.	chin ashli w phd	chin ashli w phd	1304 Blue Creek Lane, Georgetown, TX	1304 blue creek lane georgetown tx
train_source1	S1-361268532	Classic Exports Private Limited	classic exports private limited	classic exports	1 Balwant Chamberswakil Wadi Opp Hotel Panchvati, Nashik, Nagpur, Maharashtra	1 balwant chamberswakil wadi opposite hotel panchvati nashik nagpur maharashtra
train_source1	S1-26973979	Suthar's Tri-State Security	suthars tri state security	suthars tri state security	117 205, Arley, AL	117 205 arley al
train_source1	S1-901086958	Baba Foods Private Limited	baba foods private limited	baba foods	A-101, Unique Towers, Pratap Nagar, Sector 26, Jaipur, Rajasthan	a 101 unique towers pratap nagar sector 26 jaipur rajasthan
train_source1	S1-356192136	Nandanvan & Partners	nandanvan and partners	nandanvan and partners	San Mahu Complex, Ground Floor Opp. Poona Club, Bund Garden Road, Pune, Maharashtra	san mahu complex ground floor opposite poona club bund garden road pune maharashtra
train_source1	S1-335576235	Hari Solutions Limited	hari solutions limited	hari solutions	301, 3Rdfloor, Marvelalaina, Laneno.5, Koregaonpark, Pune, Maharashtra	301 3rdfloor marvelalaina laneno5 koregaonpark pune maharashtra
train_source1	S1-749912968	Monarch Midstream	monarch midstream	monarch midstream	2620 Ticonderoga Road, Marion, IN	2620 ticonderoga road marion in
train_source1	S1-850735340	Winni S. Hall, D.D.S.	winni s hall dds	winni s hall dds	555 Freeman Road, Unit 101, Central Point, OR	555 freeman road unit 101 central point or
train_source1	S1-245096108	Anchor Corp	anchor corp	anchor	201 Clifton Road, Rocky Mount, NC	201 clifton road rocky mount nc
train_source1	S1-299302218	Quantan Martin	quantan martin	quantan martin	12322 Montauk Way, Rancho Cordova, CA	12322 montauk way rancho cordova ca
train_source1	S1-899064578	Pacific Ministries LLC	pacific ministries llc	pacific ministries	5675 Regent Street, Town Of Hull, WI	5675 regent street town of hull wi
train_source1	S1-932318328	Department of Parks and Recreation	department of parks and recreation	department of parks and recreation	241 Elm Street, Watsonville, CA	241 elm street watsonville ca
train_source1	S1-209045181	Kalyan Financial Private Limited	kalyan financial private limited	kalyan financial	B/402 Vishnu Leela, Sonarpada Gaondevi, Kalyan, Thane, Maharashtra	b 402 vishnu leela sonarpada gaondevi kalyan thane maharashtra
train_source1	S1-903467626	Ely Machine Works Inc	ely machine works inc	ely machine works	205 Dyer Street, Henry County, VA	205 dyer street henry county va
train_source1	S1-434010763	Western Market (India) Private Limited	western market india private limited	western market india	No 110, Sai Enclave Layout, Naidus Farm Hale Halli, Tc Palya Main Road, Krishnarajapuram, Nxt To Heboron, Bangalore North, Bangalore, Karnataka	number 110 sai enclave layout naidus farm hale halli tc palya main road krishnarajapuram nxt to heboron bangalore north bangalore karnataka
train_source1	S1-779526307	Gunderson Green Innovations	gunderson green innovations	gunderson green innovations	Rochester, Unit Unit 3, 29 Weicher Street, NY	rochester unit unit 3 29 weicher street ny
train_source1	S1-230658168	Raleigh Human Rights Program LLC	raleigh human rights program llc	raleigh human rights program	920 Fellers Oak Court, Unit 308, Raleigh, NC	920 fellers oak court unit 308 raleigh nc
train_source1	S1-207140536	Harshraj Projects of Jaipur	harshraj projects of jaipur	harshraj projects of jaipur	B-12, Amarpali Plaza, Amarpali Circle Vaishali Nagar, Jaipur, Rajasthan	b 12 amarpali plaza amarpali circle vaishali nagar jaipur rajasthan
train_source1	S1-227041360	Montyn Nexera, LLC	montyn nexera llc	montyn nexera	1901 Riverwalk Place, Unit 121, Frederick, MD	1901 riverwalk place unit 121 frederick md
train_source1	S1-9848988	Bridges Medical Center	bridges medical center	bridges medical center	16650 Mesquite Street, Hesperia, CA	16650 mesquite street hesperia ca
train_source1	S1-600309700	Solutions Brothers Developers Private Limited	solutions brothers developers private limited	solutions brothers developers	Flat No.2, 1St Floor, Katara Mansion, 132, Dr.A.B.Road, Worli, Mumbai, Maharashtra	flat no2 1st floor katara mansion 132 drabroad worli mumbai maharashtra
train_source1	S1-743364627	Kolkata Education Private Limited	kolkata education private limited	kolkata education	6/A/6 B T Road, Kolkata, Howrah, West Bengal	6 a 6 b t road kolkata howrah west bengal
train_source1	S1-75598532	Salasoft Global	salasoft global	salasoft global	2475 View Drive, Sierra Vista, AZ	2475 view drive sierra vista az
train_source1	S1-14816581	Carley Arroyo Quality Innovative	carley arroyo quality innovative	carley arroyo quality innovative	865 Sanders Road, Northbrook, IL	865 sanders road northbrook il
train_source1	S1-514306947	Maurita's Crystal Wellness	mauritas crystal wellness	mauritas crystal wellness	1513 Fallcreek Court, Allen, TX	1513 fallcreek court allen tx
train_source1	S1-865492250	Best Diagnostics	best diagnostics	best diagnostics	1808 Hawk Pointe Drive, MO, Festus	1808 hawk pointe drive mo festus
train_source1	S1-585596917	Bharat Industries Private Limited	bharat industries private limited	bharat industries	13-04-16/1, Flat No.106, Ground Floor Gayathri Res., Matwada, Warangal, Warangal Urban, Telangana	13 04 16 1 flat no106 ground floor gayathri res matwada warangal warangal urban telangana
train_source1	S1-892042493	Sterling Construction Studios, LLC	sterling construction studios llc	sterling construction studios	52 Beecher Place, New Haven, CT	52 beecher place new haven court
train_source1	S1-984636983	Norton, Taylor and Schulz Aldel Group	norton taylor and schulz aldel group	norton taylor and schulz aldel group	3117 Dogwood Drive, Raleigh, NC	3117 dogwood drive raleigh nc
train_source1	S1-587107442	Digital Healthcare Private Limited	digital healthcare private limited	digital healthcare	No. 1528, 2Nd Floor, 3Rd Cross, Opp G.S.S School, 2Nd Block, Hbr Layout, Bangalore, Karnataka	number 1528 2nd floor 3rd cross opposite gss school 2nd block hbr layout bangalore karnataka
train_source1	S1-787572508	Genvieve Dominguez Fresh Douglas Partners	genvieve dominguez fresh douglas partners	genvieve dominguez fresh douglas partners	337 Glendale Avenue, Rockford, IL	337 glendale avenue rockford il
train_source1	S1-724752961	Shree Hospital	shree hospital	shree hospital	6/28, East Patel Nagar, Delhi, Central Delhi, Delhi	6 28 east patel nagar delhi central delhi delhi
train_source1	S1-643318152	Dynamic Global Private Limited	dynamic global private limited	dynamic global	308, Apra North Ex Plaza, Plot No.H-2, Netaji Subhash Place Pitamp, Ura, Delhi, North Delhi, Delhi	308 apra north ex plaza plot noh 2 netaji subhash place pitamp ura delhi north delhi delhi
train_source1	S1-476254889	NUM Select South	num select south	num select south	TX, Killeen, 5112 Siltstone Loop	tx killeen 5112 siltstone loop
train_source1	S1-977675218	Wright Frontier Charles L.L.C.	wright frontier charles llc	wright frontier charles	111 Utica Avenue, Lubbock, TX	111 utica avenue lubbock tx
train_source1	S1-927040107	IR Cornerstone Bain LLC	ir cornerstone bain llc	ir cornerstone bain	1727 Galena Drive, City Of Port Washington, WI	1727 galena drive city of port washington wi
train_source1	S1-868551153	Isidora's Royal Accounting	isidoras royal accounting	isidoras royal accounting	453 Running Deer Trail, Pittsboro, NC	453 running deer trail pittsboro nc
train_source1	S1-674438455	Om Foundation Private Limited	om foundation private limited	om foundation	No-34, 3Rd Cross, Dollar Colony Rmv 2Nd Stage, Bangalore, Karnataka	number 34 3rd cross dollar colony rmv 2nd stage bangalore karnataka
train_source1	S1-652366527	Step Brothers Pvt Ltd	step brothers pvt ltd	step brothers	193, Golf Links, New Delhi, Delhi	193 golf links new delhi delhi
train_source1	S1-943107682	Carpenters Union Local No 25 Inc	carpenters union local no 25 inc	carpenters union local no 25	1337 Lolita Lane, Chattanooga, TN	1337 lolita lane chattanooga tn
train_source1	S1-112602031	Urgent Care Specialists L.L.C.	urgent care specialists llc	urgent care specialists	54 Lapstrake Court, Groton, CT	54 lapstrake court groton court
train_source1	S1-146503088	Nicholson Industries Inc.	nicholson industries inc	nicholson industries	134 4th Street, Roxana, IL	134 4th street roxana il
train_source1	S1-595156952	American Midwest Metal Inc	american midwest metal inc	american midwest metal	TX, Nolanville, 101 Jesse James Drive	tx nolanville 101 jesse james drive
train_source1	S1-239559399	Blumberg, Grayce, DMD	blumberg grayce dmd	blumberg grayce dmd	1388 Piney Mtn Road, Walnut Cove, NC	1388 piney mtn road walnut cove nc
train_source1	S1-623147902	Y Y Figueira Block Inc	y y figueira block inc	y y figueira block	MA, Dartmouth, 41 White Oak Run	ma dartmouth 41 white oak run
train_source1	S1-807851236	Taratech Academy Private Limited	taratech academy private limited	taratech academy	D-55-A, Basement, Hauzkhas, New Delhi, Delhi	d 55 a basement hauzkhas new delhi delhi
train_source1	S1-214432606	Red Builders Private Limited	red builders private limited	red builders	101, Kandivali West, Mumbai, Maharashtra, 102 And 103, Ronit Arcade, S V Road, Jhaveri Baugh, Poisar, Opp. Mtnl Exchange	101 kandivali west mumbai maharashtra 102 and 103 ronit arcade south v road jhaveri baugh poisar opposite mtnl exchange
train_source1	S1-778881245	South Vision Management Pvt Ltd	south vision management pvt ltd	south vision management	No. 581, Tnhb Cly, A-Type, Sithalapakkam, Near Icici Bank, Fami Super Ma, Tambaram, Kanchipuram, Tamil Nadu	number 581 tnhb cly a type sithalapakkam near icici bank fami super ma tambaram kanchipuram tamil nadu
train_source1	S1-891521501	(india) Dhana Risk Private Limited	india dhana risk private limited	india dhana risk	10Th Floor Nesco, Tower 4, Western Express, Vo-588, Goregaon East, Maharashtra, Mumbai	10th floor nesco tower 4 western express vo 588 goregaon east maharashtra mumbai
train_source1	S1-886195710	(india) Manoj Kriti Private Limited	india manoj kriti private limited	india manoj kriti	E-36, East Of Kailashn., Delhi	east 36 east of kailashn delhi
train_source1	S1-118929976	Anand Business Limited	anand business limited	anand business	Saha Bhawan, First Floor 8, Circus Market Place, Kolkata, Howrah, West Bengal	saha bhawan first floor 8 circus market place kolkata howrah west bengal
train_source1	S1-480231687	Jogeshwari East Controls Private Limited	jogeshwari east controls private limited	jogeshwari east controls	Flat No. 305, Saidham Chs Ltd, B-Wing, Samarth Nagar, Majas Wadi Caves Road, Jogeshwari East, Mumbai, Maharashtra	flat number 305 saidham chs ltd b wing samarth nagar majas wadi caves road jogeshwari east mumbai maharashtra
train_source1	S1-380094562	Cascade Storage LLC	cascade storage llc	cascade storage	500 Anderson Street, Fl 0, Weatherford, TX	500 anderson street fl 0 weatherford tx
train_source1	S1-636234159	Dniren Bowen Workshop	dniren bowen workshop	dniren bowen workshop	118 Wick Street, Buffalo, NY	118 wick street buffalo ny
train_source1	S1-148848342	Standard Education Consultants	standard education consultants	standard education consultants	DC, Unit 304, Washington, 2721 Adams Mill Road	dc unit 304 washington 2721 adams mill road
train_source1	S1-52507682	Gold Impex Private Limited	gold impex private limited	gold impex	301, Nisarg Appt, Nr., Dimple Row House, Piplod, Surat City, Surat, Gujarat	301 nisarg appt near dimple row house piplod surat city surat gujarat
train_source1	S1-397285371	Capital Yield	capital yield	capital yield	1 Strecker Road, Unit APT 215F, Ballwin, MO	1 strecker road unit apartment 215f ballwin mo
train_source1	S1-637520401	Best Vijay Systems Private Limited	best vijay systems private limited	best vijay systems	402, The Great Eastern Galleria, Plot No. 20, Sector - 4, Nerul, Navi Mumbai, Maharashtra	402 the great eastern galleria plot number 20 sector 4 nerul navi mumbai maharashtra
train_source1	S1-571938194	Twisted Diner, Inc	twisted diner inc	twisted diner	24 Sartell Road, Waltham, MA	24 sartell road waltham ma
train_source1	S1-760830552	Amara Mckee Bce Corp	amara mckee bce corp	amara mckee bce	2337 Central Avenue, Cicero, IL	2337 central avenue cicero il
train_source1	S1-11841493	Electronic Digital Collective LLC	electronic digital collective llc	electronic digital collective	1638 Windriver Road, Clarksville, TN	1638 windriver road clarksville tn
train_source1	S1-481435511	Monee Human Rights Fellowship	monee human rights fellowship	monee human rights fellowship	5119 Roberts Ridge Road, Monee, IL	5119 roberts ridge road monee il
train_source1	S1-481227494	Reynolds Fannie Company	reynolds fannie company	reynolds fannie	NY, Mount Kisco, 1 Barker Street, Unit Apartment 303	ny mount kisco 1 barker street unit apartment 303
train_source1	S1-522543700	Dermatology Specialists LLC	dermatology specialists llc	dermatology specialists	405 Lee Avenue, Colonial Heights City, VA	405 lee avenue colonial heights city va
train_source1	S1-305869423	Thomas Cornerstone Stores	thomas cornerstone stores	thomas cornerstone stores	626 Stonewall Road, Piney View, WV	626 stonewall road piney view wv
train_source1	S1-35850492	# 3 NM Uranium	3 nm uranium	3 nm uranium	1500 1000, Unit 1, Salt Lake City, UT	1500 1000 unit 1 salt lake city ut
train_source1	S1-987116071	Dermatology Physicians Inc	dermatology physicians inc	dermatology physicians	2138 Chapman Road, Wenatchee, WA	2138 chapman road wenatchee wa
train_source1	S1-984247811	East Lakshmi Investments Private Limited	east lakshmi investments private limited	east lakshmi investments	Sf.No 259, Poyampalayam Pirivu, P.N. Road, Tiruppur, Coimbatore, Tamil Nadu	sfno 259 poyampalayam pirivu pn road tiruppur coimbatore tamil nadu
train_source1	S1-513400646	Saravana On Private Limited	saravana on private limited	saravana on	3/391/A, Paramankurichi Main Road, Tiruchendur, Tuticorin, Tamil Nadu	3 391 a paramankurichi main road tiruchendur tuticorin tamil nadu
train_source1	S1-870660635	Western Spark	western spark	western spark	5138 Bobs Bend, Strawberry, AZ	5138 bobs bend strawberry az
train_source1	S1-600088932	Palmer Affiliated of Mott PLLC	palmer affiliated of mott pllc	palmer affiliated of mott pllc	310 Dakota Avenue, Mott, ND	310 dakota avenue mott nd
train_source1	S1-314207684	Shakti Enterprises Private Limited	shakti enterprises private limited	shakti enterprises	No15/316, Salarpuriahallmark, 4Thfloor, Kadubeesanahalli, Outerringroad, Bangalore, Karnataka	no15 316 salarpuriahallmark 4thfloor kadubeesanahalli outerringroad bangalore karnataka
train_source1	S1-231764347	Northern Learning Center	northern learning center	northern learning center	8300 Dax Drive, Edmond, OK	8300 dax drive edmond ok
train_source1	S1-30695964	Belden, Gano and Gibbons	belden gano and gibbons	belden gano and gibbons	976 Red Hill Church Road, Dunn, NC	976 red hill church road dunn nc
train_source1	S1-389534645	Lucky Diner	lucky diner	lucky diner	209 12th Street, IL, Cairo	209 12th street il cairo
train_source1	S1-199582884	Kochi Marketing Pvt Ltd	kochi marketing pvt ltd	kochi marketing	Kochi, 17/156 A3, Kerala, Manassery Fdwcs Building, Ernakulam	kochi 17 156 a3 kerala manassery fdwcs building ernakulam
train_source1	S1-581574549	Harbor Pharmaceutical LLC	harbor pharmaceutical llc	harbor pharmaceutical	138-12 234 Street, Rosedale, NY	138 12 234 street rosedale ny
train_source1	S1-917236836	Urology Keystone Care Associates, Inc	urology keystone care associates inc	urology keystone care associates	4777 Mccartney Road, Youngstown, OH	4777 mccartney road youngstown oh
train_source1	S1-811767850	Parsons Advanced Telefonica	parsons advanced telefonica	parsons advanced telefonica	147 Rangeway Road, Unit 6404, Billerica, MA	147 rangeway road unit 6404 billerica ma
train_source1	S1-936853964	Star Care Pvt Ltd	star care pvt ltd	star care	S 405 (Lgf) Greater Kailash Ii, New Delhi, South Delhi, Delhi	south 405 lgf greater kailash ii new delhi south delhi delhi
train_source1	S1-955128132	Optimal Superior Keycorp LLC	optimal superior keycorp llc	optimal superior keycorp	8200 Stonebrook Terrace, Unit 202, Raleigh, NC	8200 stonebrook terrace unit 202 raleigh nc
train_source1	S1-370280626	Vibhuti Welfare Private Limited	vibhuti welfare private limited	vibhuti welfare	403, Business Square Cts, No. 7, Madhavdas Amarshi, Mumbai, Maharashtra	403 business square cts number 7 madhavdas amarshi mumbai maharashtra
train_source1	S1-729603111	Pham Deli Inc	pham deli inc	pham deli	6 Elm Street, Colfax, IA	6 elm street colfax ia
train_source1	S1-902269591	Rathi Immigration Pvt. Ltd.	rathi immigration pvt ltd	rathi immigration	35, Baburbag, Rajbati, Burdwan, Burdwan, Bardhaman, West Bengal	35 baburbag rajbati burdwan burdwan bardhaman west bengal
train_source1	S1-28680289	Ronet of Quinlan LLC	ronet of quinlan llc	ronet of quinlan	10260 3705, Quinlan, TX	10260 3705 quinlan tx
train_source1	S1-515803087	Salisbury Bioworks LLC	salisbury bioworks llc	salisbury bioworks	3105 Flemming Road, Middletown, OH	3105 flemming road middletown oh
train_source1	S1-127549868	Verrio Roofing LLC	verrio roofing llc	verrio roofing	311 Meadowbrook Drive, Santa Barbara, CA	311 meadowbrook drive santa barbara ca
train_source1	S1-316246362	Yellowstone (India) Biomedicals LLP	yellowstone india biomedicals llp	yellowstone india biomedicals	E 391 (A)- Mia (Marudhara Indu Ara) Basni Iind Phase, Jodhpur, Rajasthan	east 391 a mia marudhara indu ara basni iind phase jodhpur rajasthan
train_source1	S1-672971396	Sky Business Private Limited	sky business private limited	sky business	Csp -11123, Block-1, 11Th Floor, Dlf Capital Greens, 15 Shivaji Marg, Karampura, Moti Nagar, New Delhi, West Delhi, Delhi	csp 11123 block 1 11th floor dlf capital greens 15 shivaji marg karampura moti nagar new delhi west delhi delhi
train_source1	S1-262792319	Inox Brothers Private Limited	inox brothers private limited	inox brothers	Genral A K Vaidya Marg, Flat No 501 B Wing Settelite Tower Filmcity Road, Maharashtra, Mumbai City, Mumbai	genral a k vaidya marg flat number 501 b wing settelite tower filmcity road maharashtra mumbai city mumbai
train_source1	S1-911545093	Bird Naito Aldel	bird naito aldel	bird naito aldel	7236 Cox Pike, Williamson County, TN	7236 cox pike williamson county tn
train_source1	S1-433113004	Shubhankar Agri Private Limited	shubhankar agri private limited	shubhankar agri	Bhubaneswar, Brit Colony, Badagada, Orissa, Plot No. Lb-16, Khordha	bhubaneswar brit colony badagada orissa plot number lb 16 khordha
train_source1	S1-794527744	Asset Building Council, Inc	asset building council inc	asset building council	TX, Humble, 6930 Foxbrook Drive	tx humble 6930 foxbrook drive
train_source1	S1-641402178	Apparel Entertainment Pvt Ltd	apparel entertainment pvt ltd	apparel entertainment	1, Vpo Bal Sachander, Airport Road Ajnala Road, Amritsar, Punjab	1 vpo bal sachander airport road ajnala road amritsar punjab
train_source1	S1-640566342	3967 Madison Blvd Partners	3967 madison blvd partners	3967 madison blvd partners	133 Satinwood, Grapevine, TX	133 satinwood grapevine tx
train_source1	S1-308760358	Marich Retail Inc	marich retail inc	marich retail	5177 Rainbow Road, OH, Lowell	5177 rainbow road oh lowell
train_source1	S1-332396561	Rama Labour Private Limited	rama labour private limited	rama labour	47/1A, S.N. Roy Road, 3Rd Floor, Flat No.8, Kolkata, Kolkata, Howrah, West Bengal	47 1a sn roy road 3rd floor flat no8 kolkata kolkata howrah west bengal
train_source1	S1-404495136	Atkins, Gonzalez and Jones Legato LLC	atkins gonzalez and jones legato llc	atkins gonzalez and jones legato	1409 75th Court, Vancouver, WA	1409 75th court vancouver wa
train_source1	S1-512220754	Universal Foods Pvt Ltd	universal foods pvt ltd	universal foods	Nadia, West Bengal, Nadiad, B 14-39 Kalyani	nadia west bengal nadiad b 14 39 kalyani
train_source1	S1-346673967	Orbit Business Pvt Ltd	orbit business pvt ltd	orbit business	Ambikanagar, Njp P.O. Sahudangi Hat, P.S. Bhaktinagar, Siliguri, Jalpaiguri, West Bengal	ambikanagar njp po sahudangi hat ps bhaktinagar siliguri jalpaiguri west bengal
train_source1	S1-343224704	Tri-State Program	tri state program	tri state program	1853 Sunburst Road, Show Low, AZ	1853 sunburst road show low az
train_source1	S1-557018978	RG Kuries Ltd	rg kuries ltd	rg kuries	No.169C, Second Floor, K.P Road, Agastheeswaram, Kanyakumari, Tamil Nadu	no169c second floor kp road agastheeswaram kanyakumari tamil nadu
train_source1	S1-174416924	Raj Healthcare Private Limited	raj healthcare private limited	raj healthcare	Divyasree Chambers, A Wing, Ii Floor, Langford Road Bangalore, Bangalore, Karnataka	divyasree chambers a wing ii floor langford road bangalore bangalore karnataka
train_source1	S1-568450762	Porter Creative Village, LLC	porter creative village llc	porter creative village	1731 Kalorama Road, Unit 5, DC, Washington	1731 kalorama road unit 5 dc washington
train_source1	S1-922391477	Bhagat Adarsh (India) Private Limited	bhagat adarsh india private limited	bhagat adarsh india	Road No. 2 G.I.D.C. Estate, Plot No. 227, Kathwada, Ahmedabad, Gujarat	road number 2 gidc estate plot number 227 kathwada ahmedabad gujarat
train_source1	S1-409859544	Veterans Alliance	veterans alliance	veterans alliance	2408 Hanson Drive, Fairfield, CA	2408 hanson drive fairfield ca
train_source1	S1-626449312	Zeo Ventures Inc	zeo ventures inc	zeo ventures	905 Barton Street, Johnson City, TN	905 barton street johnson city tn
train_source1	S1-698844461	Federal Certified Standard	federal certified standard	federal certified standard	Bowling Green, KY, 762 Heritage Preserve Lane	bowling green ky 762 heritage preserve lane
train_source1	S1-564223388	Platinum Engineering Partners LLC	platinum engineering partners llc	platinum engineering partners	55 Hood Street, Springfield, MA	55 hood street springfield ma
train_source1	S1-583547492	Bosko Heartland Retail LLC	bosko heartland retail llc	bosko heartland retail	470167 871 Drive, Stilwell, OK	470167 871 drive stilwell ok
train_source1	S1-40108076	Apolo Polytechnic Private Limited	apolo polytechnic private limited	apolo polytechnic	Gurgaon, Haryana, Gurgaon, J-7/5 Dlf Phase-Ii Gurgaon	gurgaon haryana gurgaon j 7 5 dlf phase ii gurgaon
train_source1	S1-523035722	Wood Health Center LLC	wood health center llc	wood health center	244 Shook Cove Road, Tuckasegee, NC	244 shook cove road tuckasegee nc
train_source1	S1-276717160	Solstice Social	solstice social	solstice social	570 Briarcliff Road, Sugar Mountain, NC	570 briarcliff road sugar mountain nc
train_source1	S1-934057900	Nannie Young Starling LLC	nannie young starling llc	nannie young starling	6960 17th Street, Fargo, ND	6960 17th street fargo nd
train_source1	S1-481667818	Foundation Realway Cargo LLP	foundation realway cargo llp	foundation realway cargo	10, Vardhman Nagar, Pali Mwr, Pali, Rajasthan	10 vardhman nagar pali mwr pali rajasthan
train_source1	S1-258463054	Cobalt Inc	cobalt inc	cobalt	CA, Sacramento, 6312 Oakridge Way	ca sacramento 6312 oakridge way
train_source1	S1-232824478	Peak Retail Services LLC	peak retail services llc	peak retail services	12316 Stoney Ridge Bend, Del Valle, TX	12316 stoney ridge bend del valle tx
train_source1	S1-231882629	Odille Perkins Federal Vertical	odille perkins federal vertical	odille perkins federal vertical	Columbus, 13300 Old Nashville Road, IN	columbus 13300 old nashville road in
train_source1	S1-768191150	Jett Vernal, LLC	jett vernal llc	jett vernal	1230 6th Avenue, Unit Suite 310, Des Moines, IA	1230 6th avenue unit suite 310 des moines ia
train_source1	S1-968800875	Regional Foundation V	regional foundation v	regional foundation v	100 Samaritan Way, Unit 354, Fairfield Glade, TN	100 samaritan way unit 354 fairfield glade tn
train_source1	S1-867508043	ON Berkley LLC	on berkley llc	on berkley	1708 Patricia Court, Upper Allen Township, PA	1708 patricia court upper allen township pa
train_source1	S1-951376783	OA Classic Cleaning Service Clinic	oa classic cleaning service clinic	oa classic cleaning service clinic	CA, 902 Redwood Boulevard, Redding	ca 902 redwood boulevard redding
train_source1	S1-121781799	Western Global Airport Inc	western global airport inc	western global airport	258 153 Street, New York, NY	258 153 street new york ny
train_source1	S1-805255952	City Technologies	city technologies	city technologies	331/18C, Delhi, East Delhi, Street No. 3, Rajgarh Colony	331 18c delhi east delhi street number 3 rajgarh colony
train_source1	S1-337664430	Valley Global LLC	valley global llc	valley global	1216 Huntington Drive, Phoenix, AZ	1216 huntington drive phoenix az
train_source1	S1-429488521	Bruce, Parish and Lewis Equipment LLC	bruce parish and lewis equipment llc	bruce parish and lewis equipment	IL, Bartlett, 1011 Trillium Lane	il bartlett 1011 trillium lane
train_source1	S1-465331031	Sapphire Inc.	sapphire inc	sapphire	21 Hoyt Drive, Conway, AR	21 hoyt drive conway ar
train_source1	S1-713070619	Midstream	midstream	midstream	200 Third Street, Yorkville, OH	200 third street yorkville oh
train_source1	S1-185573169	All Investment Private Limited	all investment private limited	all investment	No.1/1, 2Nd Floor, Nanda Complex. Canara Bank Buildings, 80 Ft Road, K B Temple Street. Dr Rajkumar Road 6Th Block, Bangalore North, Bangalore, Karnataka	no1 1 2nd floor nanda complex canara bank buildings 80 ft road k b temple street drive rajkumar road 6th block bangalore north bangalore karnataka
train_source1	S1-931374745	Indransh Cancer Private Limited	indransh cancer private limited	indransh cancer	554, Moti Nagar West Dr Habib Marg, Jaipur, Rajasthan	554 moti nagar west drive habib marg jaipur rajasthan
train_source1	S1-338939566	Services Simar Storage Clinic	services simar storage clinic	services simar storage clinic	42 A, Pocket A 1, Lig Flats, Mayur Vihar Phase 3, East Delhi, Delhi	42 a pocket a 1 lig flats mayur vihar phase 3 east delhi delhi
train_source1	S1-738970437	Etta Edwards Beacon Braemar Inc	etta edwards beacon braemar inc	etta edwards beacon braemar	1304 Willow Street, Pekin, IL	1304 willow street pekin il
train_source1	S1-380091161	Black Products Private Limited	black products private limited	black products	Kalathil House, Ernakulam, 52/632 B, Janatha Road, Vyttila P.O, Kerala, Ernakulam	kalathil house ernakulam 52 632 b janatha road vyttila po kerala ernakulam
train_source1	S1-227892344	Perez Gravity Co	perez gravity co	perez gravity	52 Elmwood Avenue, Rye, NY	52 elmwood avenue rye ny
train_source1	S1-109461302	Vibe Group	vibe group	vibe group	S. No. 30/1A Wing A 2, Flat No. 304 3Rd Floor, Haveli, Pune, Maharashtra	south number 30 1a wing a 2 flat number 304 3rd floor haveli pune maharashtra
train_source1	S1-18557885	All Tech Private Limited	all tech private limited	all tech	Vill-Gobindapur Po-Irhpala, Paschim Mednipur, West Bengal, Midnapore	vill gobindapur po irhpala paschim mednipur west bengal midnapore
train_source1	S1-910195628	Office of Aging	office of aging	office of aging	107 Portland Street, Morristown, VT	107 portland street morristown vt
train_source1	S1-997877057	Tommi Thein Innovative Apex LLC	tommi thein innovative apex llc	tommi thein innovative apex	2 Lavonne Avenue, Fallowfield Township, PA	2 lavonne avenue fallowfield township pa
train_source1	S1-990411301	Products Prabh Hospitality Limited	products prabh hospitality limited	products prabh hospitality	Crime Sandhya, Shop No.03, Saidwar Co-Op Hsg. Soc. Navghar, Vasai, Thane, Maharashtra	crime sandhya shop no03 saidwar co op hsg soc navghar vasai thane maharashtra
train_source1	S1-694879293	Thomas Regional Colombier LLC	thomas regional colombier llc	thomas regional colombier	VA, 315 Hays Avenue, Staunton City	va 315 hays avenue staunton city
train_source1	S1-337335507	Black Constructions Private Limited	black constructions private limited	black constructions	7 Taldhwaj Bhavan3Rd Panjrapole Lane C P Tank, Mumbai, Maharashtra	7 taldhwaj bhavan3rd panjrapole lane c p tank mumbai maharashtra
train_source1	S1-820009183	All Global Private Limited	all global private limited	all global	Room No 18/457 A, B, Pandikkad, Near Indian Oil, Pandikkad Po, Ernad, Malappuram, Malapuram, Kerala	room number 18 457 a b pandikkad near indian oil pandikkad po ernad malappuram malapuram kerala
train_source1	S1-380833681	Toto Institute of Technology Private Limited	toto institute of technology private limited	toto institute of technology	No 12, Manjolai Street, Addison Colony Ekkaduthangal, Chennai, Tamil Nadu	number 12 manjolai street addison colony ekkaduthangal chennai tamil nadu
train_source1	S1-367817606	Vision Clinic of Buffalo	vision clinic of buffalo	vision clinic of buffalo	800 Ivy Ridge Lane, MN, Buffalo	800 ivy ridge lane mn buffalo
train_source1	S1-945468102	Sieracki Piedmont Arc	sieracki piedmont arc	sieracki piedmont arc	820 29th Street, Richmond City, VA	820 29th street richmond city va
train_source1	S1-43216757	Shakti Management Limited	shakti management limited	shakti management	240 East Wardhaman Nagar, Nagpur, Maharashtra	240 east wardhaman nagar nagpur maharashtra
train_source1	S1-296273640	Peridari Wisekey	peridari wisekey	peridari wisekey	1006 Hearthstone Drive, Union Mills, NC	1006 hearthstone drive union mills nc
train_source1	S1-732998814	My Consultants Private Limited	my consultants private limited	my consultants	N.K.Mehta International House3Rd Floor 178 Backbay Reclamation Chinai Marg, Mumbai, Maharashtra	nkmehta international house3rd floor 178 backbay reclamation chinai marg mumbai maharashtra
train_source1	S1-810780326	Rishab & Co	rishab and co	rishab and	C/O Shiv Devi Kashyap W/O Chootey Lal, Nirmal Nagar, Seth Ghat, Lakhimpurkheri, Kheri, Uttar Pradesh	c o shiv devi kashyap west o chootey lal nirmal nagar seth ghat lakhimpurkheri kheri uttar pradesh
train_source1	S1-501444274	Custom Security	custom security	custom security	1325 Ohltown Mcdonald Road, Mineral Ridge, OH	1325 ohltown mcdonald road mineral ridge oh
train_source1	S1-258462846	Cure Pub Inc	cure pub inc	cure pub	11932 Lake June Road, Unit 031, Balch Springs, TX	11932 lake june road unit 031 balch springs tx
train_source1	S1-721280747	Gillespie, Hernandez & Shanley Liquor, LLC	gillespie hernandez and shanley liquor llc	gillespie hernandez and shanley liquor	106 Bridge Court, Carolina Beach, NC	106 bridge court carolina beach nc
train_source1	S1-586348044	Aurora LLC	aurora llc	aurora	Frankfort, 2348 Albany Road, NY	frankfort 2348 albany road ny
train_source1	S1-751461651	Vaishnavi (India) Properties Private Limited	vaishnavi india properties private limited	vaishnavi india properties	Flat Number - 2B, Chennai, The Grove, 5Th Main Road, Lic Nagar, Madipakkam, Tamil Nadu	flat number 2b chennai the grove 5th main road lic nagar madipakkam tamil nadu
train_source1	S1-519806639	Mountain Municipal LLC	mountain municipal llc	mountain municipal	3208 Hilliard Loop, Killeen, TX	3208 hilliard loop killeen tx
train_source1	S1-832279158	Cpd & Co	cpd and co	cpd and	Shop No 1 689 Kasba Peth Shimpi Ali Pune411011, Maharashtra, Pune	shop number 1 689 kasba peth shimpi ali pune411011 maharashtra pune
train_source1	S1-448582547	Bartlett Family Practice	bartlett family practice	bartlett family practice	3261 George Ii Highway, Boiling Spring Lakes, Unit B, NC	3261 george ii highway boiling spring lakes unit b nc
train_source1	S1-649450166	Great India Clinic	great india clinic	great india clinic	Eternia Block 24/3E Madhyamgram, Badu Road Madhyamgram, Barasat - Ii, North 24 Parganas, West Bengal	eternia block 24 3e madhyamgram badu road madhyamgram barasat ii north 24 parganas west bengal
train_source1	S1-405835481	Balaji Engineering Private Limited	balaji engineering private limited	balaji engineering	Shop No-34 Itps, Market Complex Banharpali, Jharsuguda, Orissa	shop number 34 itps market complex banharpali jharsuguda orissa
train_source1	S1-945360572	Narayan Insurance Limited	narayan insurance limited	narayan insurance	Ahmedabad, Mahakant, Opp. V.S. Hospital Ashram Road, Gujarat, Ahmedabad, 711	ahmedabad mahakant opposite vs hospital ashram road gujarat ahmedabad 711
train_source1	S1-154070680	Prairie Vanguard Alpha LLC	prairie vanguard alpha llc	prairie vanguard alpha	812 Guthrie Avenue, Coweta, OK	812 guthrie avenue coweta ok
train_source1	S1-827516507	Obsidian LLC	obsidian llc	obsidian	3949 Santa Anna Place, San Luis, AZ	3949 santa anna place san luis az
train_source1	S1-734467842	Silver Foundation Private Limited	silver foundation private limited	silver foundation	Maharashtra, Ghatkopar (East), Mumbai, Satyam Shopping Centre, 2Nd Floor M.G.Road, 9-10 A Wing	maharashtra ghatkopar east mumbai satyam shopping centre 2nd floor mgroad 9 10 a wing
train_source1	S1-245852888	Yog Shyama	yog shyama	yog shyama	F/17, Eternity Mall Premises Csl, Teen Hath Naka, L.B.S. Marg, Thane, Mumbai City, Maharashtra	f 17 eternity mall premises csl teen hath naka lbs marg thane mumbai city maharashtra
train_source1	S1-258644838	Nelson Costamare LLC	nelson costamare llc	nelson costamare	310 Christiana Avenue, Wilmington, DE	310 christiana avenue wilmington de
train_source1	S1-766372261	Ohatchee Baptist Church LP	ohatchee baptist church lp	ohatchee baptist church lp	670 Bryant Road, Ohatchee, AL	670 bryant road ohatchee al
train_source1	S1-271450293	Netech	netech	netech	936 Memorial Drive, City Of Sturgeon Bay, WI	936 memorial drive city of sturgeon bay wi
train_source1	S1-677886228	Gm Energy Private Limited	gm energy private limited	gm energy	Khasra No.33/13, 8/0, Vill Badali Ala Singh, Fatehgarh Sahib, Punjab	khasra no33 13 8 0 vill badali ala singh fatehgarh sahib punjab
train_source1	S1-477299338	Pioneer Healthcare Private Limited	pioneer healthcare private limited	pioneer healthcare	Maharashtra, Mumbai, Sahakar Bhavan Kathabazar, 208 340/348, Mumbai	maharashtra mumbai sahakar bhavan kathabazar 208 340 348 mumbai
train_source1	S1-904900990	Sky Infra Private Limited	sky infra private limited	sky infra	Sai Apex Vasudha Ent, Sno199, Viman Nagar, Pune, Maharashtra	sai apex vasudha ent sno199 viman nagar pune maharashtra
train_source1	S1-752971281	Physical Therapy Associates Inc	physical therapy associates inc	physical therapy associates	1219 Siniard Drive, Huntsville, AL	1219 siniard drive huntsville al
train_source1	S1-807703451	Amanat Polytechnic Co	amanat polytechnic co	amanat polytechnic	Room No-201, Sai Academy, Jai Market (Ii Nd Floor) Atta Main Road, Sector-27, Noida, Uttar Pradesh	room number 201 sai academy jai market ii nd floor atta main road sector 27 noida uttar pradesh
train_source1	S1-11773416	Sun Laxmi Investments Private Limited	sun laxmi investments private limited	sun laxmi investments	Qtr No. 229 G.F. Four, Storey, Tagore Garden Ext, New Delhi, West Delhi, Delhi	qtr number 229 gf four storey tagore garden ext new delhi west delhi delhi
train_source1	S1-866054791	Easy Publication Private Limited	easy publication private limited	easy publication	200 Limton Street B/2, Kolkata, Calcutta, West Bengal	200 limton street b 2 kolkata calcutta west bengal
train_source1	S1-964576684	Marta Young, MD, P.C.	marta young md pc	marta young md pc	112 Kingsport Drive, Hampstead, NC	112 kingsport drive hampstead nc
train_source1	S1-601117798	Marquardt, Janina, Esq.	marquardt janina esq	marquardt janina esq	1080 Ash Avenue, South Boston Town, VA	1080 ash avenue south boston town va
train_source1	S1-80616247	Anchor Nuclear Clinic	anchor nuclear clinic	anchor nuclear clinic	507 Ida Avenue, Bozeman, MT	507 ida avenue bozeman mt
train_source1	S1-402660930	Fairchild, Coffey and Merz Inc.	fairchild coffey and merz inc	fairchild coffey and merz	45 Bentley Circle, Shelby, AL	45 bentley circle shelby al
train_source1	S1-950871075	Popular Ace Private Limited	popular ace private limited	popular ace	B-145, New Delhi, Delhi, Mount Kailash East Of Kailash	b 145 new delhi delhi mount kailash east of kailash
train_source1	S1-905962450	Keith Studios	keith studios	keith studios	520 White Picket Way, Holly Ridge, NC	520 white picket way holly ridge nc
train_source1	S1-941651618	Aditya Software Private Limited	aditya software private limited	aditya software	Parmar Mention- 1St Floor, Beside Nagin Apartment Kalyan Nagar, Chikhli, District- Navsari, Chikhli, Navsari, Gujarat	parmar mention 1st floor beside nagin apartment kalyan nagar chikhli district navsari chikhli navsari gujarat
train_source1	S1-290019824	JFA Network Pvt Ltd	jfa network pvt ltd	jfa network	At-Banspal, Po-Banspal Ps-Nayakote, Keonjhar, Kendujhar, Orissa	at banspal po banspal ps nayakote keonjhar kendujhar orissa
train_source1	S1-689135051	Crystal Bridge Private Limited	crystal bridge private limited	crystal bridge	Jaipur, 108, Rajasthan, First Floor, Soni Paris Point Complex A-26-A, Sawai Jaisingh Highway, Banipark, Jaipur	jaipur 108 rajasthan first floor soni paris point complex a 26 a sawai jaisingh highway banipark jaipur
train_source1	S1-17584702	Star Research Brands Inc	star research brands inc	star research brands	TX, Paris, 1455 Hampton Road	tx paris 1455 hampton road
train_source1	S1-632113915	Shaikpet Solutions Private Limited	shaikpet solutions private limited	shaikpet solutions	Sy No.64, 4Th Floor, Huda Techno Enclave, Sector 3, Plot No.7/1, Telangana, Shaikpet, Hyderabad	sy no64 4th floor huda techno enclave sector 3 plot no7 1 telangana shaikpet hyderabad
train_source1	S1-804198326	Indica Land Group	indica land group	indica land group	Hyderabad, Adj Lane To Uco Bank Road No 10, Banjara Hills, Hyderabad, Telangana, 8-2-626/A/B/1	hyderabad adj lane to uco bank road number 10 banjara hills hyderabad telangana 8 2 626 a b 1
train_source1	S1-1412759	Janus Solutions Private Limited	janus solutions private limited	janus solutions	Unit No. Ef-854, Floor-8, Jmd Megapolis Sector- 48, Sohna Road, Gurgaon, Haryana	unit number ef 854 floor 8 jmd megapolis sector 48 sohna road gurgaon haryana
train_source1	S1-119164918	First Engineering Private Limited	first engineering private limited	first engineering	Haryana, H No 220 P, Faridabad, 1St Floor, Surya Nagar, Phase Ii, Sec 91, Faridabad	haryana h number 220 p faridabad 1st floor surya nagar phase ii sec 91 faridabad
train_source1	S1-440550738	Shr Polymers Limited	shr polymers limited	shr polymers	Plot No. 159, Khasra No. 307 Viddya Vihar Colony Dayaram Purwa, Juggour Chinhat, Lucknow, Uttar Pradesh	plot number 159 khasra number 307 viddya vihar colony dayaram purwa juggour chinhat lucknow uttar pradesh
train_source1	S1-366459956	Smart Unified Globa, LLC	smart unified globa llc	smart unified globa	273 Church Street, West Chicago, IL	273 church street west chicago il
train_source1	S1-479314025	Hbm Polymers Private Limited	hbm polymers private limited	hbm polymers	302, Regency Palace Appt., 45-46, Shakti Nagar, Indore, Madhya Pradesh	302 regency palace appt 45 46 shakti nagar indore madhya pradesh
train_source1	S1-458080098	Perez's Midwest Seafood Associates	perezs midwest seafood associates	perezs midwest seafood associates	1035 85 Street, Brooklyn, NY	1035 85 street brooklyn ny
train_source1	S1-371680181	Heda's Advanced Specialists	hedas advanced specialists	hedas advanced specialists	IN, Bloomington, 3302 Windcrest Drive	in bloomington 3302 windcrest drive
train_source1	S1-373405845	Pioneer Shiva Logistics Private Limited	pioneer shiva logistics private limited	pioneer shiva logistics	No.19, Aladi Road, Pudhupet Ppt, Vriddhachalam, Cuddalore, Tamil Nadu	no19 aladi road pudhupet ppt vriddhachalam cuddalore tamil nadu
train_source1	S1-88592935	Internal Medicine Center	internal medicine center	internal medicine center	2812 13th Avenue, WA, Spokane	2812 13th avenue wa spokane
train_source1	S1-803859993	Bright Public LLC	bright public llc	bright public	Hertford, NC, 161 Baccus Lane	hertford nc 161 baccus lane
train_source1	S1-108225323	Peak Chesapeake Care	peak chesapeake care	peak chesapeake care	8612 Fluttering Leaf Trail, Unit 305, Odenton, MD	8612 fluttering leaf trail unit 305 odenton md
train_source1	S1-970805269	Shakti Software Private Limited	shakti software private limited	shakti software	B-1125, Riico Industrial Area Phase-Iii, Bhiwadi, Rajasthan	b 1125 riico industrial area phase iii bhiwadi rajasthan
train_source1	S1-575449189	Shivam It Private Limited	shivam it private limited	shivam it	01 Sarvodaya Nagar, Sanaua, Bareilly, Uttar Pradesh	01 sarvodaya nagar sanaua bareilly uttar pradesh
train_source1	S1-584261180	Patrick's Freight	patricks freight	patricks freight	1386 Lake Region Road, Irasburg, VT	1386 lake region road irasburg vt
train_source1	S1-661546474	Keshav Veg Pvt Ltd	keshav veg pvt ltd	keshav veg	D-151 Industrial Area Phase 8, Mohali, Punjab	d 151 industrial area phase 8 mohali punjab
train_source1	S1-195181543	Arts Federation	arts federation	arts federation	WI, 6635 Wagner's Vineyard Trail, Village Of Windsor	wi 6635 wagners vineyard trail village of windsor
train_source1	S1-450548914	Brautigam Scientific Inc	brautigam scientific inc	brautigam scientific	9733 Cr 25A, Sidney, OH	9733 cr 25a sidney oh
train_source1	S1-312473512	Dynamic Property Services LLC	dynamic property services llc	dynamic property services	10310 Bayshore Road, Unit 45, Marblehead, OH	10310 bayshore road unit 45 marblehead oh
train_source1	S1-925471453	Annapurna Wind (India) Pvt. Ltd.	annapurna wind india pvt ltd	annapurna wind india	Q-203, 2Nd Floor, Tower-Q, Plot No.- Gh-001, Prateek Wisteria, Noida, Sector-77, Noida, Gautam Buddha Nagar, Uttar Pradesh	q 203 2nd floor tower q plot number gh 001 prateek wisteria noida sector 77 noida gautam buddha nagar uttar pradesh
train_source1	S1-336947450	Ledezma Equity Partners	ledezma equity partners	ledezma equity partners	552 Briar Hill Road, Springfield, NY	552 briar hill road springfield ny
train_source1	S1-621270574	Golden Builders Private Limited	golden builders private limited	golden builders	Patna, Khagaul Road, Anisab, Ad, Opposite Sun Temple Above Patna Cement, Patna, Bihar	patna khagaul road anisab ad opposite sun temple above patna cement patna bihar
train_source1	S1-31805555	Holy Chapel Group	holy chapel group	holy chapel group	Ellicott City, 9725 Riverside Circle, MD	ellicott city 9725 riverside circle md
train_source1	S1-308838396	Martin & Tate Hudson Corporation	martin and tate hudson corporation	martin and tate hudson	911 Shields Avenue, Winthrop Harbor, IL	911 shields avenue winthrop harbor il
train_source1	S1-279978846	Goble's Healthcare	gobles healthcare	gobles healthcare	635 Mackville Road, Springfield, KY	635 mackville road springfield ky
train_source1	S1-832176702	South Colonial Leapfrog LLC	south colonial leapfrog llc	south colonial leapfrog	1086 Mckenzie Road, Caledonia, NY	1086 mckenzie road caledonia ny
train_source1	S1-288523937	Raj Shiva Investment Private Limited	raj shiva investment private limited	raj shiva investment	D.No 19/1/157, Baligattam, Devangula Veedhi, Narsipatnam, Visakhapatnam, Vishakhapatnam, Andhra Pradesh	dno 19 1 157 baligattam devangula veedhi narsipatnam visakhapatnam vishakhapatnam andhra pradesh
train_source1	S1-128148852	Clayton Grand Allocation	clayton grand allocation	clayton grand allocation	5826 Old Nashville Highway, Murfreesboro, TN	5826 old nashville highway murfreesboro tn
train_source1	S1-567647679	Capital Clean North	capital clean north	capital clean north	1850 Fisher Street, Unit 4A, Cleveland, TN	1850 fisher street unit 4a cleveland tn
train_source1	S1-468476865	Smalley Biotech Inc	smalley biotech inc	smalley biotech	6314 Brown Avenue, Baltimore, MD	6314 brown avenue baltimore md
train_source1	S1-877175483	Classic Seneca, Inc.	classic seneca inc	classic seneca	IL, 303 White Oak Court, East Peoria	il 303 white oak court east peoria
train_source1	S1-241444667	Cherry Industries Limited	cherry industries limited	cherry industries	Chennai, 15-17 Prof. Subramaniam Street Purasawalkam, Tamil Nadu, Chennai	chennai 15 17 prof subramaniam street purasawalkam tamil nadu chennai
train_source1	S1-37290366	Stag LLC	stag llc	stag	10729 Lafayette Avenue, Shirley, IL	10729 lafayette avenue shirley il
train_source1	S1-561463598	Surya Care	surya care	surya care	11/372, Plot No 372, Second Floor Gali No 11, Lalita Park, Laxmi Nagar, Delhi, East Delhi, Delhi	11 372 plot number 372 second floor gali number 11 lalita park laxmi nagar delhi east delhi delhi
train_source1	S1-903790267	White Infra Private Limited	white infra private limited	white infra	B2/14 U/G/F Mialwali Nagar Paschim Vihar, Delhi, New Delhi, Delhi	b2 14 u g f mialwali nagar paschim vihar delhi new delhi delhi
train_source1	S1-207538428	Mission Family Center LLC	mission family center llc	mission family center	TX, 4611 La Mancha Drive, Mission	tx 4611 la mancha drive mission
train_source1	S1-366945019	Rit & Partners Pvt. Ltd.	rit and partners pvt ltd	rit and partners	F No. 9, Radhakrishna Apart, Tal. Dahan Dist. Thane, Masoli, Thane, Maharashtra	f number 9 radhakrishna apart tal dahan dist thane masoli thane maharashtra
train_source1	S1-556204321	Orbyn Newbridge LLC	orbyn newbridge llc	orbyn newbridge	2715 Gault Avenue, Fort Payne, AL	2715 gault avenue fort payne al
train_source1	S1-750700259	Regional Bright Coffee LLC	regional bright coffee llc	regional bright coffee	1124 Walnut Street, Unit APT 1, WY, Casper	1124 walnut street unit apartment 1 wy casper
train_source1	S1-788981743	Chiropractic Care of Talladega Inc	chiropractic care of talladega inc	chiropractic care of talladega	4023 7, Talladega, AL	4023 7 talladega al
train_source1	S1-800538103	Deborah Morgan Drilling Group	deborah morgan drilling group	deborah morgan drilling group	Milford, 1508 Summerview Lane, OH	milford 1508 summerview lane oh
train_source1	S1-721592216	Guyton Preferred Advisory	guyton preferred advisory	guyton preferred advisory	VA, Roanoke City, Unit APT B, 216 Patton Avenue	va roanoke city unit apartment b 216 patton avenue
train_source1	S1-602806324	Enjoy & Sons	enjoy and sons	enjoy and sons	Sf No.21/4B, Pavan Garden, P.N.Pudur, Coimbatore, Coimbatore, Tamil Nadu	sf no21 4b pavan garden pnpudur coimbatore coimbatore tamil nadu
train_source1	S1-656314104	Codie's Bistro	codies bistro	codies bistro	2400 Dogwood Drive, Youngstown, OH	2400 dogwood drive youngstown oh
train_source1	S1-211513332	Reininger Family Practice	reininger family practice	reininger family practice	7524 Blank Avenue, Unit APARTMENT 1, Fort Howard, MD	7524 blank avenue unit apartment 1 fort howard md
train_source1	S1-494967235	Finance Murugan Tech Private Limited	finance murugan tech private limited	finance murugan tech	C/O Ingraj Malithya Mirgi Fakirabadpara, Dist. Nadia, Nadia, West Bengal	c o ingraj malithya mirgi fakirabadpara dist nadia nadia west bengal
train_source1	S1-162744257	GE Intelligence Pvt Ltd	ge intelligence pvt ltd	ge intelligence	1101, The Orion, Nr. Lotus Temple, Sanand, Ahmedabad, Gujarat	1101 the orion near lotus temple sanand ahmedabad gujarat
train_source1	S1-675501791	Genuine Engineering Pvt Ltd	genuine engineering pvt ltd	genuine engineering	House No 476 Katkari Padathane Belapur Rd Ravale No 2, Navi Mumbai, Thane, Maharashtra	house number 476 katkari padathane belapur road ravale number 2 navi mumbai thane maharashtra
train_source1	S1-962621727	Ss Exports Private Limited	ss exports private limited	ss exports	Plot No- A63/1, Sahid Nagar, Ps- Sahid Nagar, Bhubaneswar, Bhubaneswar, Khordha, Orissa	plot number a63 1 sahid nagar ps sahid nagar bhubaneswar bhubaneswar khordha orissa
train_source1	S1-198113725	Karam, Ell and Ponce Center	karam ell and ponce center	karam ell and ponce center	Boston, 51 Paul Gore Street, MA, Unit 1	boston 51 paul gore street ma unit 1
train_source1	S1-130677609	Best Constructions Private Limited	best constructions private limited	best constructions	Baroda, University Road, Gujarat, Near Sayaji Gardens Kala Ghoda Chowk, Hotel Revival	baroda university road gujarat near sayaji gardens kala ghoda chowk hotel revival
train_source1	S1-953369117	Jr (India) Hospitals Pvt Ltd	jr india hospitals pvt ltd	jr india hospitals	818 International Trade Tower, E-Block Nehru Place, New Delhi, South Delhi, Delhi	818 international trade tower east block nehru place new delhi south delhi delhi
train_source1	S1-30804621	Jay Medico Private Limited	jay medico private limited	jay medico	Room No 203, 2A//3, Second Floor, Front Side, Kundan Mansion, Asaf Ali Road, Turkman Gate, New Delhi, New Delhi, Central Delhi, Delhi	room number 203 2a 3 second floor front side kundan mansion asaf ali road turkman gate new delhi new delhi central delhi delhi
train_source1	S1-585526799	Endure Media Private Limited	endure media private limited	endure media	P. No 335 Shiv Nagar Colony, Chhola Bhopal, Bhopal, Madhya Pradesh	p number 335 shiv nagar colony chhola bhopal bhopal madhya pradesh
train_source1	S1-687832145	Delta International	delta international	delta international	3835 Aerial Brook Trail, Fresno, TX	3835 aerial brook trail fresno tx
train_source1	S1-41869420	Operating Engineers Local Union 612	operating engineers local union 612	operating engineers local union 612	405 Exchange Street, Unit Suite 2, Geneva, NY	405 exchange street unit suite 2 geneva ny
train_source1	S1-71846920	Select Patriot LLC	select patriot llc	select patriot	449 Nelson Drive, Vienna Town, VA	449 nelson drive vienna town va
train_source1	S1-967735640	Sree Impex LLP	sree impex llp	sree impex	215, Dhalipara, Maheshgote Krishnapur, Newtown, Kolkata, Kolkata, Howrah, West Bengal	215 dhalipara maheshgote krishnapur newtown kolkata kolkata howrah west bengal
train_source1	S1-185455021	Blue Interstate Smith	blue interstate smith	blue interstate smith	135 Harper Road, York, SC	135 harper road york sc
train_source1	S1-507776698	Citystar Learning (India) Private Limited	citystar learning india private limited	citystar learning india	West Bengal, Kolakta, 67/41 Strand Road, R No. 9, Cross Road No.10, 1St Floor	west bengal kolakta 67 41 strand road r number 9 cross road no10 1st floor
train_source1	S1-527832128	Vedantam & Brothers Center	vedantam and brothers center	vedantam and brothers center	M 30 Hirnen Shoping Center M G Road Goregaon West, Mumbai, Maharashtra	m 30 hirnen shoping center m g road goregaon west mumbai maharashtra
train_source1	S1-467800339	Raj Projects Private Limited	raj projects private limited	raj projects	Tower A, 5Th Floor, Mis, Deeta Construction Pvt Ltd, No. 51, Deverabisanahalli, Innov8 Mantri Commercio, Bangalore, Karnataka, Bangalore South	tower a 5th floor mis deeta construction pvt ltd number 51 deverabisanahalli innov8 mantri commercio bangalore karnataka bangalore south
train_source1	S1-249258670	Dior Inc	dior inc	dior	69 Siders Pond Road, Falmouth, MA	69 siders pond road falmouth ma
train_source1	S1-438638381	Shree Hari Private Limited	shree hari private limited	shree hari	Section No-13, Bh-133 Sector-70, Noida, Gautam Buddha Nagar, Uttar Pradesh	section number 13 bh 133 sector 70 noida gautam buddha nagar uttar pradesh
train_source1	S1-894646020	Galaxy North Investment Private Limited	galaxy north investment private limited	galaxy north investment	Kh.No. 321/155, Ground Floor, Tower Wali, Delhi, North West Delhi, Delhi	khno 321 155 ground floor tower wali delhi north west delhi delhi
train_source1	S1-279722704	Luke Meridian LLC	luke meridian llc	luke meridian	200 River Bend Drive, Unit 208, Georgetown, TX	200 river bend drive unit 208 georgetown tx
train_source1	S1-718073178	Richards Platinum Housing, LLC	richards platinum housing llc	richards platinum housing	810 169th Street, Basehor, KS	810 169th street basehor ks
train_source1	S1-341841821	Interstate Guild	interstate guild	interstate guild	3395 Joyce Island Road, Suisun City, CA	3395 joyce island road suisun city ca
train_source1	S1-668525331	Southern Care Private Limited	southern care private limited	southern care	Kerala, Cherthala, Alappuzha, Pallipuram Po, Door No 6/545 Kizhakke Thottunkal	kerala cherthala alappuzha pallipuram po door number 6 545 kizhakke thottunkal
train_source1	S1-210502292	Star Technology Private Limited	star technology private limited	star technology	Ranka Junction Ah45 Krishna Reddy Industrial Estate Dooravani Nagar, Bangalore North, Bangalore, Karnataka	ranka junction ah45 krishna reddy industrial estate dooravani nagar bangalore north bangalore karnataka
train_source1	S1-92194053	Coin Sintered Pvt. Ltd.	coin sintered pvt ltd	coin sintered	Plot No.35, Mankapur, Opp.Ranu Primary School, Nagpur, Maharashtra	plot no35 mankapur oppranu primary school nagpur maharashtra
train_source1	S1-913306799	Skidmore College	skidmore college	skidmore college	1120 Sandpiper Lane, Naperville, IL	1120 sandpiper lane naperville il
train_source1	S1-351910100	Pediatric Dental Partners	pediatric dental partners	pediatric dental partners	909 Beach Drive, Oak Island, NC	909 beach drive oak island nc
train_source1	S1-496877090	Lilith Brathwaite Averin PLLC	lilith brathwaite averin pllc	lilith brathwaite averin pllc	2712 Wilderness Lane, Bullhead City, AZ	2712 wilderness lane bullhead city az
train_source1	S1-69012797	Clyyn Pan Group	clyyn pan group	clyyn pan group	1713 County Road 43500, Paris, TX	1713 county road 43500 paris tx
train_source1	S1-647956283	Corner Tattoo	corner tattoo	corner tattoo	1009 Stradshire Drive, Raleigh, NC	1009 stradshire drive raleigh nc
train_source1	S1-899444778	Precision Certified Circle LLC	precision certified circle llc	precision certified circle	8267 Dogwood Road, Huron, NY	8267 dogwood road huron ny
train_source1	S1-807527947	Bay Project	bay project	bay project	1009 Armitage Avenue, Chicago, IL	1009 armitage avenue chicago il
train_source1	S1-160619570	Youth Alliance	youth alliance	youth alliance	929 8th Street, City Of Manitowoc, WI	929 8th street city of manitowoc wi
train_source1	S1-247326908	Foundation Talisman It Ltd	foundation talisman it ltd	foundation talisman it	No. 916, 4Th Main, N. B. A. Compound Roopen Agrahara, Bommanahalli Post, Bangalore, Karnataka	number 916 4th main north b a compound roopen agrahara bommanahalli post bangalore karnataka
train_source1	S1-406865257	International International	international international	international international	6Th Floor, Manglam Fun Square Mall, Durga Nursery Road, Shakti Nagar, Rajasthan, Office No. 616, Udaipur, Girwa	6th floor manglam fun square mall durga nursery road shakti nagar rajasthan office number 616 udaipur girwa
train_source1	S1-224750703	Lilley Quality Ribbon LLC	lilley quality ribbon llc	lilley quality ribbon	6003 Patterson Street, Omaha, NE	6003 patterson street omaha ne
train_source1	S1-648030801	Aubrie Hood Square	aubrie hood square	aubrie hood square	553 Deer Path, Gallatin, TN	553 deer path gallatin tn
train_source1	S1-928584878	International Projects (India) Limited	international projects india limited	international projects india	#68/3/181, First Floor, Nexsa Royal, 1St Main, Peerless Colony, Kithaganur Main Road, Bhattarahalli, K R Puram, Bangalore South, Bangalore, Karnataka	68 3 181 first floor nexsa royal 1st main peerless colony kithaganur main road bhattarahalli k r puram bangalore south bangalore karnataka
train_source1	S1-731277614	Sharma Better Clearthink	sharma better clearthink	sharma better clearthink	5621 Southern Pkwy, Louisville, KY	5621 southern pkwy louisville ky
train_source1	S1-783271110	Coastal Elite Churchill LLC	coastal elite churchill llc	coastal elite churchill	835 Game Trail, Unit APARTMENT 201, Lakemoor, IL	835 game trail unit apartment 201 lakemoor il
train_source1	S1-148226061	Thibodeaux's Construction, LLC	thibodeauxs construction llc	thibodeauxs construction	4922 Brushwood Drive, Fort Worth, TX	4922 brushwood drive fort worth tx
train_source1	S1-108761292	Schmidt, Nonna E., L.C.S.W., PC	schmidt nonna e lcsw pc	schmidt nonna e lcsw pc	2103 Lark Lane, Taylor, TX	2103 lark lane taylor tx
train_source1	S1-294620997	City Foundation	city foundation	city foundation	Kp Vl/337, Tc 95/2713, Cgra 32/2 Surabi, Anayara Po, Thiruvananthapuram, Thiruvananthapuram, Trivandrum, Kerala	kp vl 337 tc 95 2713 cgra 32 2 surabi anayara po thiruvananthapuram thiruvananthapuram trivandrum kerala
train_source1	S1-372752185	Gain Jute Private Limited	gain jute private limited	gain jute	Tkopar W, Maharashtra, 5 Siddheswar Chs Beside Jai Bhavani Motar Training Vasudev Phadke Marg Indra Nagar No 2 Gha, Mumbai, Mumbai City	tkopar west maharashtra 5 siddheswar chs beside jai bhavani motar training vasudev phadke marg indra nagar number 2 gha mumbai mumbai city
train_source1	S1-109319200	Milind & Sons Private Limited	milind and sons private limited	milind and sons	Flat No 15 Umakunj Plot No 55 Ideal Colony Kothrud, Pune, Maharashtra	flat number 15 umakunj plot number 55 ideal colony kothrud pune maharashtra
train_source1	S1-449921816	Anchor Ridge Lng LLC	anchor ridge lng llc	anchor ridge lng	6011 Douglas Road, Freeburg, IL	6011 douglas road freeburg il
train_source1	S1-262405622	Ascencio, Lee and Ruiz	ascencio lee and ruiz	ascencio lee and ruiz	4841 Madison Street, Columbia Heights, MN	4841 madison street columbia heights mn
train_source1	S1-787530179	Strategic Landscaping	strategic landscaping	strategic landscaping	2080 Meadowbrook Road, Rocky Mount, NC	2080 meadowbrook road rocky mount nc
train_source1	S1-303060578	Randazzo, Stewart & Wingate Boral LP	randazzo stewart and wingate boral lp	randazzo stewart and wingate boral lp	109 River Street, Unit 24, Cambridge, MA	109 river street unit 24 cambridge ma
train_source1	S1-949793542	STJ Holdings Ltd	stj holdings ltd	stj holdings	No.23/G-2, Kamakoti Nagar, 3Rd Cross Street, Pallikarani, Tambaram, Kanchipuram, Tamil Nadu	no23 g 2 kamakoti nagar 3rd cross street pallikarani tambaram kanchipuram tamil nadu
train_source1	S1-967056839	Life Projects Private Limited	life projects private limited	life projects	201/202/203, Khar (West), Mumbai, Mangal Bhavna Junction Of 14Th Road, Maharashtra	201 202 203 khar west mumbai mangal bhavna junction of 14th road maharashtra
train_source1	S1-196309581	UA Investments Private Limited	ua investments private limited	ua investments	616, Swati Crimson And, Clover, Nr. Shilaj Circle, Daskroi, Ahmedabad, Gujarat	616 swati crimson and clover near shilaj circle daskroi ahmedabad gujarat
train_source1	S1-359751656	Orthopedic Care of Casa Grande LLC	orthopedic care of casa grande llc	orthopedic care of casa grande	538 Cholla Street, Casa Grande, AZ	538 cholla street casa grande az
train_source1	S1-316205545	Uday Welfare Society	uday welfare society	uday welfare society	Office Space No. 1582, 14Th Floor, Sector-4, Gaur City Mall, Greater Noida West, Noida, Gautam Buddha Nagar, Uttar Pradesh	office space number 1582 14th floor sector 4 gaur city mall greater noida west noida gautam buddha nagar uttar pradesh
train_source1	S1-431840041	Simple Transport LLP	simple transport llp	simple transport	Andhra Pradesh, Krishna District, Krishna, Kurumaddali Main Road, Pamarru Mandal, 5-134	andhra pradesh krishna district krishna kurumaddali main road pamarru mandal 5 134
train_source1	S1-293049146	Eastern Foundation Limited	eastern foundation limited	eastern foundation	Plot No-920, Sankarpur Kolathia, Bhubaneswar, Khordha, Orissa	plot number 920 sankarpur kolathia bhubaneswar khordha orissa
train_source1	S1-230549958	Ear Nose & Throat Mountain Partners-Chicago	ear nose and throat mountain partners chicago	ear nose and throat mountain partners chicago	2100 Kildare Avenue, Chicago, IL	2100 kildare avenue chicago il
train_source1	S1-783148417	Eagle Plastics Private Limited	eagle plastics private limited	eagle plastics	Jafala Road, P. O. Inda Kharagpur, Dist. Paschim Medinipur, Kharagpur, Midnapore, West Bengal	jafala road p o inda kharagpur dist paschim medinipur kharagpur midnapore west bengal
train_source1	S1-492492052	Internal Medicine Diamond Care Associates	internal medicine diamond care associates	internal medicine diamond care associates	WA, 17039 Heather Lane, Fl 1, Yelm	wa 17039 heather lane fl 1 yelm
train_source1	S1-432675591	1658 Market Blvd Properties Inc	1658 market blvd properties inc	1658 market blvd properties	2110 William Styron Square, Newport News City, VA	2110 william styron square newport news city va
train_source1	S1-382063548	Payne Banc LLC	payne banc llc	payne banc	1642 Karen Drive, Fl 1, Chandler, AZ	1642 karen drive fl 1 chandler az
train_source1	S1-575424563	Sidhant Traders Private Limited	sidhant traders private limited	sidhant traders	No.2, Nadar Colony Ext Nehru Nagar, Neelagiri, Mc Road, Thanjavur, Tamil Nadu	no2 nadar colony ext nehru nagar neelagiri mc road thanjavur tamil nadu
train_source1	S1-994304	Br Beverages Private Limited	br beverages private limited	br beverages	B-204, Kadam Mansion, Mahatma Nagar, Nashik, Maharashtra	b 204 kadam mansion mahatma nagar nashik maharashtra
train_source1	S1-904102874	Literacy Coalition	literacy coalition	literacy coalition	OH, 6463 Little Portage Road E, Oak Harbor	oh 6463 little portage road east oak harbor
train_source1	S1-120176877	Stewart Crystal Silverbox PLLC	stewart crystal silverbox pllc	stewart crystal silverbox pllc	331 Franklin Street, Village Of Sauk City, WI	331 franklin street village of sauk city wi
train_source1	S1-91063734	Pg Capital Private Limited	pg capital private limited	pg capital	131, Garg Plaza Complex Bhera Enclave, Paschim Vihar, New Delhi, Delhi	131 garg plaza complex bhera enclave paschim vihar new delhi delhi
train_source1	S1-485052187	Aditya Tech Pvt Ltd	aditya tech pvt ltd	aditya tech	Jajmau, Dwarika Puri, Adarsh Ngr, Tiwaripur, Kanpur Nagar, Uttar Pradesh, 150/7	jajmau dwarika puri adarsh ngr tiwaripur kanpur nagar uttar pradesh 150 7
train_source1	S1-510197667	GI Rocky Stone LLC	gi rocky stone llc	gi rocky stone	Decatur, 4337 380, Fl 0, TX	decatur 4337 380 fl 0 tx
train_source1	S1-337438640	QLU Investments	qlu investments	qlu investments	Eleganta E 106 Kalyan Shil Road Casa Bella, Thane, Maharashtra	eleganta east 106 kalyan shil road casa bella thane maharashtra
train_source1	S1-738128949	Black Products Pvt Ltd	black products pvt ltd	black products	C/304 Wing 3Rd Floor Interface Heights Chs L Off Link Road, Malad West, Behind Infini, Ty Mall, Mumbai, Mumbai City, Maharashtra	c 304 wing 3rd floor interface heights chs l off link road malad west behind infini ty mall mumbai mumbai city maharashtra
train_source1	S1-388333810	Autism Assistance Council VI	autism assistance council vi	autism assistance council vi	8828 Mandalay Way, Elk Grove, CA	8828 mandalay way elk grove ca
train_source1	S1-937984740	Madlen N. Do, D.O.	madlen n do do	madlen n do do	907 Cpl Angel Monares Road, City Of Socorro, TX	907 cpl angel monares road city of socorro tx
train_source1	S1-502043608	IJ Constructions Limited	ij constructions limited	ij constructions	D-37 Iind Floor, Gautam Buddha Nagar, Uttar Pradesh, Sector-63, Noida, Noida	d 37 iind floor gautam buddha nagar uttar pradesh sector 63 noida noida
train_source1	S1-257734845	Urology Complete Associates	urology complete associates	urology complete associates	1721 Goodwin Place, Unit 3, Miamisburg, OH	1721 goodwin place unit 3 miamisburg oh
train_source1	S1-56446717	OR Resource Private Limited	or resource private limited	or resource	C/O, Dr. Gautam Mistri, Dutta Appartment 322, Banamalipur Road, Santosh Sarani, Kolkata, Kolkata, Howrah, West Bengal	c o drive gautam mistri dutta appartment 322 banamalipur road santosh sarani kolkata kolkata howrah west bengal
train_source1	S1-677544297	Torres's Bakery	torress bakery	torress bakery	380 Stryker Road, Gilboa, NY	380 stryker road gilboa ny
train_source1	S1-829384982	Anchor Keystone Specialists	anchor keystone specialists	anchor keystone specialists	27 Shawmut Street, East Longmeadow, MA	27 shawmut street east longmeadow ma
train_source1	S1-159922135	Lorine's Marketing	lorines marketing	lorines marketing	2208 Belt Line Road, Unit 1034, Mesquite, TX	2208 belt line road unit 1034 mesquite tx
train_source1	S1-386703703	Meon LP	meon lp	meon lp	18250 102nd Place, Maple Grove, MN	18250 102nd place maple grove mn
train_source1	S1-88777681	Mayhew Hair Studio Inc	mayhew hair studio inc	mayhew hair studio	51701 State Rte 14, East Palestine, OH	51701 state rte 14 east palestine oh
train_source1	S1-799213255	Hudnall and Westmoreland Chemical Inc	hudnall and westmoreland chemical inc	hudnall and westmoreland chemical	90 Harrison Road, North Branford, CT	90 harrison road north branford court
train_source1	S1-391659390	Cardiology Federal Physicians	cardiology federal physicians	cardiology federal physicians	2014 Rouse Avenue, Bozeman, MT	2014 rouse avenue bozeman mt
train_source1	S1-98304881	Caldex Chadwick LLC	caldex chadwick llc	caldex chadwick	11931 Crabapple Lane, Huntersville, NC	11931 crabapple lane huntersville nc
train_source1	S1-838509817	Ironclad Wintergreen Inc.	ironclad wintergreen inc	ironclad wintergreen	2935 68th Street, Unit UNIT 210, Scottsdale, AZ	2935 68th street unit unit 210 scottsdale az
train_source1	S1-524297749	Erode Natural Partners	erode natural partners	erode natural partners	Tamil Nadu, 39(77), Erode, Shandhankarukku Street, Surampatti Road	tamil nadu 3977 erode shandhankarukku street surampatti road
train_source1	S1-529182833	East Properties	east properties	east properties	23, Ground Floor, Plot-10, Karimshi Dhanji Building, Kamathipura 5Th Lane, Mumbai, Maharashtra	23 ground floor plot 10 karimshi dhanji building kamathipura 5th lane mumbai maharashtra
train_source1	S1-105870348	Mukund & Co	mukund and co	mukund and	27/1 Selvapuram Annur Road, Mettupalayam, Coimbatore, Tamil Nadu	27 1 selvapuram annur road mettupalayam coimbatore tamil nadu
train_source1	S1-434057620	Strategic National Magna Inc.	strategic national magna inc	strategic national magna	231 W Virginia Avenue, Dunbar, WV	231 west virginia avenue dunbar wv
train_source1	S1-368890496	Optimal Highland Lithium	optimal highland lithium	optimal highland lithium	633 Closhire Lane, Birmingham, AL	633 closhire lane birmingham al
train_source1	S1-920341118	Andrade, Florio and Liddell LP	andrade florio and liddell lp	andrade florio and liddell lp	348 Overstreet Way, Bldg B1, Columbus, OH	348 overstreet way building b1 columbus oh
train_source1	S1-325616466	Marijo Maland American Flag PLLC	marijo maland american flag pllc	marijo maland american flag pllc	218 890, Orem, UT	218 890 orem ut
train_source1	S1-803160323	Minny Bowler Cascade Obic LLC	minny bowler cascade obic llc	minny bowler cascade obic	301 Royal Navigator Road, Montgomery, TX	301 royal navigator road montgomery tx
train_source1	S1-997853874	White Malt	white malt	white malt	237 Shubert Drive, Hazel Green, AL	237 shubert drive hazel green al
train_source1	S1-636300381	Vereen Capital, LLC	vereen capital llc	vereen capital	12 Chippewa Run, Pana, IL	12 chippewa run pana il
train_source1	S1-981327358	Interstate Education Studios LLC	interstate education studios llc	interstate education studios	18984 1150th Street, Hutsonville, IL	18984 1150th street hutsonville il
train_source1	S1-937288707	Compact Academy Limited	compact academy limited	compact academy	C-460, F/F, Kusum Pur, Pahari, Vasant Vihar, New Delhi, Delhi	c 460 f f kusum pur pahari vasant vihar new delhi delhi
train_source1	S1-65481235	Fleshman and King	fleshman and king	fleshman and king	1787 William H Taft Road, Cincinnati, OH	1787 william h taft road cincinnati oh
train_source1	S1-692127788	Prime Om Energy Private Limited	prime om energy private limited	prime om energy	B-10, Shivam Apartment, Block-D, Vikaspuri, New Delhi, Delhi	b 10 shivam apartment block d vikaspuri new delhi delhi
train_source1	S1-381940707	Laborers Local Union 686	laborers local union 686	laborers local union 686	554 Bacon Road, Littleton, NC	554 bacon road littleton nc
train_source1	S1-602612250	Colonial Recruiting LLC	colonial recruiting llc	colonial recruiting	4612 Wesley Street, Greenville, TX	4612 wesley street greenville tx
train_source1	S1-684772333	Vijay Consultancy Private Limited	vijay consultancy private limited	vijay consultancy	Plot No. 813/1, Vikas Cinemall, Situated At G.T. Road, Naveen, Shahdara, Delhi	plot number 813 1 vikas cinemall situated at gt road naveen shahdara delhi
train_source1	S1-379377275	Yamuam City Private Limited	yamuam city private limited	yamuam city	P No 122E Block Shyam Nagar, Kanpur, Uttar Pradesh	p number 122e block shyam nagar kanpur uttar pradesh
train_source1	S1-65467434	Shree & Sons Company	shree and sons company	shree and sons	Flat No 302 Ambar Green, A Wing S No 12 & 2/2, Haveli, Pune, Maharashtra	flat number 302 ambar green a wing south number 12 and 2 2 haveli pune maharashtra
train_source1	S1-992538093	Super Producer Private Limited	super producer private limited	super producer	Anagha, 2Nd Floor, Devasandra, No.4, Karnataka, New Bel Road, Bangalore	anagha 2nd floor devasandra no4 karnataka new bel road bangalore
train_source1	S1-380561654	Montoya Mission	montoya mission	montoya mission	1206 Dauphin Street, Mobile, AL	1206 dauphin street mobile al
train_source1	S1-102769539	TQ Bioscience	tq bioscience	tq bioscience	Flat No. 02, Guru Mahima Apartment Jayabai Colony, Nashik Road, Nashik, Maharashtra	flat number 02 guru mahima apartment jayabai colony nashik road nashik maharashtra
train_source1	S1-284361235	Henry Keen, LLC	henry keen llc	henry keen	GA, Atlanta, 389 Oakland Avenue	ga atlanta 389 oakland avenue
train_source1	S1-54417669	Daugherty, Diahann K., D.O., M.D., P.C.	daugherty diahann k do md pc	daugherty diahann k do md pc	1119 Winnetka Avenue, Dallas, TX	1119 winnetka avenue dallas tx
train_source1	S1-665331349	Products Websoft India Pvt. Ltd.	products websoft india pvt ltd	products websoft india	Tower 2 Flat 18A Diamond City S 58 M G Rd, Kolkata, Howrah, West Bengal	tower 2 flat 18a diamond city south 58 m g road kolkata howrah west bengal
train_source1	S1-359565833	Miller & Gallegos Titan Inc	miller and gallegos titan inc	miller and gallegos titan	2151 Clevet Springs Road, Hayden, AL	2151 clevet springs road hayden al
train_source1	S1-507693271	Schrader & Hensley Sunstone Group	schrader and hensley sunstone group	schrader and hensley sunstone group	1 Alders Gate, Unit Unit 803, Riverhead, NY	1 alders gate unit unit 803 riverhead ny
train_source1	S1-705522256	IQ Synergy Limited	iq synergy limited	iq synergy	Plno 292, Bno 9, Varad Apt, Tal Maval, Talegaon, Pune, Maharashtra	plno 292 bno 9 varad apartment tal maval talegaon pune maharashtra
train_source1	S1-523240167	Star Global Private Limited	star global private limited	star global	C/O Ashok Kumar, Said Nagli, Amroha, Hasanpur, Jyotiba Phule Nagar, Uttar Pradesh	c o ashok kumar said nagli amroha hasanpur jyotiba phule nagar uttar pradesh
train_source1	S1-665803307	Industries Smart Transport Muzaffarpur Pvt Ltd	industries smart transport muzaffarpur pvt ltd	industries smart transport muzaffarpur	Village- Rasool Pur, Kariyat, Post- Panapur, Kanti, Muzaffarpur, Bihar	village rasool pur kariyat post panapur kanti muzaffarpur bihar
train_source1	S1-397540035	Total Engineering Labs	total engineering labs	total engineering labs	409 Crest Line Drive, Arlington, TX	409 crest line drive arlington tx
train_source1	S1-456937627	Gertrud Miller Vision	gertrud miller vision	gertrud miller vision	421 Glen Oaks Boulevard, Dallas, TX	421 glen oaks boulevard dallas tx
train_source1	S1-509991975	Burke Pediatrics Inc	burke pediatrics inc	burke pediatrics	9425 Riverside Drive, Unit 837, Sandy City, UT	9425 riverside drive unit 837 sandy city ut
train_source1	S1-520467098	Monteon Xii	monteon xii	monteon xii	173 Milton Road, Milton, VT	173 milton road milton vt
train_source1	S1-113090772	Patel Sterling Osprey Inc	patel sterling osprey inc	patel sterling osprey	2307 Gooseberry Road, Charlotte, NC	2307 gooseberry road charlotte nc
train_source1	S1-855043859	Flanagan Direct Schwab Inc	flanagan direct schwab inc	flanagan direct schwab	Underwood, ND, 76 32nd Avenue	underwood nd 76 32nd avenue
train_source1	S1-296448605	Apurva & Sons Ltd	apurva and sons ltd	apurva and sons	3Rd Street 16/35/45, East Godavari, Sambamurthy Nagar, Andhra Pradesh, Kakinada	3rd street 16 35 45 east godavari sambamurthy nagar andhra pradesh kakinada
train_source1	S1-349554399	Durfee, Talbert and Shew Inc	durfee talbert and shew inc	durfee talbert and shew	3519 Red Hill Road, Albemarle County, VA	3519 red hill road albemarle county va
train_source1	S1-860354142	Christensen Secure Huntington Center	christensen secure huntington center	christensen secure huntington center	7993 Corinne Avenue, Star City, IN	7993 corinne avenue star city in
train_source1	S1-613517393	Haven Exim	haven exim	haven exim	A/404, Prathna Greens, Sargasan, Gandhinagar, Gandhinagar, Gandhi Nagar, Gujarat	a 404 prathna greens sargasan gandhinagar gandhinagar gandhi nagar gujarat
train_source1	S1-707030556	Delhi Audio Ltd	delhi audio ltd	delhi audio	Delhi, North West Delhi, Pitampura, 126 Engineers Enclave	delhi north west delhi pitampura 126 engineers enclave
train_source1	S1-651713662	Lenahan's Staffing	lenahans staffing	lenahans staffing	506 Cranbrook Lane, Grand Prairie, TX	506 cranbrook lane grand prairie tx
train_source1	S1-8271658	Mahindra Landmark Private Limited	mahindra landmark private limited	mahindra landmark	South Delhi, Sanjay Colony, Okhla Phase-Ii, Delhi, New Delhi, S-63	south delhi sanjay colony okhla phase ii delhi new delhi south 63
train_source1	S1-189749525	Munn Rent	munn rent	munn rent	OH, Bidwell, 5084 State Rte 554	oh bidwell 5084 state rte 554
train_source1	S1-870635515	Secure Harbor Lion Inc.	secure harbor lion inc	secure harbor lion	510 Jackson Street, Mount Carroll, IL	510 jackson street mount carroll il
train_source1	S1-830274816	Ear Nose & Throat Choice Care Associates	ear nose and throat choice care associates	ear nose and throat choice care associates	Unit 613, AL, Mobile, 175 Stadium Drive	unit 613 al mobile 175 stadium drive
train_source1	S1-81031831	Learn Services Private Limited	learn services private limited	learn services	A 1/256, Safdarjung Enclave, New Delhi, Delhi	a 1 256 safdarjung enclave new delhi delhi
train_source1	S1-411926733	Samrath Brothers Private Limited	samrath brothers private limited	samrath brothers	Howrah, West Bengal, B. B. Ganguly Street, 5Th Floor, Room No.9, Kolkata, 46	howrah west bengal b b ganguly street 5th floor room no9 kolkata 46
train_source1	S1-824324746	Novoa & Cook	novoa and cook	novoa and cook	10420 89th Avenue, Unit 230, Peoria, AZ	10420 89th avenue unit 230 peoria az
train_source1	S1-458776971	Js Chemicals Pvt Ltd	js chemicals pvt ltd	js chemicals	C/O Ravindra Prasad Yadav, S/O Late Yadunandan Yadav, W.No-1, Madhepura, Madhepura, Bihar	c o ravindra prasad yadav south o late yadunandan yadav wno 1 madhepura madhepura bihar
train_source1	S1-394340130	Shivam Enterprises Private Limited	shivam enterprises private limited	shivam enterprises	46D, Rafi Ahmed Kidwai Road, Kolkata, Howrah, West Bengal	46d rafi ahmed kidwai road kolkata howrah west bengal
train_source1	S1-680474567	Hammonds Gulf Perimeter	hammonds gulf perimeter	hammonds gulf perimeter	110 Ridgecrest Avenue, Beckley, WV	110 ridgecrest avenue beckley wv
train_source1	S1-227395368	D & A Trailblazer Associates	d and a trailblazer associates	d and a trailblazer associates	7413 Castle Rock Drive, Clinton, MD	7413 castle rock drive clinton md
train_source1	S1-525924487	My Products Pvt Ltd	my products pvt ltd	my products	No 41, Classic Crest, 1St Main, 1St Block, Koramangala, Bangalore, Karnataka	number 41 classic crest 1st main 1st block koramangala bangalore karnataka
train_source1	S1-70279076	Norton and Spinelli	norton and spinelli	norton and spinelli	131 Steuben Street, Painted Post, NY	131 steuben street painted post ny
train_source1	S1-250942341	Tumey's Precision Homecare	tumeys precision homecare	tumeys precision homecare	7646 New York Avenue, Cleveland, OH	7646 new york avenue cleveland oh
train_source1	S1-442719494	Kolkata Power Private Limited	kolkata power private limited	kolkata power	10/2/A, Abinash Mitra Lane, Kolkata, Kolkata, Howrah, West Bengal	10 2 a abinash mitra lane kolkata kolkata howrah west bengal
train_source1	S1-763686921	Falcon Trading Co	falcon trading co	falcon trading	Flat No.-101, 1St Floor, Block A, Gm Tower Rajapul, Patna, Bihar	flat number 101 1st floor block a gm tower rajapul patna bihar
train_source1	S1-875691993	Unitech (India) Services	unitech india services	unitech india services	D 129 Ndmc Society H-3 Blockvikas Puri, New Delhi, West Delhi, Delhi	d 129 ndmc society h 3 blockvikas puri new delhi west delhi delhi
train_source1	S1-252644636	Gold Enterprises Limited	gold enterprises limited	gold enterprises	Tilpata Karanwas, Greater Noida, Uttar Pradesh	tilpata karanwas greater noida uttar pradesh
train_source1	S1-222587463	Noor Wireless LLC	noor wireless llc	noor wireless	1935 Alison Court, Unit B11, Atlanta, GA	1935 alison court unit b11 atlanta ga
train_source1	S1-680786781	Chanakya Property (India)	chanakya property india	chanakya property india	Bihar, Gopalganj, Vill Dharampur Block-Kuchaikote, C/O Vijay Ray Panch-Sonhula Gokhul, Gopalganj	bihar gopalganj vill dharampur block kuchaikote c o vijay ray panch sonhula gokhul gopalganj
train_source1	S1-286064736	Maddalena Silva Therapy Inc	maddalena silva therapy inc	maddalena silva therapy	115 Plantation Court, Nashville, TN	115 plantation court nashville tn
train_source1	S1-30221210	Moon Academy	moon academy	moon academy	8233 17th Avenue, City Of Kenosha, WI	8233 17th avenue city of kenosha wi
train_source1	S1-447240062	JNN Allied Pmv PLLC	jnn allied pmv pllc	jnn allied pmv pllc	181 Bowne Street, Esopus, NY	181 bowne street esopus ny
train_source1	S1-460386089	Laina W. Benoit, Ph.D., PC	laina w benoit phd pc	laina w benoit phd pc	IL, 207 Cliff Drive, Carbon Cliff	il 207 cliff drive carbon cliff
train_source1	S1-405829810	Savitri (India) Ar LLP	savitri india ar llp	savitri india ar	At Po Gangava, Ta Danta, Dist Bk Village Gangva, Ta Danta, Dist Banaskantha, Banaskantha, Banas Kantha, Gujarat	at po gangava ta danta dist bk village gangva ta danta dist banaskantha banaskantha banas kantha gujarat
train_source1	S1-866560305	Brodrick's Financial	brodricks financial	brodricks financial	5211 Lincoln Street, KS, Topeka	5211 lincoln street ks topeka
train_source1	S1-730232581	Properties Retail Tradex Private Limited	properties retail tradex private limited	properties retail tradex	Kharkhariya Bhawan, In Front Of Shyam Mandir, Taseeng Road, Bahror, Alwar, Rajasthan	kharkhariya bhawan in front of shyam mandir taseeng road bahror alwar rajasthan
train_source1	S1-152874921	Blue Mining Inc	blue mining inc	blue mining	3982 Old Columbia Pike, Ellicott City, MD	3982 old columbia pike ellicott city md
train_source1	S1-300034658	Singla Pure Pvt Ltd	singla pure pvt ltd	singla pure	Cuttack, At/Po--Kalyani Nagar(A V M Tower), Orissa, Cuttack	cuttack at po kalyani nagara v m tower orissa cuttack
train_source1	S1-118834288	Cornerstone Direct Automotive	cornerstone direct automotive	cornerstone direct automotive	TX, Forney, 1122 Oak Ridge Road	tx forney 1122 oak ridge road
train_source1	S1-992987509	Martinez Trinity LLC	martinez trinity llc	martinez trinity	1590 427, Floresville, TX	1590 427 floresville tx
train_source1	S1-643663550	Empire Rapid Canadian LLC	empire rapid canadian llc	empire rapid canadian	109 Saint Charles Place, Chickasha, OK	109 saint charles place chickasha ok
train_source1	S1-78797388	Coastal Federation	coastal federation	coastal federation	Westfield, 15973 Oak Park Lane, IN	westfield 15973 oak park lane in
train_source1	S1-484961803	Swajan Holdings	swajan holdings	swajan holdings	14 Df, Scheme No.74-C, Vijay Nagar, Indore, Madhya Pradesh	14 df scheme no74 c vijay nagar indore madhya pradesh
train_source1	S1-431748598	Heritage Creative Products LLC	heritage creative products llc	heritage creative products	8111 Yale Avenue, Unit Apt 303, Four Square Mile, CO	8111 yale avenue unit apartment 303 four square mile co
train_source1	S1-486938705	Retha Power White LLC	retha power white llc	retha power white	MT, 310 7th Street, Sidney	mt 310 7th street sidney
train_source1	S1-921706387	Apex Microelectronics Inc	apex microelectronics inc	apex microelectronics	3610 Arrowhead Avenue, Hood River, OR	3610 arrowhead avenue hood river or
train_source1	S1-344973282	Sanchez Group Clinic	sanchez group clinic	sanchez group clinic	2452 Kowaliga Road, Eclectic, AL	2452 kowaliga road eclectic al
train_source1	S1-997382020	Collins Pacific Kensington	collins pacific kensington	collins pacific kensington	1014 Dartmouth Street, Chattanooga, TN	1014 dartmouth street chattanooga tn
train_source1	S1-304386686	Coastal Prairie Noble LLC	coastal prairie noble llc	coastal prairie noble	940 Nowlan Road, Fenton, Unit Lot 11, NY	940 nowlan road fenton unit lot 11 ny
train_source1	S1-327951743	First Global Pvt Ltd	first global pvt ltd	first global	Plot No.117, Rajappa Nagar West, Tiruchirappalli, Tamil Nadu	plot no117 rajappa nagar west tiruchirappalli tamil nadu
train_source1	S1-520078089	NEV Stones Pvt. Ltd.	nev stones pvt ltd	nev stones	49A, Subramaniam Street, Abhiramapuram, Chennai, Tamil Nadu	49a subramaniam street abhiramapuram chennai tamil nadu
train_source1	S1-162465054	Sanidhya Legal Corporation	sanidhya legal corporation	sanidhya legal	Iswar Ganguly Street Vasudeva Building 1St Floor, Flat - 1A, Kolkata, Howrah, West Bengal, 1, Kolkata	iswar ganguly street vasudeva building 1st floor flat 1a kolkata howrah west bengal 1 kolkata
train_source1	S1-974825292	Poonam Infraworld Private Limited	poonam infraworld private limited	poonam infraworld	Room No - 40, Bldg No - 9/15, Morarji Velji Bldg., Dr. M. B. Velkar Street, Kalbadevi Road, Mumbai, Mumbai City, Maharashtra	room number 40 building number 9 15 morarji velji building drive m b velkar street kalbadevi road mumbai mumbai city maharashtra
train_source1	S1-636127789	2053 Sixth St Realty, LLC	2053 sixth st realty llc	2053 sixth st realty	315 9th Street, Tonkawa, OK	315 9th street tonkawa ok
train_source1	S1-8860800	Twisted Hypnosis	twisted hypnosis	twisted hypnosis	7409 Wallach Street, Austin, TX	7409 wallach street austin tx
train_source1	S1-757100365	Projects Mohan Funds	projects mohan funds	projects mohan funds	No 1303, 1St C Main, 9Th Block, 2Nd Stage, Nagarabhavi, Bengaluru, Bangalore North, Bangalore, Karnataka	number 1303 1st c main 9th block 2nd stage nagarabhavi bengaluru bangalore north bangalore karnataka
train_source1	S1-516296490	Tiify Futurecrest LLC	tiify futurecrest llc	tiify futurecrest	6901 Security Boulevard, Unit UNIT 61, Windsor Mill, MD	6901 security boulevard unit unit 61 windsor mill md
train_source1	S1-647822760	Office of Consumer Affairs	office of consumer affairs	office of consumer affairs	84 Bayberry Lane, Westport, CT	84 bayberry lane westport court
train_source1	S1-401942506	Sunrise Solutions Private Limited	sunrise solutions private limited	sunrise solutions	House No. 2, 2 Sham Nath Marg, Near Oberoi Apartment, Civil Lines, Delhi, North Delhi, Delhi	house number 2 2 sham nath marg near oberoi apartment civil lines delhi north delhi delhi
train_source1	S1-495246557	Bettina Wehunt Trading LLC	bettina wehunt trading llc	bettina wehunt trading	705 Leftwich Street, Gretna Town, VA	705 leftwich street gretna town va
train_source1	S1-60874124	CM Opendoor	cm opendoor	cm opendoor	259 Meadow Run Road, Floyd County, VA	259 meadow run road floyd county va
train_source1	S1-291817418	Lyndy Phillips Metropolitan Dpc Inc	lyndy phillips metropolitan dpc inc	lyndy phillips metropolitan dpc	1312 Deville Circle, Garland, TX	1312 deville circle garland tx
train_source1	S1-916406672	Gibson Fashion LLC	gibson fashion llc	gibson fashion	23326 53rd Avenue, Kent, WA	23326 53rd avenue kent wa
train_source1	S1-903522341	Pacific Wireless Consultants	pacific wireless consultants	pacific wireless consultants	272 Citation Drive, Virginia Beach City, VA	272 citation drive virginia beach city va
train_source1	S1-411744587	Vinita Herrell Sterling Managed LLC	vinita herrell sterling managed llc	vinita herrell sterling managed	2201 Chesapeake Harbour Drive, Fl 0, Annapolis, MD	2201 chesapeake harbour drive fl 0 annapolis md
train_source1	S1-882637536	Safe Education Collective Clinic	safe education collective clinic	safe education collective clinic	4579 775, Montgomery, IN	4579 775 montgomery in
train_source1	S1-393818512	Continental Signature Dogecoin LLC	continental signature dogecoin llc	continental signature dogecoin	303 Dasher Drive, Austin, TX	303 dasher drive austin tx
train_source1	S1-153348996	Ss Business LLP	ss business llp	ss business	19/58, 19/53, C1 Manjumel, Po, Udyogamandal S O, Parur, Ernakulam, Kerala	19 58 19 53 c1 manjumel po udyogamandal south o parur ernakulam kerala
train_source1	S1-853053883	Woodson Preferred Constellation Inc	woodson preferred constellation inc	woodson preferred constellation	7 Plum Street, Danville, OH	7 plum street danville oh
train_source1	S1-559697713	Sree Developers Private Limited	sree developers private limited	sree developers	Sno39/7 Gui-Tekadu J N Marg, S S Rd Pune, Pune City, Pune, Maharashtra	sno39 7 gui tekadu j north marg south south road pune pune city pune maharashtra
train_source1	S1-632443480	LMS Nasdaq LLC	lms nasdaq llc	lms nasdaq	2148 444, East Bloomfield, NY	2148 444 east bloomfield ny
train_source1	S1-871383897	Ardath Ferguson Biotherapeutics	ardath ferguson biotherapeutics	ardath ferguson biotherapeutics	192 Oak Drive, Arley, AL	192 oak drive arley al
train_source1	S1-901601528	Reed, Edyth N., D.D.S.	reed edyth n dds	reed edyth n dds	71 Haven Court, Shelton, WA	71 haven court shelton wa
train_source1	S1-144335241	DZ Apparel Private Limited	dz apparel private limited	dz apparel	Rangareddy, Boyapally Enclave Almasguda, Hyderabad, F.No.31-14/2, Telangana	rangareddy boyapally enclave almasguda hyderabad fno31 14 2 telangana
train_source1	S1-662105929	Metro Center	metro center	metro center	917 Roma Avenue, Phoenix, AZ	917 roma avenue phoenix az
train_source1	S1-215469834	Grabowski & Johnston LLC	grabowski and johnston llc	grabowski and johnston	IN, Morristown, 404 Midway Street	in morristown 404 midway street
train_source1	S1-251039333	Cameron Alpex LLC	cameron alpex llc	cameron alpex	TX, Pearsall, 617 Moreno Street	tx pearsall 617 moreno street
train_source1	S1-840168502	Modern Coastal Fargo Inc.	modern coastal fargo inc	modern coastal fargo	1903 Rock Bluff Road, Plattsmouth, NE	1903 rock bluff road plattsmouth ne
train_source1	S1-544515663	Krittech Steels	krittech steels	krittech steels	302 Santoor Apartment 87 88 Azad Society Ambawadi, Ahmedabad, Gujarat	302 santoor apartment 87 88 azad society ambawadi ahmedabad gujarat
train_source1	S1-946825840	Trusted Wireless Advisors Corp	trusted wireless advisors corp	trusted wireless advisors	1543 Lake Blaine Road, Kalispell, MT	1543 lake blaine road kalispell mt
train_source1	S1-755898212	JPY Hospitalities	jpy hospitalities	jpy hospitalities	Rajkot, Plot No. 53/1, Umiya Industrial Aria Opp. Madhuvan Way Bridge, Kotda Sangani, Road, Lothada, Gujarat	rajkot plot number 53 1 umiya industrial aria opposite madhuvan way bridge kotda sangani road lothada gujarat
train_source1	S1-821893871	Desert Housing LLC	desert housing llc	desert housing	Albuquerque, NM, 6200 Bisbee Place	albuquerque nm 6200 bisbee place
train_source1	S1-814048116	Lopes Optimal Grayscale LLC	lopes optimal grayscale llc	lopes optimal grayscale	2798 Kona Trail, Flagstaff, AZ	2798 kona trail flagstaff az
train_source1	S1-906423755	Pune City Pharmaceuticals Private Limited	pune city pharmaceuticals private limited	pune city pharmaceuticals	Pl No564/2Bcity Sn1199A/2, Bsd Shabari Hotel, Gholerd, Pune City, Pune, Maharashtra	place no564 2bcity sn1199a 2 bsd shabari hotel gholerd pune city pune maharashtra
train_source1	S1-853862695	Pavue Great Worldwide	pavue great worldwide	pavue great worldwide	3556 444, Princeton, TX	3556 444 princeton tx
train_source1	S1-942890922	Juniper	juniper	juniper	16 Davelin Road, Wayland, MA	16 davelin road wayland ma
train_source1	S1-967124912	Richardson, Spackman & Smith Saul	richardson spackman and smith saul	richardson spackman and smith saul	127 Barker Street, Adamsville, TN	127 barker street adamsville tn
train_source1	S1-199459184	Best Trading Limited	best trading limited	best trading	Door No 43/3437, Nh Bypass, Ernakulam, Kerala	door number 43 3437 nh bypass ernakulam kerala
train_source1	S1-55679373	Dhyeya Entertainment Private Limited	dhyeya entertainment private limited	dhyeya entertainment	A-15 (B) Riico Industrial Area, Behror, Alwar, Rajasthan	a 15 b riico industrial area behror alwar rajasthan
train_source1	S1-78078135	Regional Equity Partners LLC	regional equity partners llc	regional equity partners	11840 Meadow Springs Drive, Johnston, IA	11840 meadow springs drive johnston ia
train_source1	S1-365310135	Liuka Choate Offshore LLC	liuka choate offshore llc	liuka choate offshore	52 Tremont Street, Taunton, MA	52 tremont street taunton ma
train_source1	S1-298645743	Heartland Hospital	heartland hospital	heartland hospital	KY, 112 Sweetbriar Circle, London	ky 112 sweetbriar circle london
train_source1	S1-136588069	Gwendolin Pierce Pioneer Automobile	gwendolin pierce pioneer automobile	gwendolin pierce pioneer automobile	1003 Sullivant Avenue, Columbus, OH	1003 sullivant avenue columbus oh
train_source1	S1-262257256	Kings Softtech Pvt. Ltd.	kings softtech pvt ltd	kings softtech	13/407 A Puzhakal P O, Muthuvara, Thrissur, Kerala	13 407 a puzhakal p o muthuvara thrissur kerala
train_source1	S1-960782355	Ridge Association	ridge association	ridge association	654 South Street, Boston, MA	654 south street boston ma
train_source1	S1-58842783	Kesley's Continental Grading Inc	kesleys continental grading inc	kesleys continental grading	2975 Freeman Avenue, Hamilton, OH	2975 freeman avenue hamilton oh
train_source1	S1-752838534	Wharton Youth Association Care	wharton youth association care	wharton youth association care	1219 Kingston Drive, Wharton, TX	1219 kingston drive wharton tx
train_source1	S1-449996405	Sterling Rocky Valley-Mesquite	sterling rocky valley mesquite	sterling rocky valley mesquite	500 Hugh Walker Drive, Mesquite, TX	500 hugh walker drive mesquite tx
train_source1	S1-558736111	MFB Alloys Private Limited	mfb alloys private limited	mfb alloys	Door No. 14/200 Malekudy House, Iringole P O, Kunnathunad, Ernakulam, Kerala	door number 14 200 malekudy house iringole p o kunnathunad ernakulam kerala
train_source1	S1-192530794	Agro Starline Baba Private Limited	agro starline baba private limited	agro starline baba	2Nd Floor, Vim-312, Sailashree Vihar Chandrashekharpur, Bhubaneswar, Khordha, Orissa	2nd floor vim 312 sailashree vihar chandrashekharpur bhubaneswar khordha orissa
train_source1	S1-87922685	Moti Traders Private Limited	moti traders private limited	moti traders	Delhi, Village Hiranki Narela, 100, Delhi	delhi village hiranki narela 100 delhi
train_source1	S1-16689462	Vidyne Group	vidyne group	vidyne group	142 Redlands Road, Unit 2, Boston, MA	142 redlands road unit 2 boston ma
train_source1	S1-988076802	Innovative Strategic Praetorian Inc	innovative strategic praetorian inc	innovative strategic praetorian	317 168th Road, Baileyville, KS	317 168th road baileyville ks
train_source1	S1-39314330	Grand Transit Labs LLC	grand transit labs llc	grand transit labs	6747 Cardindale Drive, Knoxville, TN	6747 cardindale drive knoxville tn
train_source1	S1-809024061	Digiovanni Management LP	digiovanni management lp	digiovanni management lp	9826 Rocky Wash Drive, AZ, Tucson	9826 rocky wash drive az tucson
train_source1	S1-136775058	Leonard Institute of Technology	leonard institute of technology	leonard institute of technology	Phoenix, 6975 Princess Drive, AZ, Unit 3095	phoenix 6975 princess drive az unit 3095
train_source1	S1-927736109	Kariotta Jones Spade	kariotta jones spade	kariotta jones spade	Medina, TN, 30 Bobbitt Road	medina tn 30 bobbitt road
train_source1	S1-947201313	Williams Harbor Centurion	williams harbor centurion	williams harbor centurion	19320 1st Place, Catoosa, OK	19320 1st place catoosa ok
train_source1	S1-964972529	Rohtak (india) Pvt Ltd	rohtak india pvt ltd	rohtak india	557, Old Housing Board, Lig Phase Ii Rohtak, Rohtak, Haryana	557 old housing board lig phase ii rohtak rohtak haryana
train_source1	S1-824426077	Kirkland Sunstone LLC	kirkland sunstone llc	kirkland sunstone	6455 Old Hickory Boulevard, Nashville, TN	6455 old hickory boulevard nashville tn
train_source1	S1-148709018	Bulwark Designtech Group	bulwark designtech group	bulwark designtech group	22/23, Opp. Deep Cinema, Manik Sarkar Chowk, Jagdishpur, Bhagalpur, Bihar	22 23 opposite deep cinema manik sarkar chowk jagdishpur bhagalpur bihar
train_source1	S1-752221257	Jay Producer Private Limited	jay producer private limited	jay producer	M.A. Solanki, Next To Gajanan Cold Drinks M.G. Road, Valsad, Gujarat	ma solanki next to gajanan cold drinks mg road valsad gujarat
train_source1	S1-608093705	Colonial Family Practice Group	colonial family practice group	colonial family practice group	6905 Darmstadt Road, Evansville, IN	6905 darmstadt road evansville in
train_source1	S1-654634473	Vadodara Farmer Private Limited	vadodara farmer private limited	vadodara farmer	Vadodara, Atmajyoti, Ashram Road, Ellora Park, Vadodara, Gujarat, Gd House	vadodara atmajyoti ashram road ellora park vadodara gujarat gd house
train_source1	S1-413524687	Mav Promotersprivate LLP	mav promotersprivate llp	mav promotersprivate	No.341 (Sy.No.46), 8Th Cross, 4Th Phase, Peenya Industrial Area, Bangalore, Karnataka	no341 syno46 8th cross 4th phase peenya industrial area bangalore karnataka
train_source1	S1-680231884	Jaya Public School	jaya public school	jaya public school	C/O Anita Verma, Bahari, Begum Pur, Sati Chaura, Sampatchak, Patna, Bihar	c o anita verma bahari begum pur sati chaura sampatchak patna bihar
train_source1	S1-742621289	Black Dream Technology Private Limited	black dream technology private limited	black dream technology	17, 1St Cross, Pipeline Road Kumaraswamy Layout, Bengaluru, Bangalore, Karnataka	17 1st cross pipeline road kumaraswamy layout bengaluru bangalore karnataka
train_source1	S1-895983230	Feng Superior Workshop	feng superior workshop	feng superior workshop	Mesquite, 1405 Panola Drive, TX	mesquite 1405 panola drive tx
train_source1	S1-371864811	Gulf Lithium Inc	gulf lithium inc	gulf lithium	22 Edwards Street, Unit Apartment 2D, Roslyn, NY	22 edwards street unit apartment 2d roslyn ny
train_source1	S1-742199402	NK Genesis	nk genesis	nk genesis	215 Sawmill Road, Clancy, MT	215 sawmill road clancy mt
train_source1	S1-481666470	Shakti Services	shakti services	shakti services	101, Plot No. A11, Midas Chambers, Off Link Road, Andheri W, Est, Mumbai, Mumbai City, Maharashtra	101 plot number a11 midas chambers off link road andheri west est mumbai mumbai city maharashtra
train_source1	S1-786529142	Cascade Council III P.C.	cascade council iii pc	cascade council iii pc	475 Fir Villa Road, Dallas, OR	475 fir villa road dallas or
train_source1	S1-265287489	Classic Security Technologies Inc	classic security technologies inc	classic security technologies	4616 Stoney Trace Drive, Unit J, Mint Hill, NC	4616 stoney trace drive unit j mint hill nc
train_source1	S1-460143677	Indriya Efiling	indriya efiling	indriya efiling	1801 18Th Floor Mirabilis Builsing Sec R-12 Nahar Amrit Shakti Chandivali Powai, Mumbai, Mumbai City, Maharashtra	1801 18th floor mirabilis builsing sec r 12 nahar amrit shakti chandivali powai mumbai mumbai city maharashtra
train_source1	S1-793492834	Lyrola Hologram, Inc	lyrola hologram inc	lyrola hologram	NY, Colonie, 25 Walker Way, Unit Unit 3D	ny colonie 25 walker way unit unit 3d
train_source1	S1-629118510	Little Coffee	little coffee	little coffee	472 York Street, York, ME	472 york street york me
train_source1	S1-704322291	White Hospitality Private Limited	white hospitality private limited	white hospitality	246 Bheruji Colony, Khempura, Udaipur, Rajasthan	246 bheruji colony khempura udaipur rajasthan
train_source1	S1-946133653	Black It Private Limited	black it private limited	black it	Plot No: 6, Near Narayan Complex, Opp. Ayushi Awas, Piplod, Surat, Gujarat	plot number 6 near narayan complex opposite ayushi awas piplod surat gujarat
train_source1	S1-142155533	Vinod Trading Private Limited	vinod trading private limited	vinod trading	776/3/3, F-7, Green Field Residency Ganesh Colany, Kalamba Road, Kolhapur, Maharashtra	776 3 3 f 7 green field residency ganesh colany kalamba road kolhapur maharashtra
train_source1	S1-404373285	Ceia LLC	ceia llc	ceia	4633 Sterling Ranch Road, Prescott, AZ	4633 sterling ranch road prescott az
train_source1	S1-761648489	Hagerstown Legacy Labs	hagerstown legacy labs	hagerstown legacy labs	18823 Briarwood Drive, Hagerstown, MD	18823 briarwood drive hagerstown md
train_source1	S1-223974265	2149 Market Boulevard Owners Corp LLP	2149 market boulevard owners corp llp	2149 market boulevard owners	20588 Ellsworth Loop Road, Unit 2115, Queen Creek, AZ	20588 ellsworth loop road unit 2115 queen creek az
train_source1	S1-413862512	Vantelle Plutonian	vantelle plutonian	vantelle plutonian	810 5th Street, Unit 2, Tempe, AZ	810 5th street unit 2 tempe az
train_source1	S1-206627523	Systems Academy	systems academy	systems academy	House No. 243, Bharat Apartments, Sector 13, Rohini, New Delhi, North West, Delhi	house number 243 bharat apartments sector 13 rohini new delhi north west delhi
train_source1	S1-437333243	YV Mineral Pvt Ltd	yv mineral pvt ltd	yv mineral	Argha Complexburnpur Roadasansol, Burnpur, Bardhaman, West Bengal	argha complexburnpur roadasansol burnpur bardhaman west bengal
train_source1	S1-771644696	Tolan Agricultural	tolan agricultural	tolan agricultural	MD, Unit 1, Stevensville, 16 Mariners Way	md unit 1 stevensville 16 mariners way
train_source1	S1-736499135	First Learning Group	first learning group	first learning group	10820 Howard Trail, WI, Town Of Mazomanie	10820 howard trail wi town of mazomanie
train_source1	S1-577399555	Medford Boa Inc.	medford boa inc	medford boa	45 Myrtle Street, Medford, MA	45 myrtle street medford ma
train_source1	S1-421315715	Patriot Reliable Waste	patriot reliable waste	patriot reliable waste	3321 Dayton-springfield Road, Springfield, OH	3321 dayton springfield road springfield oh
train_source1	S1-455034843	Hadley Family Office Inc	hadley family office inc	hadley family office	4914 Main Avenue, Ashtabula, OH	4914 main avenue ashtabula oh
train_source1	S1-795195261	Clay Oriental Co	clay oriental co	clay oriental	NC, 1429 Perry Street, Gastonia	nc 1429 perry street gastonia
train_source1	S1-846836305	Kolkata Retail Limited	kolkata retail limited	kolkata retail	110/17, Selimpur Road, Kolkata, Kolkata, Howrah, West Bengal	110 17 selimpur road kolkata kolkata howrah west bengal
train_source1	S1-428632	Wilson Clear China, LLC	wilson clear china llc	wilson clear china	104 E South Drive, MN, Circle Pines	104 east south drive mn circle pines
train_source1	S1-64057623	Connoisseur (India) Fms LLP	connoisseur india fms llp	connoisseur india fms	H No-48, Rs No-151, Tps-25, Fp-29, Vijayraj Row House, Opp. Shivam Soc-2, Singanpor Causeway Road, Surat City, Surat, Gujarat	h number 48 rs number 151 tps 25 fp 29 vijayraj row house opposite shivam soc 2 singanpor causeway road surat city surat gujarat
train_source1	S1-72073780	Delisa, Schmucker & Crumby LLC	delisa schmucker and crumby llc	delisa schmucker and crumby	11020 Oakton View Drive, Fairfax County, VA	11020 oakton view drive fairfax county va
train_source1	S1-891958084	Johnson National Tax	johnson national tax	johnson national tax	Badger, AK, 2390 Edsson Avenue	badger ak 2390 edsson avenue
train_source1	S1-489691585	Perry Dollar Inc.	perry dollar inc	perry dollar	12180 Ridgecrest Road, Victorville, CA, Unit UNIT 130	12180 ridgecrest road victorville ca unit unit 130
train_source1	S1-682186084	Womens Health Direct Medicine LLC	womens health direct medicine llc	womens health direct medicine	505 Ilchester Avenue, Middlesboro, KY	505 ilchester avenue middlesboro ky
train_source1	S1-967809379	Bright Software Private Limited	bright software private limited	bright software	4 Narayan Prasadbabu Lane 2Nd Flr, Kolkata, Calcutta, West Bengal	4 narayan prasadbabu lane 2nd floor kolkata calcutta west bengal
train_source1	S1-192763800	FJ Hill LLC	fj hill llc	fj hill	219 Country Meadow Court, Mansfield, TX	219 country meadow court mansfield tx
train_source1	S1-327901274	Allied College LLC	allied college llc	allied college	5100 Bethel Avenue, Muncie, IN	5100 bethel avenue muncie in
train_source1	S1-622257785	International Nexa Secure Private Limited	international nexa secure private limited	international nexa secure	41, Sarang Marg, Opposite Jmb Surajpole, Udaipur, Rajasthan	41 sarang marg opposite jmb surajpole udaipur rajasthan
train_source1	S1-585532131	Tech Power Private Limited	tech power private limited	tech power	Amar Co-Op Hsg. Soc Plot, No-39 Flat No-4 Ninad Apt, Pune City, Pune, Maharashtra	amar co op hsg soc plot number 39 flat number 4 ninad apartment pune city pune maharashtra
train_source1	S1-415942410	IU Consultancy Limited	iu consultancy limited	iu consultancy	109, Star Tower 1St Floor, Sri Ganganagar, Rajasthan	109 star tower 1st floor sri ganganagar rajasthan
train_source1	S1-223766452	Colonial Council-Tazewell Town	colonial council tazewell town	colonial council tazewell town	190 English Street, Tazewell Town, VA	190 english street tazewell town va
train_source1	S1-681609211	Plus Polytechnic	plus polytechnic	plus polytechnic	104A/225, P Road, Rambagh, Kanpur Nagar, Kanpur, Uttar Pradesh	104a 225 p road rambagh kanpur nagar kanpur uttar pradesh
train_source1	S1-376606321	Watkins Spacsphere	watkins spacsphere	watkins spacsphere	308 Bean Street, Lincoln, AR	308 bean street lincoln ar
train_source1	S1-234119489	Black Developers Limited	black developers limited	black developers	Off No. 514, 5Th Floor, Palm Spring Center, Prem Co-Op Soc Ltd., Near Dmart, Link Road, Malad (W), Mumbai, Mumbai City, Maharashtra	off number 514 5th floor palm spring center prem co op soc ltd near dmart link road malad west mumbai mumbai city maharashtra
train_source1	S1-623273818	Carmelina Tuttle Ampercap LLC	carmelina tuttle ampercap llc	carmelina tuttle ampercap	563 Pointes Drive, Shelton, WA	563 pointes drive shelton wa
train_source1	S1-340955071	Bombay Shiva Investment Private Limited	bombay shiva investment private limited	bombay shiva investment	1739, Nishal Falita, Near G.P Office Faldhara, Valsad, Valsad, Gujarat	1739 nishal falita near gp office faldhara valsad valsad gujarat
train_source1	S1-553542139	Behavioral Health Physicians of Bullhead City Inc.	behavioral health physicians of bullhead city inc	behavioral health physicians of bullhead city	419 Coral Reef Drive, Bullhead City, AZ	419 coral reef drive bullhead city az
train_source1	S1-43242803	Vaishali Services Private Limited	vaishali services private limited	vaishali services	Room No 3, 6Th Main Road, Dattatreyanaga Hoskerehalli, Banashankari, 3Rd Stage, Bangalore, Karnataka	room number 3 6th main road dattatreyanaga hoskerehalli banashankari 3rd stage bangalore karnataka
train_source1	S1-949412850	Brooks Corporation	brooks corporation	brooks	428 Fulton Street, Indianapolis, IN	428 fulton street indianapolis in
train_source1	S1-632005916	Rigveda Tulsi Private Limited	rigveda tulsi private limited	rigveda tulsi	408 G I D Cpandasara, Surat, Gujarat	408 g i d cpandasara surat gujarat
train_source1	S1-502049068	Toler, Alla, Esq. Center	toler alla esq center	toler alla esq center	622 Washington Street, Unit APT 1, Bloomington, IN	622 washington street unit apartment 1 bloomington in
train_source1	S1-809315545	IY Disciplined LLC	iy disciplined llc	iy disciplined	123 Wayside Road, Portland, ME	123 wayside road portland me
train_source1	S1-462627347	Fresh Cafe	fresh cafe	fresh cafe	12159 Oakwilde Court, Maryland Heights, MO	12159 oakwilde court maryland heights mo
train_source1	S1-897191998	TBE Modern Star LLC	tbe modern star llc	tbe modern star	549 Sullivan Street, Seattle, WA	549 sullivan street seattle wa
train_source1	S1-744120199	Silver Invest	silver invest	silver invest	TX, 17806 Laurelton Drive, Humble	tx 17806 laurelton drive humble
train_source1	S1-48241570	Dream Green Industries Private Limited	dream green industries private limited	dream green industries	H No-370, Village Gijhor Sec-53, Gautam Buddha Nagar, Noida, Ghaziabad, Uttar Pradesh	h number 370 village gijhor sec 53 gautam buddha nagar noida ghaziabad uttar pradesh
train_source1	S1-590479623	Mount Zion	mount zion	mount zion	2646 Platina, Mesa, AZ	2646 platina mesa az
train_source1	S1-855895108	Cascade	cascade	cascade	11173 Kinsley Street, Eden Prairie, MN	11173 kinsley street eden prairie mn
train_source1	S1-491983009	Federal Resolution PLLC	federal resolution pllc	federal resolution pllc	1340 Flying Jib Drive, Azle, TX	1340 flying jib drive azle tx
train_source1	S1-764521587	Accounts Dyeing Private Limited	accounts dyeing private limited	accounts dyeing	Central Delhi, 5E, Madras Boarding House, New Delhi, Delhi	central delhi 5e madras boarding house new delhi delhi
train_source1	S1-444713171	India Kamakshi Solutions Center	india kamakshi solutions center	india kamakshi solutions center	24-5-4, Rajaram Mohan Roy Road, Kakinada, East Godavari, Andhra Pradesh	24 5 4 rajaram mohan roy road kakinada east godavari andhra pradesh
train_source1	S1-147278478	Green Marine Corporation Corp	green marine corporation corp	green marine	800 Ada Street, Paragould, AR	800 ada street paragould ar
train_source1	S1-652273019	Star Viking Partners	star viking partners	star viking partners	221 3rd Avenue, Monmouth, IL	221 3rd avenue monmouth il
train_source1	S1-965361244	Nandana Bricks Private Limited	nandana bricks private limited	nandana bricks	C/O. Sanjay Gulchand Kasoda, Aurangabad, Maharashtra	c o sanjay gulchand kasoda aurangabad maharashtra
train_source1	S1-152287749	India Karan Studio Ltd	india karan studio ltd	india karan studio	Sanap 54-Ghatshil Pargaon, Shirur (Kasar), C/O. Vaijanath Baburao, Maharashtra, Beed	sanap 54 ghatshil pargaon shirur kasar c o vaijanath baburao maharashtra beed
train_source1	S1-531702299	Premier Developers	premier developers	premier developers	No 15 A 1St Floor Pappya Compound M S Ramaiya Hospital Road Rmv Ashwat Nag, Ar, Bangalore, Karnataka	number 15 a 1st floor pappya compound m south ramaiya hospital road rmv ashwat nag ar bangalore karnataka
train_source1	S1-454611891	Shivam Infotech Limited	shivam infotech limited	shivam infotech	No. 1174, Rajiv Nagar, 1St Stage Near Nimrah Masjid, Ali Miyan Road, Mysore, Karnataka	number 1174 rajiv nagar 1st stage near nimrah masjid ali miyan road mysore karnataka
train_source1	S1-941259582	Faor	faor	faor	9036 Willow Trace Court, NC, Huntersville	9036 willow trace court nc huntersville
train_source1	S1-591911604	Ram Consultants Private Limited	ram consultants private limited	ram consultants	306, President House Ambawadi Circle, Ahmedabad, Gujarat	306 president house ambawadi circle ahmedabad gujarat
train_source1	S1-722474843	Rhodie Swenson Liberty Annaly	rhodie swenson liberty annaly	rhodie swenson liberty annaly	13112 Howard Lane, WA, Spokane	13112 howard lane wa spokane
train_source1	S1-889785911	Surya Om Hospitality Private Limited	surya om hospitality private limited	surya om hospitality	Flat No 201, Anshu Courtyard, Rangareddy, Telangana	flat number 201 anshu courtyard rangareddy telangana
train_source1	S1-862191137	Clean Equity Works LLC	clean equity works llc	clean equity works	130 Cokedale Drive, Pueblo West, CO	130 cokedale drive pueblo west co
train_source1	S1-829049305	Williams, Streetman and Duke Williams LLC	williams streetman and duke williams llc	williams streetman and duke williams	Ogunquit, 71 Glen Avenue, ME	ogunquit 71 glen avenue me
train_source1	S1-874147929	DCT Microelectronics	dct microelectronics	dct microelectronics	2850 Nautilus Avenue, Salem, OR	2850 nautilus avenue salem or
train_source1	S1-174306760	Fairlink Technologies Limited	fairlink technologies limited	fairlink technologies	56-G, Pocket B-7, Janta Flats, Mayur Vihar Phase-3, Delhi, East Delhi, Delhi	56 g pocket b 7 janta flats mayur vihar phase 3 delhi east delhi delhi
train_source1	S1-94250675	Pediatric Care Associates L.L.C.	pediatric care associates llc	pediatric care associates	154 Del Monte Place, Pueblo West, CO	154 del monte place pueblo west co
train_source1	S1-438589761	Prudence Johnson Piedmont Fortis Inc	prudence johnson piedmont fortis inc	prudence johnson piedmont fortis	Bettendorf, IA, 19496 258th Ave	bettendorf ia 19496 258th avenue
train_source1	S1-757199197	Platinum Materials Consultants	platinum materials consultants	platinum materials consultants	3624 Fremont Drive, St Charles, MO	3624 fremont drive street charles mo
train_source1	S1-422473631	GNK Center Pvt Ltd	gnk center pvt ltd	gnk center	Bangalore, No 93, Sds Landmark, 80 Feet Chandra Layout Main Road, Attiguppe Vija, Yanagar, Bangalore, Karnataka	bangalore number 93 sds landmark 80 feet chandra layout main road attiguppe vija yanagar bangalore karnataka
train_source1	S1-141798354	Life Systems Limited	life systems limited	life systems	Samaspur, Dhaniakhali, Hooghly, West Bengal	samaspur dhaniakhali hooghly west bengal
train_source1	S1-776568553	Aditya City Software Private Limited	aditya city software private limited	aditya city software	Opp. Kalaikunda Railway Station Kalaikunda, P.O. : Rakha Jungle, Kharagpur, Midnapur, West Bengal	opposite kalaikunda railway station kalaikunda po rakha jungle kharagpur midnapur west bengal
train_source1	S1-101045753	Prairie Preparatory Academy	prairie preparatory academy	prairie preparatory academy	74 Circle Drive, Unit 330A, Edwardsville, IL	74 circle drive unit 330a edwardsville il
train_source1	S1-528556147	UC Constructions Private Limited	uc constructions private limited	uc constructions	C/O Sangita Gajanan Chavan Csn 705/1A Sarnaik Colony Shivaji Peth, Kolhapur, Maharashtra	c o sangita gajanan chavan csn 705 1a sarnaik colony shivaji peth kolhapur maharashtra
train_source1	S1-274758214	Om International Limited	om international limited	om international	23A, Netaji Subhas Road 2Nd Floor, Room No-13, Kolkata, Howrah, West Bengal	23a netaji subhas road 2nd floor room number 13 kolkata howrah west bengal
train_source1	S1-909842346	UW Insurance Pvt Ltd	uw insurance pvt ltd	uw insurance	C/O Naganna No 124, Jayalakshmipuram, Mysore, Karnataka	c o naganna number 124 jayalakshmipuram mysore karnataka
train_source1	S1-432152596	Gianina Hickmon Online Inc	gianina hickmon online inc	gianina hickmon online	2941 Mockingbird Lane, Prosper, TX	2941 mockingbird lane prosper tx
train_source1	S1-662343149	LK Worldwide	lk worldwide	lk worldwide	29454 123rd Lane, Peoria, AZ	29454 123rd lane peoria az
train_source1	S1-560224154	Disoft Management Inc	disoft management inc	disoft management	220 Holiday Lane, Unit 12, Talent, OR	220 holiday lane unit 12 talent or
train_source1	S1-529137899	Custom Coca LLC	custom coca llc	custom coca	39070 140th Street, Waseca, MN	39070 140th street waseca mn
train_source1	S1-215335896	North Investment Private Limited	north investment private limited	north investment	Office No. 102, Pentagon, Tower P4, Magarpatta, Pune City, Pune, Maharashtra	office number 102 pentagon tower p4 magarpatta pune city pune maharashtra
train_source1	S1-902621471	Phoenix Youth Federal Chiropractic LLC	phoenix youth federal chiropractic llc	phoenix youth federal chiropractic	3217 Bajada Drive, Phoenix, AZ	3217 bajada drive phoenix az
train_source1	S1-303701980	Sapphire LLC	sapphire llc	sapphire	126 Payne Road, Thomasville, NC	126 payne road thomasville nc
train_source1	S1-184794725	Surat Associates Private Limited	surat associates private limited	surat associates	115, Sunday Hub Shopping Center, Near Ankur Vidhyalay, Surat, Gujarat	115 sunday hub shopping center near ankur vidhyalay surat gujarat
train_source1	S1-967086139	Corner Barbershop	corner barbershop	corner barbershop	1344 350, Tipton, IN	1344 350 tipton in
train_source1	S1-694532506	Glass Farms Private Limited	glass farms private limited	glass farms	No 7 East Street, Cannel Road Kellys, Perambur Purasawalkam, Chennai, Tamil Nadu	number 7 east street cannel road kellys perambur purasawalkam chennai tamil nadu
train_source1	S1-726402053	Clever Designers Private Limited	clever designers private limited	clever designers	Plot No. 31 H No 11-78/3/2, Ponna Colony, Sangareddy, Medak, Telangana	plot number 31 h number 11 78 3 2 ponna colony sangareddy medak telangana
train_source1	S1-22440787	Emmey L. Argueta, DO, M.D., P.C. LP	emmey l argueta do md pc lp	emmey l argueta do md pc lp	8631 Anna Place, Montgomery, AL	8631 anna place montgomery al
train_source1	S1-11008242	Federal Iris LLC	federal iris llc	federal iris	29 Interfaith Terrace, Unit A, Framingham, MA	29 interfaith terrace unit a framingham ma
train_source1	S1-355685907	Regional Scientific, LLC	regional scientific llc	regional scientific	1424 Cottage View Lane, Nashville, TN	1424 cottage view lane nashville tn
train_source1	S1-697130648	Hall Rre LP	hall rre lp	hall rre lp	3255 26th Ave, Marion, IA	3255 26th avenue marion ia
train_source1	S1-723773808	Dust Enterprises	dust enterprises	dust enterprises	Cts No.102, Sani Arma(Krishna Plaza), 1St Floor, Raut Lane, Juhu, Nr Iscon Temple, Juhu, Vile Parle West, Mumbai City, Maharashtra	cts no102 sani armakrishna plaza 1st floor raut lane juhu near iscon temple juhu vile parle west mumbai city maharashtra
train_source1	S1-863833082	White & Duran Nippon	white and duran nippon	white and duran nippon	OH, Ada, 3018 Cr 20	oh ada 3018 cr 20
train_source1	S1-515029365	Electronic Biomedical Enterprises Group	electronic biomedical enterprises group	electronic biomedical enterprises group	2563 Forest Drive, Newport, NC	2563 forest drive newport nc
train_source1	S1-484728325	Rathi Medical Centre LLP	rathi medical centre llp	rathi medical centre	Panackal Veedu, Chanthavila, Kattaikonam P.O, Thiruvananthapuram, Thiruvananthapuram, Trivandrum, Kerala	panackal veedu chanthavila kattaikonam po thiruvananthapuram thiruvananthapuram trivandrum kerala
train_source1	S1-885729259	Johnson East PC	johnson east pc	johnson east pc	141 Featherstone Court, Frederick County, VA	141 featherstone court frederick county va
train_source1	S1-366242630	Capital Pacific PC	capital pacific pc	capital pacific pc	3051 State Street, Fremont, OH	3051 state street fremont oh
train_source1	S1-3233840	Orthopedic Group	orthopedic group	orthopedic group	6000 Ovation Parkway, Franklin, TN, Unit 6702	6000 ovation parkway franklin tn unit 6702
train_source1	S1-609758235	Real Constructions Private Limited	real constructions private limited	real constructions	No.1, 1St Floor, Sri Sai, Layout, Panthanur Dinne, Bangalore North, Bangalore, Karnataka	no1 1st floor sri sai layout panthanur dinne bangalore north bangalore karnataka
train_source1	S1-43286229	Chenna Enterprises Corporation	chenna enterprises corporation	chenna enterprises	Tamil Nadu, Chennai, Abdullah Street, Choolaimedu, No.18	tamil nadu chennai abdullah street choolaimedu no18
train_source1	S1-11494983	Empire League	empire league	empire league	3224 Spring Greenway Lane, Town Of Scott, WI	3224 spring greenway lane town of scott wi
train_source1	S1-737079528	Southern Pinnacle Auto Sales LLC	southern pinnacle auto sales llc	southern pinnacle auto sales	435 Norton Road, Speedwell, TN	435 norton road speedwell tn
train_source1	S1-955273885	Randall Empire Btc LLC	randall empire btc llc	randall empire btc	6602 Audry Way, Unit 101, Louisville, KY	6602 audry way unit 101 louisville ky
train_source1	S1-706274174	Bharat Tech Limited	bharat tech limited	bharat tech	Flat No. 03, 1St Floor, Vijay Residency, Sr No. 5 Hissa No. 02, Pune Cantonment Bank, Kesh, Av Nagar, Mundhwa Pune, Maharashtra	flat number 03 1st floor vijay residency sr number 5 hissa number 02 pune cantonment bank kesh av nagar mundhwa pune maharashtra
train_source1	S1-326960507	Bogard Resources	bogard resources	bogard resources	366 13, Boylston, NY	366 13 boylston ny
train_source1	S1-610164964	International Astro Solutions Pvt Ltd	international astro solutions pvt ltd	international astro solutions	C-126Naraina Industrial Area Phase I, New Delhi, West Delhi, Delhi	c 126naraina industrial area phase i new delhi west delhi delhi
train_source1	S1-89111115	Aguirre Avalanche Care	aguirre avalanche care	aguirre avalanche care	520 Summers Loop, Judsonia, AR	520 summers loop judsonia ar
train_source1	S1-90648761	Star Software Technologies LLC	star software technologies llc	star software technologies	Ravenna, 5271 Newton Falls Road, OH	ravenna 5271 newton falls road oh
train_source1	S1-913785285	Empire Express Inc	empire express inc	empire express	14 Ashberry Lane, Three Way, TN	14 ashberry lane three way tn
train_source1	S1-751888247	Jerrell Ashford	jerrell ashford	jerrell ashford	6 Park View Drive, Perinton, NY	6 park view drive perinton ny
train_source1	S1-441821984	Balaji Finance Pvt Ltd	balaji finance pvt ltd	balaji finance	East Delhi, B-32, Delhi, U/G/F/B/S Office No.1, 1St Floor, Subhash Chowk, Near Hira Sweets, Vikas Marg, Lax, Mi Nagar, New Delhi	east delhi b 32 delhi u g f b south office no1 1st floor subhash chowk near hira sweets vikas marg lax mi nagar new delhi
train_source1	S1-423561595	Jain Finance Private Limited	jain finance private limited	jain finance	Plot No.38, Ayodhya Nagar, Andada, Ankleshwar, Anklesvar, Bharuch, Gujarat	plot no38 ayodhya nagar andada ankleshwar anklesvar bharuch gujarat
train_source1	S1-449251995	WL Terry Private Limited	wl terry private limited	wl terry	292, Kannapalayam, Poonamallee, Poonamalee, Tiruvallur, Tamil Nadu	292 kannapalayam poonamallee poonamalee tiruvallur tamil nadu
train_source1	S1-940475059	Waxman, Fein & Canales Metal	waxman fein and canales metal	waxman fein and canales metal	Fl 0, MD, 916 Crain Highway, Glen Burnie	fl 0 md 916 crain highway glen burnie
train_source1	S1-283259550	Sky Infrastructure Private Limited	sky infrastructure private limited	sky infrastructure	Flat No 201, Monalisa Hights, H. No. 120 124, Thane Belapur Road, Digha, Navi Mumbai, Thane, Maharashtra	flat number 201 monalisa hights h number 120 124 thane belapur road digha navi mumbai thane maharashtra
train_source1	S1-149458465	Patriot Committee L.L.C.	patriot committee llc	patriot committee	957 Cr 905, Green Forest, AR	957 cr 905 green forest ar
train_source1	S1-672296545	Desert Prairie Virginia L.L.C.	desert prairie virginia llc	desert prairie virginia	73 Willow Parkway, IL, Buffalo Grove	73 willow parkway il buffalo grove
train_source1	S1-753495835	Orbic Indigo	orbic indigo	orbic indigo	1779 Mill Lane, Millcreek, UT	1779 mill lane millcreek ut
train_source1	S1-843445319	Online Tree	online tree	online tree	H-3 Shivaji Park, Punjabi Bagh, New Delhi, Delhi	h 3 shivaji park punjabi bagh new delhi delhi
train_source1	S1-419498841	Bangalore Residency Pvt Ltd	bangalore residency pvt ltd	bangalore residency	No 29 Sri Sabari 7Th Cross Bhawaninagar Christ School Road, Bangalore, Karnataka	number 29 sri sabari 7th cross bhawaninagar christ school road bangalore karnataka
train_source1	S1-783575505	Aditya Best International Private Limited	aditya best international private limited	aditya best international	60Ff, Gajanand Park Soc-2, B/H Chikuvadi, Puna Road, Choryasi, Surat, Gujarat	60ff gajanand park soc 2 b h chikuvadi puna road choryasi surat gujarat
train_source1	S1-207436232	Baltana Labs LLP	baltana labs llp	baltana labs	Shop No 25-26, First Floor Kalka Shimla Highway, Wadhava Nagar, Baltana, Mohali, Punjab	shop number 25 26 first floor kalka shimla highway wadhava nagar baltana mohali punjab
train_source1	S1-526403434	Vanguard Communications Associates	vanguard communications associates	vanguard communications associates	5563 Reidenbach Road, South Beloit, IL	5563 reidenbach road south beloit il
train_source1	S1-437313797	South Sui LLC	south sui llc	south sui	5838 Scenic Ridge Loop, Yakima, WA	5838 scenic ridge loop yakima wa
train_source1	S1-366679144	Shyam Builders Limited	shyam builders limited	shyam builders	Opp. Jalandhar Kunj Colony, Village Wariana, Jalandhar - I, Jalandhar, Punjab	opposite jalandhar kunj colony village wariana jalandhar i jalandhar punjab
train_source1	S1-566297148	Cyb's Capital Hospitality	cybs capital hospitality	cybs capital hospitality	21 Escondido Point, La Cueva, NM	21 escondido point la cueva nm
train_source1	S1-886782907	Barb Moon, DDS	barb moon dds	barb moon dds	877 Cherokee Avenue, Atlanta, GA	877 cherokee avenue atlanta ga
train_source1	S1-76740440	Life Developers Private Limited	life developers private limited	life developers	Bangalore, Karnataka, Muni Rama Reddy Building, 1St Floor Mangammana Palya Road, Bommanahalli, Bangalore, No-113/3B	bangalore karnataka muni rama reddy building 1st floor mangammana palya road bommanahalli bangalore number 113 3b
train_source1	S1-685136113	Noble Advisors	noble advisors	noble advisors	No 13 - 14, 1St Floor, Sv Complex, Navodaya Nagar, Kothanur Main Road, Jp Nagar, 7Th Phase, Bangalore South, Bangalore, Karnataka	number 13 14 1st floor sv complex navodaya nagar kothanur main road jp nagar 7th phase bangalore south bangalore karnataka
train_source1	S1-199042405	Auto India Private Limited	auto india private limited	auto india	Delhi, North West, Delhi, 1106, Gd-Itl Tower, Netaji Subhash Place Pitampura	delhi north west delhi 1106 gd itl tower netaji subhash place pitampura
train_source1	S1-528564226	Sorensen's Supply Inc	sorensens supply inc	sorensens supply	641 La Grange Road, La Grange, IL	641 la grange road la grange il
train_source1	S1-382072597	Lotus Developers Private Limited	lotus developers private limited	lotus developers	Kolkata, 14J, Howrah, West Bengal, Station Road Dhakuria, Kolkata	kolkata 14j howrah west bengal station road dhakuria kolkata
train_source1	S1-510655095	Bev Walker Regional Taxable LLC	bev walker regional taxable llc	bev walker regional taxable	161 Emily Lane, Oneida, TN	161 emily lane oneida tn
train_source1	S1-406508866	Allied Modern Mortgage LLC	allied modern mortgage llc	allied modern mortgage	14072 431, Tyler, TX	14072 431 tyler tx
train_source1	S1-533784843	Superior Learning Works Inc.	superior learning works inc	superior learning works	4532 Kirkwood Avenue, Prescott Valley, AZ	4532 kirkwood avenue prescott valley az
train_source1	S1-394715818	Raisoni Ventures Private Limited	raisoni ventures private limited	raisoni ventures	R.S.No.1019/1, Fl.No. Fo-4, Siddhivinayak Pride, Kalamba Ring Road, Karvir, Kolhapur, Maharashtra	rsno1019 1 flno fo 4 siddhivinayak pride kalamba ring road karvir kolhapur maharashtra
train_source1	S1-83312074	South Ad Private Limited	south ad private limited	south ad	B-36, Paradise Industrial Park, Village - Vasna Chacharwadi, Sanand, Ahmedabad, Gujarat	b 36 paradise industrial park village vasna chacharwadi sanand ahmedabad gujarat
train_source1	S1-740533054	Sd Academy Partners	sd academy partners	sd academy partners	885, Lake Town, Block - A Ground Floor, Kolkata, Kolkata, Howrah, West Bengal	885 lake town block a ground floor kolkata kolkata howrah west bengal
train_source1	S1-929826833	Ivenance Fuels LLC	ivenance fuels llc	ivenance fuels	748 Greenwich Place, Richlands, NC	748 greenwich place richlands nc
train_source1	S1-683192018	Gurgaon (india) Co	gurgaon india co	gurgaon india	Ground Floor, Tower B, Buliding No. 5, Dlf Cyber City Phase Iii, Gurgaon, Haryana	ground floor tower b buliding number 5 dlf cyber city phase iii gurgaon haryana
train_source1	S1-757939813	Internal Medicine Apex Health Inc	internal medicine apex health inc	internal medicine apex health	108 Jean Road, Stevensville, MD	108 jean road stevensville md
train_source1	S1-735663405	Natalee's Modern Mortgage	natalees modern mortgage	natalees modern mortgage	2 Karow Court, Chestnut Ridge, NY	2 karow court chestnut ridge ny
train_source1	S1-487281101	Kinetic Industries Group	kinetic industries group	kinetic industries group	Nagpur, Maharashtra, Vidhya Vihar Pratap Nagar, Nagpur, Plot No 11	nagpur maharashtra vidhya vihar pratap nagar nagpur plot number 11
train_source1	S1-236295728	Lewis All Plus LLC	lewis all plus llc	lewis all plus	2600 Lakeland Trail, Birmingham, AL	2600 lakeland trail birmingham al
train_source1	S1-275483592	Carree Martin Acres Inc	carree martin acres inc	carree martin acres	3163 Silver Oak Trl, Marion, IA	3163 silver oak trl marion ia
train_source1	S1-241480437	Foot & Ankle Heritage Medicine LLC	foot and ankle heritage medicine llc	foot and ankle heritage medicine	8 Road 2970, Aztec, NM	8 road 2970 aztec nm
train_source1	S1-864085570	Shyam Management	shyam management	shyam management	Venkatadri Building, Msk Mill Road, Gulbarga, Karnataka	venkatadri building msk mill road gulbarga karnataka
train_source1	S1-966587445	Preferred Apple	preferred apple	preferred apple	1921 Spencer Street, NC, Greensboro	1921 spencer street nc greensboro
train_source1	S1-698319487	Bright Disciplined	bright disciplined	bright disciplined	1780 Cochise Stronghold Road, Cochise, AZ	1780 cochise stronghold road cochise az
train_source1	S1-697463198	Banwari (India) Marketing Pvt. Ltd.	banwari india marketing pvt ltd	banwari india marketing	Flat No. 3C, The Tounne House, No. 6 Haudin Road, Shivanchetty Garden Po, Ulsoor, Bangalore North, Bangalore, Karnataka	flat number 3c the tounne house number 6 haudin road shivanchetty garden po ulsoor bangalore north bangalore karnataka
train_source1	S1-667800903	Sterling Cleaning Service LLC	sterling cleaning service llc	sterling cleaning service	18214 Drum Heller Lane, Tomball, TX	18214 drum heller lane tomball tx
train_source1	S1-187164752	Sun Nursing Home	sun nursing home	sun nursing home	1St Floor, Upkar Layout, Rto Main Road, Near Jnanabharathi Rto, Bangalore, No 477, Karnataka, Bangalore	1st floor upkar layout rto main road near jnanabharathi rto bangalore number 477 karnataka bangalore
train_source1	S1-975759136	Chiropractic Star Specialists	chiropractic star specialists	chiropractic star specialists	2807 Northlake Drive, Henrico County, VA	2807 northlake drive henrico county va
train_source1	S1-861507912	Moore Lng, L.L.C.	moore lng llc	moore lng	4731 Exeter Street, Fairfax County, VA	4731 exeter street fairfax county va
train_source1	S1-596743118	Harbor Guild	harbor guild	harbor guild	35 Lincoln Street, Lewiston, MN	35 lincoln street lewiston mn
train_source1	S1-54921719	Stover, Vasquez & Figaro Silverbox Corp	stover vasquez and figaro silverbox corp	stover vasquez and figaro silverbox	3176 Hwy 95, Hattieville, AR	3176 highway 95 hattieville ar
train_source1	S1-485776900	Moser Jab	moser jab	moser jab	197 Remington Trail, Edwards, CO	197 remington trail edwards co
train_source1	S1-633523699	Urban Diner Inc	urban diner inc	urban diner	18338 Sh 6, Alvin, TX	18338 sh 6 alvin tx
train_source1	S1-951302670	Mahaveer Foods Limited	mahaveer foods limited	mahaveer foods	Plot No-92 Vaish Nagar Dudauli Faizullaganj, Lucknow, Uttar Pradesh	plot number 92 vaish nagar dudauli faizullaganj lucknow uttar pradesh
train_source1	S1-36458946	Mass Servicesprivate Private Limited	mass servicesprivate private limited	mass servicesprivate	28/Ap, 1306, 33 Street 7Th Sector, Kk Nagar, Chennai, Tamil Nadu	28 ap 1306 33 street 7th sector kk nagar chennai tamil nadu
train_source1	S1-30285423	Carpenters Local 747	carpenters local 747	carpenters local 747	23977 Zak Road, Buckeye, AZ	23977 zak road buckeye az
train_source1	S1-210351093	Mumbai Technologies Private Limited	mumbai technologies private limited	mumbai technologies	301 Ackruti Star Central, Rd Midc Mroal Andheri E, Mumbai, Maharashtra	301 ackruti star central road midc mroal andheri east mumbai maharashtra
train_source1	S1-554539288	Myers Hyperliquid LLC	myers hyperliquid llc	myers hyperliquid	2512 Liberty Road, Greensboro, NC	2512 liberty road greensboro nc
train_source1	S1-830737832	Chittaranjan Trading Private Limited	chittaranjan trading private limited	chittaranjan trading	1B/204, N G Suncity Phase-1, Hakur Village Kandivali East, Mumbai, Mumbai City, Maharashtra	1b 204 north g suncity phase 1 hakur village kandivali east mumbai mumbai city maharashtra
train_source1	S1-203404916	Paine Pioneer Activate LLC	paine pioneer activate llc	paine pioneer activate	1301 Monticello Avenue, Sioux Falls, SD	1301 monticello avenue sioux falls sd
train_source1	S1-591079835	Foot & Ankle All Clinic LLC	foot and ankle all clinic llc	foot and ankle all clinic	528 Mae Street, Fl 1, Medford, OR	528 mae street fl 1 medford or
train_source1	S1-73968355	Annamarie F. Rowe, DO	annamarie f rowe do	annamarie f rowe do	100 Hillcrest Drive, Hamilton, MT	100 hillcrest drive hamilton mt
train_source1	S1-423558479	Betsey's Total Spa	betseys total spa	betseys total spa	923 Us Highway 77, Bldg none, Rosebud, TX	923 us highway 77 building none rosebud tx
train_source1	S1-921396568	Hotel Management Pvt Ltd	hotel management pvt ltd	hotel management	Unit No. 231, 2Nd Foor, Dlf Star Tower Building Sector-31, Nh-8, Gurugram, Gurugram, Gurgaon, Haryana	unit number 231 2nd foor dlf star tower building sector 31 nh 8 gurugram gurugram gurgaon haryana
train_source1	S1-904740875	Lewis Smart Rocket	lewis smart rocket	lewis smart rocket	7458 Riven Oaks Court, TX, Cypress	7458 riven oaks court tx cypress
train_source1	S1-208793878	Merrile's Peak Diner	merriles peak diner	merriles peak diner	NY, 42 Holmes Street, Islip	ny 42 holmes street islip
train_source1	S1-734200028	Zelda's Blue Transport	zeldas blue transport	zeldas blue transport	Montgomery, AL, 1847 Llanfair Road	montgomery al 1847 llanfair road
train_source1	S1-306354356	Ridge Landscaping Inc	ridge landscaping inc	ridge landscaping	132 851, Smiths Station, AL	132 851 smiths station al
train_source1	S1-84102169	Colonial Capital	colonial capital	colonial capital	1678 475, Sullivan, IN	1678 475 sullivan in
train_source1	S1-925963163	Stein & Santos Inc	stein and santos inc	stein and santos	2406 Pioneer, Puyallup, WA	2406 pioneer puyallup wa
train_source1	S1-431659504	Express Aerospace Works	express aerospace works	express aerospace works	11 Cordelia Way, Vass, NC	11 cordelia way vass nc
train_source1	S1-42620891	Lidyne Karman Inc	lidyne karman inc	lidyne karman	2315 Taylor Avenue, City Of Racine, WI	2315 taylor avenue city of racine wi
train_source1	S1-325873958	Saint Louis Children's Society Co	saint louis childrens society co	saint louis childrens society	8953 Valcour Avenue, Unit APT 1W, Saint Louis, MO	8953 valcour avenue unit apartment 1w saint louis mo
train_source1	S1-981127042	HLN (india) Pvt Ltd	hln india pvt ltd	hln india	Second Floor, Marigold Business Park, Sco 35-36, District Shopping Centre, Ranjit Avenue, Amritsar -I, Amritsar, Punjab	second floor marigold business park sco 35 36 district shopping centre ranjit avenue amritsar i amritsar punjab
train_source1	S1-194449837	Amruta Clinic Associates	amruta clinic associates	amruta clinic associates	Flat No-D/701, Bldg No-4 Sadguru Landmark Kalyan, Thane, Mumbai City, Maharashtra	flat number d 701 building number 4 sadguru landmark kalyan thane mumbai city maharashtra
train_source1	S1-665834015	Orthopedic Total Care Associates Center	orthopedic total care associates center	orthopedic total care associates center	195 South Street, Unit 3, Boston, MA	195 south street unit 3 boston ma
train_source1	S1-665706894	Coimbatore South Software LLP	coimbatore south software llp	coimbatore south software	No 51 Old, Dhamu Nagar Puliakulam, Coimbatore South, Coimbatore, Tamil Nadu	number 51 old dhamu nagar puliakulam coimbatore south coimbatore tamil nadu
train_source1	S1-848917857	The Dent Diner	the dent diner	the dent diner	104 Harvard Road, Norman, OK	104 harvard road norman ok
train_source1	S1-762241152	Premier Finance Pvt Ltd	premier finance pvt ltd	premier finance	E - 182 Lhs Basement Kalkaji, New Delhi, South Delhi, Delhi	east 182 lhs basement kalkaji new delhi south delhi delhi
train_source1	S1-46310979	Commercial Curious of Surat	commercial curious of surat	commercial curious of surat	Plot No - 44, 45, 46, 47, 2Nd Floor, Devam Industrial - 1, Vanz, Near Hojiwala, Aarohi Rmc Plant, Surat, Gujarat	plot number 44 45 46 47 2nd floor devam industrial 1 vanz near hojiwala aarohi rmc plant surat gujarat
train_source1	S1-168393938	Galicia and Lowe LLC	galicia and lowe llc	galicia and lowe	222 Honeysuckle Drive, Saratoga Springs, UT	222 honeysuckle drive saratoga springs ut
train_source1	S1-373571690	Collective	collective	collective	5009 Ravine Park Lane, Sioux City, IA	5009 ravine park lane sioux city ia
train_source1	S1-945702783	Schafer, Orozco & Plascencia Corp	schafer orozco and plascencia corp	schafer orozco and plascencia	403 Grand Avenue, Ada, OH	403 grand avenue ada oh
train_source1	S1-953712905	Caralie Whitney Pinnacle Saul, LLC	caralie whitney pinnacle saul llc	caralie whitney pinnacle saul	VA, Fairfax County, 6178 Arlington Boulevard	va fairfax county 6178 arlington boulevard
train_source1	S1-472314762	Eartha Nguyen Metropolitan Telefonica	eartha nguyen metropolitan telefonica	eartha nguyen metropolitan telefonica	2306 Lily Cove Court, Richmond, TX	2306 lily cove court richmond tx
train_source1	S1-751201325	Hernandez Comstock, LLC	hernandez comstock llc	hernandez comstock	7145 State Route 753, Hillsboro, OH	7145 state route 753 hillsboro oh
train_source1	S1-558942327	Cancer Guild Inc.	cancer guild inc	cancer guild	668 Newport Avenue, Attleboro, MA	668 newport avenue attleboro ma
train_source1	S1-321082989	Bores, Brancato and Mcbrayer Polestar	bores brancato and mcbrayer polestar	bores brancato and mcbrayer polestar	NY, Buffalo, 331 Breckenridge Street	ny buffalo 331 breckenridge street
train_source1	S1-237716459	Metro Council	metro council	metro council	12270 Bali Street, Victorville, CA	12270 bali street victorville ca
train_source1	S1-842896537	Cure Massage	cure massage	cure massage	1223 Luella Street, Fort Worth, TX	1223 luella street fort worth tx
train_source1	S1-2670378	Lion Constructions (India) Private Limited	lion constructions india private limited	lion constructions india	No. 8, 1St Floor, Site No. 7&26, Lakshmi Someswaran Nilaya, Vinayakanagar, Hebbal, Bangalore, Karnataka	number 8 1st floor site number 7 and 26 lakshmi someswaran nilaya vinayakanagar hebbal bangalore karnataka
train_source1	S1-202434240	Family Bay Group	family bay group	family bay group	110 Whip Lane, Fl 0, Glen Burnie, MD	110 whip lane fl 0 glen burnie md
train_source1	S1-399389416	Education Committee VI	education committee vi	education committee vi	3304 54th Street, Fort Smith, AR	3304 54th street fort smith ar
train_source1	S1-602752445	Tirupati Real Consultancy Private Limited	tirupati real consultancy private limited	tirupati real consultancy	11/115, Gwaltoli Maqbara, Gwaltoli, Kanpur Nagar, Uttar Pradesh	11 115 gwaltoli maqbara gwaltoli kanpur nagar uttar pradesh
train_source1	S1-612600067	Ku Organic of New Delhi Limited	ku organic of new delhi limited	ku organic of new delhi	H.No. 47-A First Floor, Gulshan Park, Nangloi, New Delhi, West Delhi, Delhi	hno 47 a first floor gulshan park nangloi new delhi west delhi delhi
train_source1	S1-409209761	Sun Infrastructure Private Limited	sun infrastructure private limited	sun infrastructure	Nautica F-0506 Casa Rio, Kalyan Shil Road, Kalyan, Thane, Maharashtra	nautica f 0506 casa rio kalyan shil road kalyan thane maharashtra
train_source1	S1-508896438	Valley Optimal Home P.C.	valley optimal home pc	valley optimal home pc	275 Mary Knoll Lane, Keysville Town, VA	275 mary knoll lane keysville town va
train_source1	S1-301025029	Bhubaneswar Farmer	bhubaneswar farmer	bhubaneswar farmer	Room No 101A, Flat No 101, Block B, Utkal Villa Apartment, Madhusudan Nagar, Bhubaneswar, Khordha, Orissa	room number 101a flat number 101 block b utkal villa apartment madhusudan nagar bhubaneswar khordha orissa
train_source1	S1-5421384	Primary Care Partners LLC	primary care partners llc	primary care partners	1981 Elk Run Circle, Hatch, UT	1981 elk run circle hatch ut
train_source1	S1-932260031	Sydelle Kuba First Cayman	sydelle kuba first cayman	sydelle kuba first cayman	14845 Upper Birch Creek Drive, Mount Pleasant, UT	14845 upper birch creek drive mount pleasant ut
train_source1	S1-712864914	Modern Bancorporation Inc	modern bancorporation inc	modern bancorporation	239 Farm Road 76, Springfield, MO	239 farm road 76 springfield mo
train_source1	S1-601964566	Sea Holdings	sea holdings	sea holdings	No 11A, Kurinji Apartments, Flat 2C M.G.Road, Shastrinagar, Thiruvanmiyur, Chennai, Tamil Nadu	number 11a kurinji apartments flat 2c mgroad shastrinagar thiruvanmiyur chennai tamil nadu
train_source1	S1-246963651	Associated Mortgage Products LLC	associated mortgage products llc	associated mortgage products	17191 Ivandale Road, Loudoun County, VA	17191 ivandale road loudoun county va
train_source1	S1-894321687	Lissome Traders Care	lissome traders care	lissome traders care	401, 4Flr, Rushiraj Regency, Near Vidya Vikas Cycle, Gangapur Road, Nashik, Maharashtra	401 4flr rushiraj regency near vidya vikas cycle gangapur road nashik maharashtra
train_source1	S1-888227080	Liberty Ftai Associates	liberty ftai associates	liberty ftai associates	CA, 3871 Rancho Road, Redding	ca 3871 rancho road redding
train_source1	S1-541486517	Shakti Projects Private Limited	shakti projects private limited	shakti projects	C-29/69, Lohamandi Maldahiya, Varanasi, Uttar Pradesh	c 29 69 lohamandi maldahiya varanasi uttar pradesh
train_source1	S1-229996942	Choice Blue Procap LLC	choice blue procap llc	choice blue procap	985 K Street, Benicia, CA	985 k street benicia ca
train_source1	S1-800529624	Nickerson and Latham of Mineola	nickerson and latham of mineola	nickerson and latham of mineola	3 Russell Drive, Unit Apartment B53, Mineola, NY	3 russell drive unit apartment b53 mineola ny
train_source1	S1-18726359	Dental Better Specialists LLC	dental better specialists llc	dental better specialists	15240 Cleve Drive, King George County, VA	15240 cleve drive king george county va
train_source1	S1-792131569	Zephus Star LLC	zephus star llc	zephus star	4161 Winged Foot Place, Fl 1, Chandler, AZ	4161 winged foot place fl 1 chandler az
train_source1	S1-449213331	Pediatric Care of City Of Menomonie	pediatric care of city of menomonie	pediatric care of city of menomonie	915 Juniper Court, City Of Menomonie, WI	915 juniper court city of menomonie wi
train_source1	S1-904153344	Sun Law Chambers	sun law chambers	sun law chambers	Plot No. 2-32/A, D.No. 2-2 Sks Mega Township, Ganganapalli, Kakinada, East Godavari, Andhra Pradesh	plot number 2 32 a dno 2 2 sks mega township ganganapalli kakinada east godavari andhra pradesh
train_source1	S1-962978614	Corner Diner Group	corner diner group	corner diner group	764 Sandstone Ridge, Cold Spring, KY	764 sandstone ridge cold spring ky
train_source1	S1-222681224	Choice Total Inc	choice total inc	choice total	Santa Rosa, TX, 17895 Fm 506	santa rosa tx 17895 fm 506
train_source1	S1-804257536	Kalyankari Hospital	kalyankari hospital	kalyankari hospital	Mumbai, Abhijit Flat No 9Plot No B-9 N S Road No11 Kapole Co-Op Hsg Soc Ltd, Maharashtra, J V P D Scheme, Juhu	mumbai abhijit flat number 9plot number b 9 north south road no11 kapole co op hsg soc ltd maharashtra j v p d scheme juhu
train_source1	S1-828167822	Lilas Buck Aspac, Inc	lilas buck aspac inc	lilas buck aspac	1019 Tenth Avenue, Gastonia, NC	1019 tenth avenue gastonia nc
train_source1	S1-293856437	Western Rogers LLC	western rogers llc	western rogers	10438 Silver Fox Drive, Tucson, AZ	10438 silver fox drive tucson az
train_source1	S1-315102620	Rager Resolution LLC	rager resolution llc	rager resolution	1173 Grand Avenue, Carthage, MO	1173 grand avenue carthage mo
train_source1	S1-566384097	South Metropolitan Churchill	south metropolitan churchill	south metropolitan churchill	61 Miller Farms Road, Willington, CT	61 miller farms road willington court
train_source1	S1-462304892	Custom Bright Williams	custom bright williams	custom bright williams	19 Lariat Road, Placitas, NM	19 lariat road placitas nm
train_source1	S1-987010400	Sunrise Consulting Pvt Ltd	sunrise consulting pvt ltd	sunrise consulting	A-3, Shreepal Complex Near Aradhana Cinema, Thane, Maharashtra	a 3 shreepal complex near aradhana cinema thane maharashtra
train_source1	S1-548024059	Stelly Gulf Marshall Inc	stelly gulf marshall inc	stelly gulf marshall	520 Memphis Avenue, Town Of Blooming Grove, WI	520 memphis avenue town of blooming grove wi
train_source1	S1-261345307	Mueller Communications LLC	mueller communications llc	mueller communications	34010 Salal Street, Snoqualmie, WA	34010 salal street snoqualmie wa
train_source1	S1-246574404	Pukhraj Educational Society	pukhraj educational society	pukhraj educational society	44/1095C-2 Mylaady Chambers Lfc Cross Road, Kaloor, Kochi, Ernakulam, Kerala	44 1095c 2 mylaady chambers lfc cross road kaloor kochi ernakulam kerala
train_source1	S1-3341015	Bright Worldwide Inc	bright worldwide inc	bright worldwide	15 Heath Terrace, Unit Apartment 1, Tonawanda, NY	15 heath terrace unit apartment 1 tonawanda ny
train_source1	S1-605304876	Continental Leapfrog PLLC	continental leapfrog pllc	continental leapfrog pllc	3542 Snelling Lane, Marianna, FL	3542 snelling lane marianna fl
train_source1	S1-248810108	Patterson Express Eagle Inc	patterson express eagle inc	patterson express eagle	270 Mobile Drive, Fl 1, Ashland, OR	270 mobile drive fl 1 ashland or
train_source1	S1-237782086	Ridge Committee	ridge committee	ridge committee	1427 Doverside Drive, Apex, NC	1427 doverside drive apex nc
train_source1	S1-323228137	Commission on Transportation	commission on transportation	commission on transportation	14 Village Place, East Haven, CT	14 village place east haven court
train_source1	S1-874930061	Venkateswara Blooms Associates	venkateswara blooms associates	venkateswara blooms associates	C/O Kisan Dada Phadatare, At- Khataval, Post Enkul, Khatav, Satara, Maharashtra	c o kisan dada phadatare at khataval post enkul khatav satara maharashtra
train_source1	S1-288250646	Mercer Bio Inc	mercer bio inc	mercer bio	1412 Leesburg Avenue, Springdale, AR	1412 leesburg avenue springdale ar
train_source1	S1-517915853	Knudson Learning Center	knudson learning center	knudson learning center	135 Osborne Street, Unit Apartment 1, Auburn, NY	135 osborne street unit apartment 1 auburn ny
train_source1	S1-486816598	Balashree Technology Private Limited	balashree technology private limited	balashree technology	56/57, Mumbai City, Maharashtra, Mumbai, Mittal Chambers 228, Nariman Point	56 57 mumbai city maharashtra mumbai mittal chambers 228 nariman point
train_source1	S1-979266640	Sirius Architecture, Inc	sirius architecture inc	sirius architecture	262 Boston Post Road, Unit Suite 2, Port Chester, NY	262 boston post road unit suite 2 port chester ny
train_source1	S1-525614905	Trusted Robotics LLC	trusted robotics llc	trusted robotics	300 Sweathouse Creek Road, Victor, MT	300 sweathouse creek road victor mt
train_source1	S1-535861273	Federal Express Live	federal express live	federal express live	6510 Annandale Road, OH, Mayfield Heights	6510 annandale road oh mayfield heights
train_source1	S1-60414795	James Classic Community, Inc	james classic community inc	james classic community	Unit Apartment 108, 55 Bridge Street, NY, Saugerties	unit apartment 108 55 bridge street ny saugerties
train_source1	S1-548093714	Dental Partners Inc	dental partners inc	dental partners	1106 Kingsway Drive, Unit APT 1, Lorain, OH	1106 kingsway drive unit apartment 1 lorain oh
train_source1	S1-731824678	Hickman Chain Inc	hickman chain inc	hickman chain	168 Warren Road, Brimfield, MA	168 warren road brimfield ma
train_source1	S1-367034090	Prime Imperii	prime imperii	prime imperii	5767 Highway 103, Weir, KS	5767 highway 103 weir ks
train_source1	S1-945077204	Biogen Hospital Private Limited	biogen hospital private limited	biogen hospital	41, Kolkata, Bipin Bihari Ganguly Street, 5Th Floor, Unit No. 5J, Kolkata, Howrah, West Bengal	41 kolkata bipin bihari ganguly street 5th floor unit number 5j kolkata howrah west bengal
train_source1	S1-369538847	Advanced Pioneer PLLC	advanced pioneer pllc	advanced pioneer pllc	Seven Hills, 6639 Glenella Drive, OH	seven hills 6639 glenella drive oh
train_source1	S1-182561046	DV Clear Science Inc	dv clear science inc	dv clear science	13517 Colfax Avenue, Burnsville, MN	13517 colfax avenue burnsville mn
train_source1	S1-65852263	Krishna Multitrade Private Limited	krishna multitrade private limited	krishna multitrade	C/O Amritesh, Uma Shankar Prasad, 71 Behind Keshav Hospital, Saguna, Danapur, Patna, Bihar	c o amritesh uma shankar prasad 71 behind keshav hospital saguna danapur patna bihar
train_source1	S1-991841132	Warner Midwest Gsr	warner midwest gsr	warner midwest gsr	IN, Indianapolis, 7316 Appaloosa Way	in indianapolis 7316 appaloosa way
train_source1	S1-664355108	Eye Partners Inc	eye partners inc	eye partners	2100 Sumner Street, Lincoln, NE	2100 sumner street lincoln ne
train_source1	S1-405074253	New Oil Private Limited	new oil private limited	new oil	F No.206, Bldg No.2, Mont Vert Grande, Sno.122/A Sus Road Pashan, Pune, Maharashtra	f no206 building no2 mont vert grande sno122 a sus road pashan pune maharashtra
train_source1	S1-418840732	Summers Partners PLLC	summers partners pllc	summers partners pllc	Wake Forest, NC, 6324 Wakefalls Drive	wake forest nc 6324 wakefalls drive
train_source1	S1-300368375	Gulbarga Technologies Private Limited	gulbarga technologies private limited	gulbarga technologies	H.No 73, Cci Colony, Indra Nagar, Kurkunta, Sedam, Gulbarga, Karnataka	hno 73 cci colony indra nagar kurkunta sedam gulbarga karnataka
train_source1	S1-724903594	Nexance Consulting	nexance consulting	nexance consulting	4451 Game Farm Road, Urbana, OH	4451 game farm road urbana oh
train_source1	S1-915917021	Naval & Partners Private Limited	naval and partners private limited	naval and partners	Muzaffarpur, Bairiya, Bihar, Ward-10, Near Housing Board Kadri Masjid Po-Kolhua Paigambarpur, Ps-Ahiyapur, Muzaffarpur	muzaffarpur bairiya bihar ward 10 near housing board kadri masjid po kolhua paigambarpur ps ahiyapur muzaffarpur
train_source1	S1-31032794	Fresh Latin PC	fresh latin pc	fresh latin pc	Thousand Oaks, 608 Calle Tulipan, CA	thousand oaks 608 calle tulipan ca
train_source1	S1-180811452	Swastik Management Private Limited	swastik management private limited	swastik management	A-89, Madhu Vihar, Near Patparganj Bust Depot, Delhi, East Delhi, Delhi	a 89 madhu vihar near patparganj bust depot delhi east delhi delhi
train_source1	S1-832050262	Shakti Agro Limited	shakti agro limited	shakti agro	C/O Gurnav Singh Saluja, Beside Zudio, Kultapara, Sadar, Sambalpur, Orissa	c o gurnav singh saluja beside zudio kultapara sadar sambalpur orissa
train_source1	S1-739672849	Upper Valley Long Inc	upper valley long inc	upper valley long	Vandalia, IL, 127 Gallatin Street	vandalia il 127 gallatin street
train_source1	S1-163344744	Prime Life Infotech Limited	prime life infotech limited	prime life infotech	Khasra No. 8//5/8, Village Bhila Jail Road, Subhanpur Road, Kapurthala, Punjab	khasra number 8 5 8 village bhila jail road subhanpur road kapurthala punjab
train_source1	S1-646143601	Aguilar Surgical	aguilar surgical	aguilar surgical	2990 River Road, Grand Island, NY	2990 river road grand island ny
train_source1	S1-267427323	Vi Blevins Catering Inc.	vi blevins catering inc	vi blevins catering	105 Heathfield Drive, Frederick, MD	105 heathfield drive frederick md
train_source1	S1-302155210	Solaris Industries Private Limited	solaris industries private limited	solaris industries	Worli B.D.D Chawl No.103/50, N.G.Bansode Marg, Mumbai, Mumbai City, Maharashtra	worli bdd chawl no103 50 ngbansode marg mumbai mumbai city maharashtra
train_source1	S1-499382294	Blanco Lifesciences	blanco lifesciences	blanco lifesciences	671 Alpha Avenue, Brownsburg, IN	671 alpha avenue brownsburg in
train_source1	S1-172104058	Sahaja Traders Private Limited	sahaja traders private limited	sahaja traders	Unit No B-813 8Th Floor Advant It Park, Plot No 7, Sector 142, Noida, Gautam Buddha Nagar, Uttar Pradesh	unit number b 813 8th floor advant it park plot number 7 sector 142 noida gautam buddha nagar uttar pradesh
train_source1	S1-956991162	Modern Clough	modern clough	modern clough	995 Villa Vista Place, Fl 1, Centerville, OH	995 villa vista place fl 1 centerville oh
train_source1	S1-828302204	Mac Foundation	mac foundation	mac foundation	214 C R Avenue, Kolkata, Calcutta, West Bengal	214 c r avenue kolkata calcutta west bengal
train_source1	S1-803867952	Subhlaxmi Trading Pvt. Ltd.	subhlaxmi trading pvt ltd	subhlaxmi trading	120, 1St Floor, Raj Plaza 24, Shandhanand Marg, Indore, Madhya Pradesh	120 1st floor raj plaza 24 shandhanand marg indore madhya pradesh
train_source1	S1-502280437	Niex LP	niex lp	niex lp	88-12 80 Street, Woodhaven, NY	88 12 80 street woodhaven ny
train_source1	S1-502275537	Suryavanshi Holdings	suryavanshi holdings	suryavanshi holdings	# 309, 4Th B Cross Hrbr Layout, Iii Block, Bangalore, Karnataka	309 4th b cross hrbr layout iii block bangalore karnataka
train_source1	S1-360488265	Jai Systems Private Limited	jai systems private limited	jai systems	19/1276, Indira Nagar, Lucknow, Lucknow, Uttar Pradesh	19 1276 indira nagar lucknow lucknow uttar pradesh
train_source1	S1-78278999	Constancio Green Constellation	constancio green constellation	constancio green constellation	7 Little River Lane, Flat Rock, NC	7 little river lane flat rock nc
train_source1	S1-42637588	Blue Perimeter	blue perimeter	blue perimeter	1137 Glenn Avenue, Springfield, MO	1137 glenn avenue springfield mo
train_source1	S1-665735345	Young's Express Realty	youngs express realty	youngs express realty	210 Pine Knot Lane, Unit 201, Graham, NC	210 pine knot lane unit 201 graham nc
train_source1	S1-210122431	Davis College	davis college	davis college	4556 Indianridge Road, Sylvania, OH	4556 indianridge road sylvania oh
train_source1	S1-678250778	Ace Fish Co	ace fish co	ace fish	501, Maharashtra, Mumbai City, Mumbai, Jyoti Estate, S N Road, Anand Nagar Andheri E	501 maharashtra mumbai city mumbai jyoti estate south north road anand nagar andheri east
train_source1	S1-512725535	Credit Software Systems Inc.	credit software systems inc	credit software systems	1327 5th Street, Attalla, AL	1327 5th street attalla al
train_source1	S1-639091249	Deccan Solutions Limited	deccan solutions limited	deccan solutions	S-8/110 P.S Khajuri, Maqbool Alam Road, Varanasi, Uttar Pradesh	south 8 110 ps khajuri maqbool alam road varanasi uttar pradesh
train_source1	S1-680779707	Shree Apple Company	shree apple company	shree apple	P.No. 66, Kanak Vrindavan Prime, Kanakpura, Sirsi Road, Jaipur, Rajasthan	pno 66 kanak vrindavan prime kanakpura sirsi road jaipur rajasthan
train_source1	S1-432725599	Horak Colonial Johnson	horak colonial johnson	horak colonial johnson	6687 NC211, Lumberton, NC	6687 nc211 lumberton nc
train_source1	S1-558847131	Castellani & Sanders LLC	castellani and sanders llc	castellani and sanders	4062 21st Avenue, Gary, IN	4062 21st avenue gary in
train_source1	S1-731704064	Anchor Supply Holdings	anchor supply holdings	anchor supply holdings	28 Beech Glen Drive, Black Mountain, NC	28 beech glen drive black mountain nc
train_source1	S1-672222074	Behavioral Health Physicians LLC	behavioral health physicians llc	behavioral health physicians	Charlotte, NC, 4021 Browtine Drive	charlotte nc 4021 browtine drive
train_source1	S1-78396716	Foundation Networks Technologies LLP	foundation networks technologies llp	foundation networks technologies	K-118/E-1, Ground Floor, 6Th Avenue, K Block Boughan Villa Apartments, Annanagar(E), Chennai, Tamil Nadu	k 118 east 1 ground floor 6th avenue k block boughan villa apartments annanagare chennai tamil nadu
train_source1	S1-356951822	Signature Global	signature global	signature global	324 Sandpiper Drive, Bethany Beach, DE	324 sandpiper drive bethany beach de
train_source1	S1-550960819	Premier Properties Pvt Ltd	premier properties pvt ltd	premier properties	Haryana, Hisar, Hissar, H No 692 Sector-15A	haryana hisar hissar h number 692 sector 15a
train_source1	S1-485485559	Conner Hospital Corp	conner hospital corp	conner hospital	70 Forest Place, Fredonia, NY	70 forest place fredonia ny
train_source1	S1-556234994	Dane and Conley Inc	dane and conley inc	dane and conley	26 Enos Avenue, Edgartown, MA	26 enos avenue edgartown ma
train_source1	S1-332184455	Li & Turner Inc.	li and turner inc	li and turner	KY, Princeton, 7558 902	ky princeton 7558 902
train_source1	S1-806145538	Global Perfect Exports Pvt Ltd	global perfect exports pvt ltd	global perfect exports	New No.5B, Old No.13, 2Nd Cross Street 3Rd Main Road, Venkateshwara Nagar, Velac, Hery, Chennai, Tamil Nadu	new no5b old no13 2nd cross street 3rd main road venkateshwara nagar velac hery chennai tamil nadu
train_source1	S1-434711227	Hunger Charities	hunger charities	hunger charities	718 Brandywine Avenue, Schenectady, NY	718 brandywine avenue schenectady ny
train_source1	S1-866012426	Iconic & Brothers Associates	iconic and brothers associates	iconic and brothers associates	C-3, Nathubhai Park, St.Xavier'S High School Road, Ahmedabad, Ahmedabad, Gujarat	c 3 nathubhai park stxaviers high school road ahmedabad ahmedabad gujarat
train_source1	S1-370595750	Oliver Service Inc	oliver service inc	oliver service	166 Salisbury Street, Rochester, NY	166 salisbury street rochester ny
train_source1	S1-639870547	Moia Rush LLC	moia rush llc	moia rush	1015 Donovan Briley Boulevard, Unit Apt D, North Little Rock, AR	1015 donovan briley boulevard unit apartment d north little rock ar
train_source1	S1-461834175	Kiernan & Labarre PC	kiernan and labarre pc	kiernan and labarre pc	4768 Bar Neck Road, Tilghman, MD	4768 bar neck road tilghman md
train_source1	S1-267445552	YX Taiwan PC	yx taiwan pc	yx taiwan pc	716 Dividing Road, Fl 0, Severna Park, MD	716 dividing road fl 0 severna park md
train_source1	S1-145391673	Strickland Trust, LLC	strickland trust llc	strickland trust	107 Davis Street, Unit APT 9, AK, Anchorage	107 davis street unit apartment 9 ak anchorage
train_source1	S1-867189499	Caldance Monte LLC	caldance monte llc	caldance monte	875 Academy Street, Charlotte, NC	875 academy street charlotte nc
train_source1	S1-567424927	Happy Auto Body	happy auto body	happy auto body	760 Main Street, Unit 2, Brigham City, UT	760 main street unit 2 brigham city ut
train_source1	S1-105648976	Jolene Farnham Webster L.L.C.	jolene farnham webster llc	jolene farnham webster	IN, 11180 Main Street, Flat Rock	in 11180 main street flat rock
train_source1	S1-892508757	Jarlara Media	jarlara media	jarlara media	108 Rodgers Street, Bluffs, IL	108 rodgers street bluffs il
train_source1	S1-110662739	Sava Pacific Hartford	sava pacific hartford	sava pacific hartford	688 Jackson Park Road, Troutdale, OR	688 jackson park road troutdale or
train_source1	S1-719238784	Optsonex Holdings Group LLC	optsonex holdings group llc	optsonex holdings group	524 Hollingsworth Manor, Elkton, MD	524 hollingsworth manor elkton md
train_source1	S1-483210751	Martinez Colonial Storage Group	martinez colonial storage group	martinez colonial storage group	City Of Oconomowoc, WI, 1120 Shady Lane	city of oconomowoc wi 1120 shady lane
train_source1	S1-110141944	Gulf First Investors Inc	gulf first investors inc	gulf first investors	144 Marywood Drive, High Point, NC	144 marywood drive high point nc
train_source1	S1-657657132	Bragg Allspring	bragg allspring	bragg allspring	1091 Vossclare Lane, Breese, IL	1091 vossclare lane breese il
train_source1	S1-491204002	Elite Delta Evolution Co	elite delta evolution co	elite delta evolution	11101 Resource Parkway, Houston, TX	11101 resource parkway houston tx
train_source1	S1-604117272	Hitech Supreme Services Private Limited	hitech supreme services private limited	hitech supreme services	Koraput, Orissa, Plot No: 423/3669, (Khata No: 65/3205) Tala Indira Nagar Semiliguda	koraput orissa plot number 423 3669 khata number 65 3205 tala indira nagar semiliguda
train_source1	S1-727394581	Regional Chemical Alliance LLC	regional chemical alliance llc	regional chemical alliance	380 Daleville Road, Unit Apartment 52, Willington, CT	380 daleville road unit apartment 52 willington court
train_source1	S1-406806264	Urvi Vidyalaya	urvi vidyalaya	urvi vidyalaya	C/O Himanshu Shankhdhar, H.No 551 Sector 21 Nada Sahib, Haryana, Panchkula	c o himanshu shankhdhar hno 551 sector 21 nada sahib haryana panchkula
train_source1	S1-176496041	Gold Dynamic Properties Limited	gold dynamic properties limited	gold dynamic properties	B-13, Dainik Janyug Apartments, C-1, Vasundhra Enclave, Delhi	b 13 dainik janyug apartments c 1 vasundhra enclave delhi
train_source1	S1-321042893	Bertina M. Rosas, DPM, DDS PC	bertina m rosas dpm dds pc	bertina m rosas dpm dds pc	15852 W Union Road, Unit #136, Beaverton, OR	15852 west union road unit 136 beaverton or
train_source1	S1-319623651	Colonial Rain	colonial rain	colonial rain	3718 Eugene Street, Pulaski County, VA	3718 eugene street pulaski county va
train_source1	S1-28313199	Virtue and Desantis Resource LLC	virtue and desantis resource llc	virtue and desantis resource	1848 Woodstork Lane, Bolivia, NC	1848 woodstork lane bolivia nc
train_source1	S1-767574104	Keystone Corporate	keystone corporate	keystone corporate	30678 Terry Mill Road, Montgomery Creek, CA	30678 terry mill road montgomery creek ca
train_source1	S1-842779104	Doan All Columbia	doan all columbia	doan all columbia	403 Illinois Street, Hooker, OK	403 illinois street hooker ok
train_source1	S1-841015443	Sirodyne LLC	sirodyne llc	sirodyne	319 23rd Street, Virginia Beach City, VA	319 23rd street virginia beach city va
train_source1	S1-918887395	Douglas and Clardy, Inc	douglas and clardy inc	douglas and clardy	616 Baltimore Avenue, Greenfield, OH	616 baltimore avenue greenfield oh
train_source1	S1-541141877	Royal Industrial Advisors LLC	royal industrial advisors llc	royal industrial advisors	395 Witches Rock Road, Bristol, CT	395 witches rock road bristol court
train_source1	S1-517658056	Glyphelle Systems LLC	glyphelle systems llc	glyphelle systems	NC, 2361 Fayetteville Street, Asheboro	nc 2361 fayetteville street asheboro
train_source1	S1-431995033	Internal Medicine Care, LLC	internal medicine care llc	internal medicine care	Greensboro, NC, 321 Regan Street	greensboro nc 321 regan street
train_source1	S1-530898943	NCA Golden Short LLC	nca golden short llc	nca golden short	160 Briarwood Lane, Wilkesboro, NC	160 briarwood lane wilkesboro nc
train_source1	S1-686610815	Womens Health Physicians Corp	womens health physicians corp	womens health physicians	Stafford, KS, 875 10th Street	stafford ks 875 10th street
train_source1	S1-39082718	Quia Partners LLC	quia partners llc	quia partners	13229 Whitaker Way, Portland, OR	13229 whitaker way portland or
train_source1	S1-679619563	Vema Buy Pvt Ltd	vema buy pvt ltd	vema buy	House No 605, Nr Dashama Mandir, Dholakuva, Gandhinagar, Gandhi Nagar, Gujarat	house number 605 near dashama mandir dholakuva gandhinagar gandhi nagar gujarat
train_source1	S1-800687701	Sun Care Private Limited	sun care private limited	sun care	H-No 27 Vitthal Nagar, Lalghati, Huzur, Bhopal, Madhya Pradesh	h number 27 vitthal nagar lalghati huzur bhopal madhya pradesh
train_source1	S1-797086028	Cherice Green Dogecoin LLC	cherice green dogecoin llc	cherice green dogecoin	Robbins, IL, 4112 137th Street	robbins il 4112 137th street
train_source1	S1-250280931	Mcmahon Sterling Soulpower, LLC	mcmahon sterling soulpower llc	mcmahon sterling soulpower	TN, Livingston, 1539 Upper Hilham Road	tn livingston 1539 upper hilham road
train_source1	S1-66330797	Valencia Mercer Eye Care LP	valencia mercer eye care lp	valencia mercer eye care lp	1655 Hoffman Road, Jackson Springs, NC	1655 hoffman road jackson springs nc
train_source1	S1-236397740	One Law Chambers Private Limited	one law chambers private limited	one law chambers	12C/4 Durga Prasanna, Paramhans Road, Kolkata, Kolkata, Howrah, West Bengal	12c 4 durga prasanna paramhans road kolkata kolkata howrah west bengal
train_source1	S1-461144982	Vandana International School	vandana international school	vandana international school	Peoplei, D59/365B, Shivpurva, Varanasi, Uttar Pradesh	peoplei d59 365b shivpurva varanasi uttar pradesh
train_source1	S1-629980998	Signature Cargo Worldwide Care	signature cargo worldwide care	signature cargo worldwide care	51 Lake Lane, Yorkshire, NY	51 lake lane yorkshire ny
train_source1	S1-44206067	YTW Promoters Private Limited	ytw promoters private limited	ytw promoters	Mumbai, 1St Floor Samkeet Aptoffice No 105 Sant Janabai Rd Hanuman Road Vile Parle East, Maharashtra, Mumbai	mumbai 1st floor samkeet aptoffice number 105 sant janabai road hanuman road vile parle east maharashtra mumbai
train_source1	S1-555957831	Shivam Construction Private Limited	shivam construction private limited	shivam construction	Flat No.1806, 18Th Floor, Paraiso Bldg No 2, Kalyan, Kalyan, Thane, Maharashtra	flat no1806 18th floor paraiso building number 2 kalyan kalyan thane maharashtra
train_source1	S1-289445281	Unique Global Pvt Ltd	unique global pvt ltd	unique global	602, 6Th Floor, Bldg No.16, Ajmera Heights Iii Chsl, Yogidham, Kalyan, Thane, Maharashtra	602 6th floor building no16 ajmera heights iii chsl yogidham kalyan thane maharashtra
train_source1	S1-279157594	Urban Tech Private Limited	urban tech private limited	urban tech	Khordha, Orissa, Plot No-1215/1422, Khandagiri Bari, Mouza-Ghatikia, Ps-Khandagiri, Bhubaneswar	khordha orissa plot number 1215 1422 khandagiri bari mouza ghatikia ps khandagiri bhubaneswar
train_source1	S1-704250829	Rocky Apex Arch L.L.C.	rocky apex arch llc	rocky apex arch	IA, 317 Clark Street, Clarinda	ia 317 clark street clarinda
train_source1	S1-326575536	Samruddha Buildcon Pvt. Ltd.	samruddha buildcon pvt ltd	samruddha buildcon	M-71/A, Iiird Floor, Jagatram Park, Laxmi Nagar, Delhi, East Delhi, Delhi	m 71 a iiird floor jagatram park laxmi nagar delhi east delhi delhi
train_source1	S1-471214180	Maxworth Advisors	maxworth advisors	maxworth advisors	Maharashtra, Kumar Kruti Appts, Wadgoan Sheri, Opp Cerebram, It Park, Pune, A8/1204, Pune	maharashtra kumar kruti appts wadgoan sheri opposite cerebram it park pune a8 1204 pune
train_source1	S1-163077720	JI Software Limited	ji software limited	ji software	Howrah, West Bengal, Kolkata, 29-5A, Dr. Ambedkar Sarani, Topsia Road, Kolkata, Vishwakarma Ii	howrah west bengal kolkata 29 5a drive ambedkar sarani topsia road kolkata vishwakarma ii
train_source1	S1-459996080	Express Union, LLC	express union llc	express union	East Aurora, Unit Suite 2, 695 Main Street, NY	east aurora unit suite 2 695 main street ny
train_source1	S1-698662524	Spice Foundation Limited	spice foundation limited	spice foundation	A-60 Avas Vikas Colony, Suraj Kund, Gorakhpur, Uttar Pradesh	a 60 avas vikas colony suraj kund gorakhpur uttar pradesh
train_source1	S1-802120230	Overcash Federal Cms	overcash federal cms	overcash federal cms	3 Cumberland Lane, Lubec, ME	3 cumberland lane lubec me
train_source1	S1-267736961	Gold Financial Pvt Ltd	gold financial pvt ltd	gold financial	Gf, Shop-7, Gayatri Vihar Apartment, 411 (B32Prantika), Garia Garden, South 24 Parganas, West Bengal	gf shop 7 gayatri vihar apartment 411 b32prantika garia garden south 24 parganas west bengal
train_source1	S1-822527440	Autism Assistance Fellowship VI	autism assistance fellowship vi	autism assistance fellowship vi	101 Kirk Street, Mount Vernon, OH	101 kirk street mount vernon oh
train_source1	S1-682477366	Shree Vision Systems Private Limited	shree vision systems private limited	shree vision systems	Block No C/13St Plus D Chs Mulund (W), Mumbai, Mumbai City, Maharashtra	block number c 13st plus d chs mulund west mumbai mumbai city maharashtra
train_source1	S1-827759398	Exotic Foundation	exotic foundation	exotic foundation	No.82, F2, 4Th Street, Maruthinagar, Madambakkam, Chennai, Kancheepuram, Tamil Nadu	no82 f2 4th street maruthinagar madambakkam chennai kancheepuram tamil nadu
train_source1	S1-106775939	Internal Medicine Associates LLC	internal medicine associates llc	internal medicine associates	23351 Zoar Road, Georgetown, DE	23351 zoar road georgetown de
train_source1	S1-312734624	Tedi Cox Intermediate LLC	tedi cox intermediate llc	tedi cox intermediate	Peoria, 417 Western Avenue, IL	peoria 417 western avenue il
train_source1	S1-411146541	Certified Midwest Skin Care Inc	certified midwest skin care inc	certified midwest skin care	108 Grand Avenue, Aurora, IL	108 grand avenue aurora il
train_source1	S1-69232284	VO Japan Inc	vo japan inc	vo japan	9843 Columbine Avenue, Montclair, CA	9843 columbine avenue montclair ca
train_source1	S1-416130915	Mendes and Brundage Retail LLC	mendes and brundage retail llc	mendes and brundage retail	2713 17000E Road, Momence, IL	2713 17000e road momence il
train_source1	S1-155228361	Maa & Co Private Limited	maa and co private limited	maa and	73, Balaji Layout, Mylasandra Village Kengeri Hobli, Bangalore, Karnataka	73 balaji layout mylasandra village kengeri hobli bangalore karnataka
train_source1	S1-983237906	K 8 Certified Living	k 8 certified living	k 8 certified living	26284 29, Heath, AL	26284 29 heath al
train_source1	S1-993246408	Yes (India) Engineering Private Limited	yes india engineering private limited	yes india engineering	Building No. 32/323, Muthambi Road, Koyilandi, Kozhikode, Kerala	building number 32 323 muthambi road koyilandi kozhikode kerala
train_source1	S1-320092458	KFB Integrated Corp	kfb integrated corp	kfb integrated	7 Manor Drive, Unit Apartment D, Queensbury, NY	7 manor drive unit apartment d queensbury ny
train_source1	S1-780400330	Behavioral Health Center L.L.C.	behavioral health center llc	behavioral health center	NC, Morehead City, 1219 Woods Court	nc morehead city 1219 woods court
train_source1	S1-790095129	Blaschke, Keith & Rosen Care	blaschke keith and rosen care	blaschke keith and rosen care	WI, 101 Stroud Street, Village Of Randolph	wi 101 stroud street village of randolph
train_source1	S1-617270932	Zeteex Global, Inc	zeteex global inc	zeteex global	3275 97th Street, Cleveland, OH	3275 97th street cleveland oh
train_source1	S1-626599141	Graham, Angelica, Ph.D., P.C. Group	graham angelica phd pc group	graham angelica phd pc group	120 Steamboat Lane, Unit APT 1, Ballwin, MO	120 steamboat lane unit apartment 1 ballwin mo
train_source1	S1-877292493	Cortez Karman	cortez karman	cortez karman	429 Darlene Lane, Arlington, TX	429 darlene lane arlington tx
train_source1	S1-16839245	Sequoia Galata	sequoia galata	sequoia galata	14 Bay Avenue, Shelter Island, NY	14 bay avenue shelter island ny
train_source1	S1-299453262	New Delhi Esolution Private Limited	new delhi esolution private limited	new delhi esolution	Delhi, New Delhi, Central Delhi, 2176/1Rajguru Road Chuna Mandi Pahar Ganj	delhi new delhi central delhi 2176 1rajguru road chuna mandi pahar ganj
train_source1	S1-539090309	Superior Lane LLC	superior lane llc	superior lane	43 Eagle Street, Philmont, NY	43 eagle street philmont ny
train_source1	S1-297374091	Wood Federal Natural Inc	wood federal natural inc	wood federal natural	5804 Baynebridge Drive, Virginia Beach City, VA	5804 baynebridge drive virginia beach city va
train_source1	S1-198536254	First Finance Limited	first finance limited	first finance	#Vpc No.90/2 At:Mallur Tq: Byadgi, Dt:Haveri, Byadgi, Haveri, Karnataka	vpc no90 2 atmallur tq byadgi dthaveri byadgi haveri karnataka
train_source1	S1-558772965	Sharona Rivera Recruiting L.L.C.	sharona rivera recruiting llc	sharona rivera recruiting	4716 Coke Street, Houston, TX	4716 coke street houston tx
train_source1	S1-241678218	Blue Global Limited	blue global limited	blue global	Shop No 16, Ground Floor Market Block Nehru Nagar, New Delhi, South Delhi, Delhi	shop number 16 ground floor market block nehru nagar new delhi south delhi delhi
train_source1	S1-444109687	Aurify Calamos Corp	aurify calamos corp	aurify calamos	1068 Westridge Drive, Waterville, OH	1068 westridge drive waterville oh
train_source1	S1-181752042	Highland Council	highland council	highland council	4944 300, Fillmore, IN	4944 300 fillmore in
train_source1	S1-404466688	Q 9 Anchor Public LLC	q 9 anchor public llc	q 9 anchor public	225 59th Way, Birmingham, AL	225 59th way birmingham al
train_source1	S1-629464448	Varun Services LLP	varun services llp	varun services	H No. 1207Janta Flatsnear, Gtb Hospital Gtbenclave, North East Delhi, Delhi	h number 1207janta flatsnear gtb hospital gtbenclave north east delhi delhi
train_source1	S1-873588428	Urology Vanguard Associates	urology vanguard associates	urology vanguard associates	350 Bryan Street, Beatrice, AL	350 bryan street beatrice al
train_source1	S1-155505115	Pioneer Rare Corp	pioneer rare corp	pioneer rare	1717 Knolls Drive, Newton, NC	1717 knolls drive newton nc
train_source1	S1-995572998	New Foods Private Limited	new foods private limited	new foods	C-401, Rukmini Vaibhav, Chsl, Azad Nagar 3, Vd Rd, Mumbai, Maharashtra	c 401 rukmini vaibhav chsl azad nagar 3 vd road mumbai maharashtra
train_source1	S1-327405218	City Agrotech Pvt Ltd	city agrotech pvt ltd	city agrotech	Plot No. 11, Hsiidc Complex Sector -33, Near Info City 2, Gurgaon, Haryana	plot number 11 hsiidc complex sector 33 near info city 2 gurgaon haryana
train_source1	S1-510316751	EH Direct James P.C.	eh direct james pc	eh direct james pc	16825 Gravel Hill Road, Milton, DE	16825 gravel hill road milton de
train_source1	S1-196716011	Sunrise Global Private Limited	sunrise global private limited	sunrise global	71/480 (48/743A), Kausalya Nagar Bus Stop, Deshabhimani Road, Ernakulam, Kerala	71 480 48 743a kausalya nagar bus stop deshabhimani road ernakulam kerala
train_source1	S1-927372443	Jai Golden Engineering LLP	jai golden engineering llp	jai golden engineering	Dada Bazarbhartiya Krida Mandir 57 Naigaon Cross Rd Wadala(W), Mumbai, Maharashtra, Mumbai	dada bazarbhartiya krida mandir 57 naigaon cross road wadalaw mumbai maharashtra mumbai
train_source1	S1-632812909	Alto Healthcare Pvt. Ltd.	alto healthcare pvt ltd	alto healthcare	Mahat Road, Cuttack, Orissa	mahat road cuttack orissa
train_source1	S1-259566176	Carpenters Local 555	carpenters local 555	carpenters local 555	20410 Blue Beech Drive, TX, Katy	20410 blue beech drive tx katy
train_source1	S1-448808180	Gurgaon Iv Private Limited	gurgaon iv private limited	gurgaon iv	M-36 Old Dlf, Gurgaon, Haryana	m 36 old dlf gurgaon haryana
train_source1	S1-633198652	Complete Complete Alibaba Inc	complete complete alibaba inc	complete complete alibaba	22 Emerald Ridge Court, Pikesville, MD	22 emerald ridge court pikesville md
train_source1	S1-13855693	Graphics Diagnostics	graphics diagnostics	graphics diagnostics	H No- 966, Sec 9, Panchkula, Ambala City, Panchkula, Haryana	h number 966 sec 9 panchkula ambala city panchkula haryana
train_source1	S1-936319885	Yaksha Group of Companies	yaksha group of companies	yaksha group of companies	8-3-945, F No 501, Ameerpet, Khairatabad, Hyderabad, Telangana	8 3 945 f number 501 ameerpet khairatabad hyderabad telangana
train_source1	S1-355337487	Human Rights Coalition	human rights coalition	human rights coalition	1611 Wiswell Road, Unit 17, Murray, KY	1611 wiswell road unit 17 murray ky
train_source1	S1-319761497	Bihani Trust Associates	bihani trust associates	bihani trust associates	C/O Shri Gautam Krishna, Sanchipatti Bagmali Gachi, Hajipur, Vaishali, Bihar	c o shri gautam krishna sanchipatti bagmali gachi hajipur vaishali bihar
train_source1	S1-967698579	Krishna Global	krishna global	krishna global	520 Diamond Harbour Road, West Bengal, Calcutta, Kolkata	520 diamond harbour road west bengal calcutta kolkata
train_source1	S1-155814648	Sweet Barbershop! Inc	sweet barbershop inc	sweet barbershop	2116 Marsh Lane, Unit 504, Carrollton, TX	2116 marsh lane unit 504 carrollton tx
train_source1	S1-469219828	Right Enterprises Pvt. Ltd.	right enterprises pvt ltd	right enterprises	Ele Nesco It Park Goregaon East Nesco It Building No 4W E Highway., Goregaon East, Mumbai, Maharashtra, 10Th Flr C Wing Near Service Lift	ele nesco it park goregaon east nesco it building number 4w east highway goregaon east mumbai maharashtra 10th floor c wing near service lift
train_source1	S1-705923786	Prue Rice, DO Center	prue rice do center	prue rice do center	826 Three Notch Street, Unit Unit 301, Troy, AL	826 three notch street unit unit 301 troy al
train_source1	S1-562175922	Siify Talon Corporation	siify talon corporation	siify talon	12370 1247, Waynesburg, KY	12370 1247 waynesburg ky
train_source1	S1-28556782	F N & Y Banco Inc	f n and y banco inc	f n and y banco	Vandalia, OH, 714 Buttercup Avenue	vandalia oh 714 buttercup avenue
train_source1	S1-784866179	One Management LLP	one management llp	one management	Flat No. 1, Siddharth Apt East Near Babli Pada, Link Road, Dahisar, Mumbai, Mumbai, Mumbai City, Maharashtra	flat number 1 siddharth apartment east near babli pada link road dahisar mumbai mumbai mumbai city maharashtra
train_source1	S1-20306842	Om Power Private Limited	om power private limited	om power	Bangalore, 10/1, Bangalore 560 052., Karnataka, Ground Floor, Lakshminarayana Complex Palace Road	bangalore 10 1 bangalore 560 052 karnataka ground floor lakshminarayana complex palace road
train_source1	S1-799330644	Monaco Logistics LLC	monaco logistics llc	monaco logistics	513 Palisades Boulevard, Fl 0, Crownsville, MD	513 palisades boulevard fl 0 crownsville md
train_source1	S1-637627315	India Pacific Printing Company	india pacific printing company	india pacific printing	2614, 6Th Floor, The Corenthum, A-41, Sector 62, Noida, Gautam Buddha Nagar, Uttar Pradesh	2614 6th floor the corenthum a 41 sector 62 noida gautam buddha nagar uttar pradesh
train_source1	S1-665989323	Supreme Hospitality Alliance, L.L.C.	supreme hospitality alliance llc	supreme hospitality alliance	285 Antioch Circle, Terre Haute, IN	285 antioch circle terre haute in
train_source1	S1-46615290	Terre Haute Dermatology Anchor Associates LLC	terre haute dermatology anchor associates llc	terre haute dermatology anchor associates	215 Poplar Street, Terre Haute, IN	215 poplar street terre haute in
train_source1	S1-183433043	Corner Pub	corner pub	corner pub	517 Western Avenue, Unit 29, Medford, OR	517 western avenue unit 29 medford or
train_source1	S1-407554487	Spine Sangh	spine sangh	spine sangh	609, Sushant Lok Phase 1, Gurugram, Gurgaon, Haryana	609 sushant lok phase 1 gurugram gurgaon haryana
train_source1	S1-439730777	Royal Business Limited	royal business limited	royal business	H.No. 132, Janta Enclave Dhandra Tehsil Ludhiana West, Ludhiana, Punjab	hno 132 janta enclave dhandra tehsil ludhiana west ludhiana punjab
train_source1	S1-4962711	Meyer, Barnett & Benge	meyer barnett and benge	meyer barnett and benge	6131 Centinella Street, Simi Valley, CA	6131 centinella street simi valley ca
train_source1	S1-185120420	Headline Media Private Limited	headline media private limited	headline media	S.N.-270/1 At.Cinchawad, Tal Malegaon Chinchavd, Malegaon, Nashik, Maharashtra	sn 270 1 atcinchawad tal malegaon chinchavd malegaon nashik maharashtra
train_source1	S1-475750986	Agni Solutions Private Limited	agni solutions private limited	agni solutions	S/O Ubaidullah, Rani Laxmi Bai Complex, Kisan School Campus Old Basti, Basti, Uttar Pradesh	south o ubaidullah rani laxmi bai complex kisan school campus old basti basti uttar pradesh
train_source1	S1-737651716	Patriot Project	patriot project	patriot project	2440 Mc Clintocksburg Road, Deerfield, OH	2440 mc clintocksburg road deerfield oh
train_source1	S1-806442558	Norris Unified Wireless L.L.C.	norris unified wireless llc	norris unified wireless	Glendale, AZ, 7640 Julie Drive	glendale az 7640 julie drive
train_source1	S1-297334093	Ranevue Keystone Edison Inc	ranevue keystone edison inc	ranevue keystone edison	6307 Wimberly Drive, Chattanooga, TN	6307 wimberly drive chattanooga tn
train_source1	S1-845493376	Raven LLC	raven llc	raven	1016 Welch Street, Village Of Belleville, WI	1016 welch street village of belleville wi
train_source1	S1-192986616	Govans Family Blue Center	govans family blue center	govans family blue center	6900 Petworth Road, Govans, MD	6900 petworth road govans md
train_source1	S1-899309274	Valencia Galvez Apogee	valencia galvez apogee	valencia galvez apogee	4043 Coventry Lane, Huron, OH	4043 coventry lane huron oh
train_source1	S1-988173560	Modern Clean Money LLC	modern clean money llc	modern clean money	401 The Greens Circle, Unit 423, Raleigh, NC	401 the greens circle unit 423 raleigh nc
train_source1	S1-438409093	Aditya Impex Private Limited	aditya impex private limited	aditya impex	Flat No 301, A Wing, Ahsa Palms Bldg Shiv Shakti Nagar, Dawadi, Dombivali, Thane, Maharashtra	flat number 301 a wing ahsa palms building shiv shakti nagar dawadi dombivali thane maharashtra
train_source1	S1-341137832	Economic Development Program	economic development program	economic development program	106 Sibley Drive, West Seneca, NY	106 sibley drive west seneca ny
train_source1	S1-286061787	Novio Babcock LLC	novio babcock llc	novio babcock	NC, High Point, 3650 Rising River Lane	nc high point 3650 rising river lane
train_source1	S1-520730944	Aditya Exports Limited	aditya exports limited	aditya exports	06B-105, 6Th Floor, Wework, Spectrum Tower, Mindspace, Chincholi Bunder Road, Malad West, Mumbai, Maharashtra	06b 105 6th floor wework spectrum tower mindspace chincholi bunder road malad west mumbai maharashtra
train_source1	S1-921355244	Silver Market LLC	silver market llc	silver market	397 Main Street, NY, Freeport	397 main street ny freeport
train_source1	S1-198041406	Dorree Torrey Nippon	dorree torrey nippon	dorree torrey nippon	744 Delhi Drive, City Of Socorro, TX	744 delhi drive city of socorro tx
train_source1	S1-528100157	Dental Center Inc	dental center inc	dental center	201 Lee Street, VA, Unit #A202, Suffolk City	201 lee street va unit a202 suffolk city
train_source1	S1-146941945	Gangaksh Chemicals Pvt Ltd	gangaksh chemicals pvt ltd	gangaksh chemicals	Gautam Buddha Nagar, Uttar Pradesh, Floor Gaur City Centre, Gautam Buddha Nagar, Office No Oc540 Fifth	gautam buddha nagar uttar pradesh floor gaur city centre gautam buddha nagar office number oc540 fifth
train_source1	S1-897151714	Red Grill! Inc	red grill inc	red grill	9224 Knoll Crest Loop, Austin, TX	9224 knoll crest loop austin tx
train_source1	S1-36017704	Interstate Guild	interstate guild	interstate guild	13173 Hickory Ridge Road, Bldg 8654, Plain City, OH	13173 hickory ridge road building 8654 plain city oh
train_source1	S1-513215566	Harbor Illumination Corp	harbor illumination corp	harbor illumination	760 Rockdale Road, NC, Vale	760 rockdale road nc vale
train_source1	S1-727791058	Seum Pioneer Deutsche Corp	seum pioneer deutsche corp	seum pioneer deutsche	MA, 13 Amherst Avenue, Agawam	ma 13 amherst avenue agawam
train_source1	S1-594959480	Litecon Photonics LLC	litecon photonics llc	litecon photonics	54 Chippewa Creek Road, Hammond, NY	54 chippewa creek road hammond ny
train_source1	S1-198832266	Classic Custom Fidelity	classic custom fidelity	classic custom fidelity	2804 68th Street, Urbandale, IA	2804 68th street urbandale ia
train_source1	S1-608900722	Basant Fishing Pvt Ltd	basant fishing pvt ltd	basant fishing	Plot No. 21 Village Mitrol, Palwal, Faridabad, Haryana	plot number 21 village mitrol palwal faridabad haryana
train_source1	S1-666553695	High Power Private Limited	high power private limited	high power	D03 Assetz Soul & Soil, Sy 43 & 45 Chikkagubbi Main Road, Bangalore, Karnataka	d03 assetz soul and soil sy 43 and 45 chikkagubbi main road bangalore karnataka
train_source1	S1-540623330	Garland Cummings Atlantic Alussa	garland cummings atlantic alussa	garland cummings atlantic alussa	3088 Iron Mine Spring Road, Oak City, NC	3088 iron mine spring road oak city nc
train_source1	S1-58433955	Stokes, Moreno and Soto Wisekey Partners	stokes moreno and soto wisekey partners	stokes moreno and soto wisekey partners	2426 Thoroughbred Drive, Unit 4110, Bowling Green, KY	2426 thoroughbred drive unit 4110 bowling green ky
train_source1	S1-453268471	Herminia Stafford, CPA, P.C.	herminia stafford cpa pc	herminia stafford cpa pc	70 Bishops Ridge Drive, Albemarle County, VA	70 bishops ridge drive albemarle county va
train_source1	S1-613329027	Houston Family Allied Program	houston family allied program	houston family allied program	7203 Woodsman Trail, Houston, TX	7203 woodsman trail houston tx
train_source1	S1-188695911	Rajawat Consultants Private Limited	rajawat consultants private limited	rajawat consultants	25 Ganesh Chandra Avenue, Kolkata, West Bengal, Calcutta	25 ganesh chandra avenue kolkata west bengal calcutta
train_source1	S1-510312721	Vide Mines Public Limited	vide mines public limited	vide mines public	6 Lalita Park Societynr Ishwarbhuvan Navrangpura, Ahmedabad, Gujarat	6 lalita park societynr ishwarbhuvan navrangpura ahmedabad gujarat
train_source1	S1-117866925	Ho, Hernandez & Nichols	ho hernandez and nichols	ho hernandez and nichols	105 Cherokee Drive, Thomasville, NC	105 cherokee drive thomasville nc
train_source1	S1-44090099	Mandy Salem Iris	mandy salem iris	mandy salem iris	2501 Forest Drive, Unit 166, Village Of Plover, WI	2501 forest drive unit 166 village of plover wi
train_source1	S1-178206037	Rushil Erectors (India) Private Limited	rushil erectors india private limited	rushil erectors india	Ano-338 Plot No- Prakash Enclave, Chakeri, Hal Colony, Kanpur Nagar, Uttar Pradesh	ano 338 plot number prakash enclave chakeri hal colony kanpur nagar uttar pradesh
train_source1	S1-155964028	Vision Group LLC	vision group llc	vision group	AR, Gentry, 13776 Taylor Orchard Road, Unit Apt 3	ar gentry 13776 taylor orchard road unit apartment 3
train_source1	S1-169836978	Precision Metropolitan Cal LLC	precision metropolitan cal llc	precision metropolitan cal	2411 Elmwood Avenue, Kenmore, NY	2411 elmwood avenue kenmore ny
train_source1	S1-915388329	Stueve, Chan & Bauer Gabelli Inc	stueve chan and bauer gabelli inc	stueve chan and bauer gabelli	338 Palmer Avenue, Mamaroneck, NY	338 palmer avenue mamaroneck ny
train_source1	S1-11762665	Raviam Electricity Pvt Ltd	raviam electricity pvt ltd	raviam electricity	Delhi, Vikrant Tower Rajinder Place, New Delhi, 1208	delhi vikrant tower rajinder place new delhi 1208
train_source1	S1-196459131	Bright Finance Private Limited	bright finance private limited	bright finance	Near Ram Lila Ground Po Chamkaur Sahib, Ropar, Rupnagar, Punjab	near ram lila ground po chamkaur sahib ropar rupnagar punjab
train_source1	S1-927698206	Martinez & Ambrosio Prime Inc.	martinez and ambrosio prime inc	martinez and ambrosio prime	3827 Lizard Rock Place, Tucson, AZ	3827 lizard rock place tucson az
train_source1	S1-619173831	Hotel Nidhi Limited	hotel nidhi limited	hotel nidhi	G-191 F/F, Old Seemapuri, Shahdara, Delhi	g 191 f f old seemapuri shahdara delhi
train_source1	S1-786170207	Matti Valverde, DDS LLC	matti valverde dds llc	matti valverde dds	1712 21st Street, Redmond, OR	1712 21st street redmond or
train_source1	S1-328098485	Stevenson Oyster	stevenson oyster	stevenson oyster	4456 Naval Air Road, Unit 41, Port Hueneme, CA	4456 naval air road unit 41 port hueneme ca
train_source1	S1-662614977	All Tech Pvt Ltd	all tech pvt ltd	all tech	Plot No.22, Krishna Nagarannexe Off: Evr Periyar Road, Manapakkam, Chennai - 600 116., Tamil Nadu	plot no22 krishna nagarannexe off evr periyar road manapakkam chennai 600 116 tamil nadu
train_source1	S1-239172760	Services Bright Lines Limited	services bright lines limited	services bright lines	10-2-111, 1St Floor, Street No.6, West Marredpally, Hyderabad, Telangana	10 2 111 1st floor street no6 west marredpally hyderabad telangana
train_source1	S1-352958862	Edmond Payments LLC	edmond payments llc	edmond payments	2304 Yorkshire Court, Edmond, OK	2304 yorkshire court edmond ok
train_source1	S1-385411565	Pioneer Builders	pioneer builders	pioneer builders	WI, 527 Fargo Trail, City Of Madison	wi 527 fargo trail city of madison
train_source1	S1-941796285	Rutter Industries P.C.	rutter industries pc	rutter industries pc	2900 St Rose-lebanon Road, Springfield, KY	2900 street rose lebanon road springfield ky
train_source1	S1-850031175	Millay, Maude, M.D.	millay maude md	millay maude md	5952 Hidden Palms Drive, City Of El Paso, TX	5952 hidden palms drive city of el paso tx
train_source1	S1-760271020	Federal Society	federal society	federal society	7777 Oakwood Street, Ralston, NE	7777 oakwood street ralston ne
train_source1	S1-173339872	Classic Minerals	classic minerals	classic minerals	17640 Maverick Drive, Natrona, WY	17640 maverick drive natrona wy
train_source1	S1-771849721	Green Builders Limited	green builders limited	green builders	2/165, Thuraiyur To, Uppiliyapuram Main Road, Turaiyur, Tiruchirappalli, Tamil Nadu	2 165 thuraiyur to uppiliyapuram main road turaiyur tiruchirappalli tamil nadu
train_source1	S1-472770480	Economic Development Alliance	economic development alliance	economic development alliance	770 Deal Street, Junction City, OR	770 deal street junction city or
train_source1	S1-919733927	Confer's Produce, Inc.	confers produce inc	confers produce	1044 Stonehaven Drive, City Of North Salt Lake, UT	1044 stonehaven drive city of north salt lake ut
train_source1	S1-104866121	Gurgaon Credit Limited	gurgaon credit limited	gurgaon credit	House No 136 Village Bhajgera, Sec 113, Gurgaon, Shop No Gf, Haryana	house number 136 village bhajgera sec 113 gurgaon shop number gf haryana
train_source1	S1-919196591	Golden Foundation Private Limited	golden foundation private limited	golden foundation	202, 2Nd Floor, Plot No. A/15, Jai Krishna Complex, Off Veera Desai Road, Mumbai, Maharashtra	202 2nd floor plot number a 15 jai krishna complex off veera desai road mumbai maharashtra
train_source1	S1-387465863	Ace Textile Technologies Inc	ace textile technologies inc	ace textile technologies	522 Shore Road, Unit Apartment 4LL, Long Beach, NY	522 shore road unit apartment 4ll long beach ny
train_source1	S1-571393401	AH Patriot Fortis Corp	ah patriot fortis corp	ah patriot fortis	1519 Walnut Street, Town Of Pines, IN	1519 walnut street town of pines in
train_source1	S1-566945033	Alexina R. Peterson, MD, PC Clinic	alexina r peterson md pc clinic	alexina r peterson md pc clinic	OH, Harrison Twp, 169 Hillgail Road	oh harrison twp 169 hillgail road
train_source1	S1-758342882	Consulting Pinkrose Impex Pvt Ltd	consulting pinkrose impex pvt ltd	consulting pinkrose impex	Shop No. 8, Csc No. 4 First Floor, Dda Market, Sector-07 Rohini, New Delhi, Delhi	shop number 8 csc number 4 first floor dda market sector 07 rohini new delhi delhi
train_source1	S1-541407190	Premier Media Collective LLC	premier media collective llc	premier media collective	322 Enterprise Boulevard, Lebanon, IN	322 enterprise boulevard lebanon in
train_source1	S1-850606398	Mountain National Pharmaceuticals LLC	mountain national pharmaceuticals llc	mountain national pharmaceuticals	207 Hamilton Street, Wapakoneta, OH	207 hamilton street wapakoneta oh
train_source1	S1-261779770	F & N Metro LLC	f and n metro llc	f and n metro	527 Bighorn Road, Unit 302, Naperville, IL	527 bighorn road unit 302 naperville il
train_source1	S1-315431680	Marisa Pennington, D.O.	marisa pennington do	marisa pennington do	101 Phoenix Circle, York County, VA	101 phoenix circle york county va
train_source1	S1-677712937	Infrastructure United Investments Limited	infrastructure united investments limited	infrastructure united investments	12/147, Link Road, Near Hans Dharamkanta Nunhai, Agra, Uttar Pradesh	12 147 link road near hans dharamkanta nunhai agra uttar pradesh
train_source1	S1-321907297	Roseann Amos Trusted Goldman LLC	roseann amos trusted goldman llc	roseann amos trusted goldman	14021 Justin Way, Unit 23F, Laurel, MD	14021 justin way unit 23f laurel md
train_source1	S1-953407596	Seema Ventures Ltd	seema ventures ltd	seema ventures	Plot No 10, N-4, Cidco F Sector, Chikalthana, Aurangabad, Maharashtra, C/O Maitreya Ashok Mudkavi	plot number 10 north 4 cidco f sector chikalthana aurangabad maharashtra c o maitreya ashok mudkavi
train_source1	S1-669043829	Colon First City	colon first city	colon first city	405 Barcelona Drive, City Of El Paso, TX	405 barcelona drive city of el paso tx
train_source1	S1-201953835	Anderson and Baker Adamas	anderson and baker adamas	anderson and baker adamas	12106 Proctor, Houston, TX	12106 proctor houston tx
train_source1	S1-857839601	Rocky Fellowship	rocky fellowship	rocky fellowship	14722 Caprio Avenue, Spokane Valley, WA	14722 caprio avenue spokane valley wa
train_source1	S1-960605766	Chennai Roads Private Limited	chennai roads private limited	chennai roads	No. 109, Ground Floor, First Street Shanthy Nagar, Radha Nagar Chromepet, Chennai, Tamil Nadu	number 109 ground floor first street shanthy nagar radha nagar chromepet chennai tamil nadu
train_source1	S1-823070959	Guru Consultancy Private Limited	guru consultancy private limited	guru consultancy	129/130 Bhagwan Nagar 2Nd Floor Near Balasahib Gurudwara Ashram Jungpura S.O.South Delh, I, New Delhi, South Delhi, Delhi	129 130 bhagwan nagar 2nd floor near balasahib gurudwara ashram jungpura sosouth delh i new delhi south delhi delhi
train_source1	S1-990163439	Chambliss & Shuler Willow Inc	chambliss and shuler willow inc	chambliss and shuler willow	202 Cedar Street, Kuttawa, KY	202 cedar street kuttawa ky
train_source1	S1-422131594	East Activate	east activate	east activate	2275 Northampton Street, Unit 9, Holyoke, MA	2275 northampton street unit 9 holyoke ma
train_source1	S1-451678478	Sahni Engineering Private Limited	sahni engineering private limited	sahni engineering	Mampilli House Peruvaram, North Paravoor, Ernakulam, Kerala	mampilli house peruvaram north paravoor ernakulam kerala
train_source1	S1-927596416	Star Software Union	star software union	star software union	8301 Springwood Creek Lane, Houston, TX	8301 springwood creek lane houston tx
train_source1	S1-397081662	Chiropractic Health LLC	chiropractic health llc	chiropractic health	3924 Bel Pre Road, Silver Spring, MD	3924 bel pre road silver spring md
train_source1	S1-611958238	JGX Graf LLC	jgx graf llc	jgx graf	Alexandria, IN, 1031 28	alexandria in 1031 28
train_source1	S1-628169346	Kathrine Fox Solana PLLC	kathrine fox solana pllc	kathrine fox solana pllc	9907 Kenmont Ln, Creekside, KY	9907 kenmont lane creekside ky
train_source1	S1-317277042	Glaze's Excavation	glazes excavation	glazes excavation	Harrisonburg City, 1951 Evelyn Byrd Avenue, VA	harrisonburg city 1951 evelyn byrd avenue va
train_source1	S1-928763911	L+ Kogyo	l kogyo	l kogyo	2324 Evenson Drive, City Of Onalaska, WI	2324 evenson drive city of onalaska wi
train_source1	S1-431830647	Golden Properties Pvt Ltd	golden properties pvt ltd	golden properties	Dss-378, Hisar, Sector 16-17, Hisar, Haryana	dss 378 hisar sector 16 17 hisar haryana
train_source1	S1-633523724	Asset Building Center	asset building center	asset building center	991 100, Richfield City, UT	991 100 richfield city ut
train_source1	S1-396448962	Industries Boom Info Private Limited	industries boom info private limited	industries boom info	2-B/9 Piramal Nagar Goregaon (W), Mumbai, Mumbai City, Maharashtra	2 b 9 piramal nagar goregaon west mumbai mumbai city maharashtra
train_source1	S1-810060607	Paine Secure Wisconsin LLC	paine secure wisconsin llc	paine secure wisconsin	12513 Crystal Ridge Drive, City Of El Paso, TX	12513 crystal ridge drive city of el paso tx
train_source1	S1-641622504	Kugler & Perez Inc	kugler and perez inc	kugler and perez	13 Schoppe Drive, Orono, ME	13 schoppe drive orono me
train_source1	S1-291219991	High Foods Private Limited	high foods private limited	high foods	3/144-1, Golla Street, Pyalakurthy Village, Kodumur, Kurnool, Andhra Pradesh	3 144 1 golla street pyalakurthy village kodumur kurnool andhra pradesh
train_source1	S1-302623297	Jain Healthcare Private Limited	jain healthcare private limited	jain healthcare	B-73, Sector 6, Noida, Ghaziabad, Uttar Pradesh	b 73 sector 6 noida ghaziabad uttar pradesh
train_source1	S1-766392501	Vision Agro Private Limited	vision agro private limited	vision agro	Plot No.14, Street No.8, Ravindra Nagar Colony, Habsiguda, Secunderabad, Hyderabad, Telangana	plot no14 street no8 ravindra nagar colony habsiguda secunderabad hyderabad telangana
train_source1	S1-107913416	Hazelwood Myers LLC	hazelwood myers llc	hazelwood myers	1702 Hanfield Street, Cincinnati, OH	1702 hanfield street cincinnati oh
train_source1	S1-460184656	Pediatric Specialists Inc	pediatric specialists inc	pediatric specialists	4509 Ryan Avenue, Billings, MT	4509 ryan avenue billings mt
train_source1	S1-656871963	Tirupati Ram Infotech Private Limited	tirupati ram infotech private limited	tirupati ram infotech	Unit No 14 Third Floor, Millennium Place, Lucknow, Uttar Pradesh	unit number 14 third floor millennium place lucknow uttar pradesh
train_source1	S1-918742892	Select Horse	select horse	select horse	Griswold, CT, 130 Brewster Road	griswold court 130 brewster road
train_source1	S1-825696206	Keystone Atlas Inc	keystone atlas inc	keystone atlas	86-32 55 Avenue, Elmhurst, NY	86 32 55 avenue elmhurst ny
train_source1	S1-624888172	Thane Study	thane study	thane study	1021, Flat 208, B Wing, 2Nd Floor Audhumbar Apartment, Balaji Nagar, Bhiwandi, Thane, Maharashtra	1021 flat 208 b wing 2nd floor audhumbar apartment balaji nagar bhiwandi thane maharashtra
train_source1	S1-361263438	Barnes Element	barnes element	barnes element	2905 Casa Del Norte Drive, Albuquerque, NM	2905 casa del norte drive albuquerque nm
train_source1	S1-835204997	Candra Bench, DPM, P.C.	candra bench dpm pc	candra bench dpm pc	Long Island, 90 Leavitt Street, ME	long island 90 leavitt street me
train_source1	S1-310017139	Physical Therapy Physicians	physical therapy physicians	physical therapy physicians	2874 Avon Geneseo Road, Avon, NY	2874 avon geneseo road avon ny
train_source1	S1-467918423	Platinum Integrated Couture LLC	platinum integrated couture llc	platinum integrated couture	4407 57th Terrace, Kansas City, MO	4407 57th terrace kansas city mo
train_source1	S1-536406038	Hunger Center	hunger center	hunger center	12302 Andante Drive, Bldg 6001, Herriman Town, UT	12302 andante drive building 6001 herriman town ut
train_source1	S1-517248583	Jineshwar Foods Private Limited	jineshwar foods private limited	jineshwar foods	B2-9 Siddheshwar Nagarairport Road Vishranth Wadi, Pune, Maharashtra	b2 9 siddheshwar nagarairport road vishranth wadi pune maharashtra
train_source1	S1-416542302	Baar Family Office Inc	baar family office inc	baar family office	19826 916 Road, Cookson, OK	19826 916 road cookson ok
train_source1	S1-130047832	Orthopedic Prairie Partners P.C.	orthopedic prairie partners pc	orthopedic prairie partners pc	291 Parker Circle, Wildersville, TN	291 parker circle wildersville tn
train_source1	S1-823609361	Chapa Mountain Fuel LLC	chapa mountain fuel llc	chapa mountain fuel	2798 K-v Road, VA, Lunenburg County	2798 k v road va lunenburg county
train_source1	S1-789426544	Conceicao Atlantic Arch, Inc	conceicao atlantic arch inc	conceicao atlantic arch	126 Beaumont Avenue, Burlington, NC, Unit 7	126 beaumont avenue burlington nc unit 7
train_source1	S1-476195607	Raj Exports LLP	raj exports llp	raj exports	No.57, 9Th Cross, 5Th Main Road, Chamrajpet, Bangalore South, Bangalore, Karnataka	no57 9th cross 5th main road chamrajpet bangalore south bangalore karnataka
train_source1	S1-918043867	Aathi Trading Limited	aathi trading limited	aathi trading	610 Arneja Cornersector 17 Vashi, New Mumbai, Maharashtra	610 arneja cornersector 17 vashi new mumbai maharashtra
train_source1	S1-703289825	Crystal Agricultural Advisors LLC	crystal agricultural advisors llc	crystal agricultural advisors	86 Smith Hill Road, Airmont, NY	86 smith hill road airmont ny
train_source1	S1-454231145	Temple Catholic Church	temple catholic church	temple catholic church	3896 Avondale Road, Williams, AZ	3896 avondale road williams az
train_source1	S1-964555236	Kangarappady Trading Private Limited	kangarappady trading private limited	kangarappady trading	Villa 11, Vineyard Parayil Choorakulam Road, Kangarappady, Ernakulam, Kerala	villa 11 vineyard parayil choorakulam road kangarappady ernakulam kerala
train_source1	S1-100979361	Little Nails	little nails	little nails	9849 Voss Avenue, Keller, TX	9849 voss avenue keller tx
train_source1	S1-95194363	Dream Hotels Pvt Ltd	dream hotels pvt ltd	dream hotels	Flat No -1A, Bhootal, High -Ve- Height Apartment Semra, Chinhat, Lucknow, Uttar Pradesh	flat number 1a bhootal high ve height apartment semra chinhat lucknow uttar pradesh
train_source1	S1-678863564	Sterling Oxley Associates	sterling oxley associates	sterling oxley associates	54 Toews Road, Wolf Point, MT	54 toews road wolf point mt
train_source1	S1-499892148	Metropolitan Media Systems, Inc.	metropolitan media systems inc	metropolitan media systems	6511 Bedford Circle, Fl 0, Derby, KS	6511 bedford circle fl 0 derby ks
train_source1	S1-491664006	Raj Properties	raj properties	raj properties	Office No.7, 9Th Floor, Pinnaacle Corporate Park Condominium Block, Bandra Kurla Complex, Bandra East, Mumbai, Maharashtra	office no7 9th floor pinnaacle corporate park condominium block bandra kurla complex bandra east mumbai maharashtra
train_source1	S1-656199802	BRB Distillery Associates	brb distillery associates	brb distillery associates	Kollam, C/O Salabudeen, Haseenamanzil, Parippally, Kerala, Kollam	kollam c o salabudeen haseenamanzil parippally kerala kollam
train_source1	S1-67674994	Dyanne Vassar Highland Highland LLC	dyanne vassar highland highland llc	dyanne vassar highland highland	3213 64th Street, Seattle, WA	3213 64th street seattle wa
train_source1	S1-922861247	Invixo Pty Private Limited	invixo pty private limited	invixo pty	A-2, Basement Shivalik, Delhi, New Delhi, Delhi	a 2 basement shivalik delhi new delhi delhi
train_source1	S1-535729154	Cozy Diner LLC	cozy diner llc	cozy diner	194 Tafoya Road, Belen, NM	194 tafoya road belen nm
train_source1	S1-990996106	Zsa Zsa Beaulieu Future	zsa zsa beaulieu future	zsa zsa beaulieu future	MN, 23108 127th Street, Glenwood	mn 23108 127th street glenwood
train_source1	S1-11246184	National Education Technologies of Port Neches Inc	national education technologies of port neches inc	national education technologies of port neches	2046 11th Street, Port Neches, TX	2046 11th street port neches tx
train_source1	S1-5864747	A Heritage Quantum L.L.C.	a heritage quantum llc	a heritage quantum	9589 2nd Avenue, Unit 3D, Elk Grove, CA	9589 2nd avenue unit 3d elk grove ca
train_source1	S1-380738770	Vision Industries Group Pvt. Ltd.	vision industries group pvt ltd	vision industries group	Door No. 32/2383-D2, Second Floor K M M Building, Palarivattom, Kochi, Ernakulam, Kerala	door number 32 2383 d2 second floor k m m building palarivattom kochi ernakulam kerala
train_source1	S1-373810395	High Energy Private Limited	high energy private limited	high energy	Plot No A212, R N 30, Thane, Maharashtra	plot number a212 r north 30 thane maharashtra
train_source1	S1-598142896	Reliable Tour Pvt Ltd	reliable tour pvt ltd	reliable tour	98 B, 3Rd Floor, Taimoor Nagar, New Delhi, New Delhi, South Delhi, Delhi	98 b 3rd floor taimoor nagar new delhi new delhi south delhi delhi
train_source1	S1-350653193	Shiva Finance Private Limited	shiva finance private limited	shiva finance	Old 4-B, New 11 Bharathi Park Cross Road 3, Coimabtore, Coimbatore, Tamil Nadu	old 4 b new 11 bharathi park cross road 3 coimabtore coimbatore tamil nadu
train_source1	S1-565844497	Frontier Pediatrics	frontier pediatrics	frontier pediatrics	10413 Sandstone Court, Mentone, CA	10413 sandstone court mentone ca
train_source1	S1-493177664	Spr Trading LLP	spr trading llp	spr trading	783, Yashodama Erandavana Nearkamla Nehru Park, Pune, Maharashtra	783 yashodama erandavana nearkamla nehru park pune maharashtra
train_source1	S1-180853590	Ear Nose & Throat Health	ear nose and throat health	ear nose and throat health	3282 Melrose Road, Roseburg, OR	3282 melrose road roseburg or
train_source1	S1-867365570	Fresh Auto Body	fresh auto body	fresh auto body	202 Knox Drive, Upper Providence Township, PA	202 knox drive upper providence township pa
train_source1	S1-480055007	Kp Active Pvt. Ltd.	kp active pvt ltd	kp active	Hig - 417, Flat No. 202, Manavi Mansion, Iv Phase, Kphb, Hyderabad, Telangana	hig 417 flat number 202 manavi mansion iv phase kphb hyderabad telangana
train_source1	S1-444484227	Wildlife Fellowship, Inc	wildlife fellowship inc	wildlife fellowship	304 Jefferson Street, New London, IA	304 jefferson street new london ia
train_source1	S1-975588880	XBL Kpet	xbl kpet	xbl kpet	459 Carter Road, Plymouth, CT	459 carter road plymouth court
train_source1	S1-278247824	Urban Best International Pvt Ltd	urban best international pvt ltd	urban best international	25/D1 4Th Street Peons Colonly Indranagar Koundampalayam, Coimbatore, Tamil Nadu	25 d1 4th street peons colonly indranagar koundampalayam coimbatore tamil nadu
train_source1	S1-624102029	Hospitality Solutions Ltd	hospitality solutions ltd	hospitality solutions	11- Patel Colony 3 - 4 Naherunagar, Aarav, Jamnagar, Gujarat	11 patel colony 3 4 naherunagar aarav jamnagar gujarat
train_source1	S1-629806428	Oncology Continental Care Associates PLLC	oncology continental care associates pllc	oncology continental care associates pllc	5119 Blondo Street, Omaha, NE	5119 blondo street omaha ne
train_source1	S1-926719833	Pune Energy Private Limited	pune energy private limited	pune energy	201Omsai B Bldg No18B 2Nd Floor Sn 53/3B B. T. Kawade Rd, Taradutt Colony Mundhwa, Pune, Maharashtra	201omsai b building no18b 2nd floor sn 53 3b b t kawade road taradutt colony mundhwa pune maharashtra
train_source1	S1-182136219	Miller Strategic Better LLC	miller strategic better llc	miller strategic better	11277 New Biddinger Road, Harrison, OH	11277 new biddinger road harrison oh
train_source1	S1-328738810	Ace Polestar LLC	ace polestar llc	ace polestar	2205 Wintergreen Drive, Bend, OR	2205 wintergreen drive bend or
train_source1	S1-937066551	Silver Architecture LLC	silver architecture llc	silver architecture	5607 119th Street, Snohomish, WA	5607 119th street snohomish wa
train_source1	S1-831922252	Samriddhi Services Pvt Ltd	samriddhi services pvt ltd	samriddhi services	Bargarh, Orissa, Backside Of Odessey Motor, C/Osantosh Kumar Purohit	bargarh orissa backside of odessey motor c osantosh kumar purohit
train_source1	S1-881510394	Tara (transferred Limited	tara transferred limited	tara transferred	Plot No 01, Heavy Industrial Area, New Power House Road, Jodhpur, Rajasthan	plot number 01 heavy industrial area new power house road jodhpur rajasthan
train_source1	S1-691622069	Shiv Exports Private Limited	shiv exports private limited	shiv exports	Maharashtra, Unit No.10 & 11, Vasai East, Indra Vasahat, Near Navjeevan, Vasai Phata, Thane	maharashtra unit no10 and 11 vasai east indra vasahat near navjeevan vasai phata thane
train_source1	S1-145733157	Vanguard Education Collective	vanguard education collective	vanguard education collective	444 Sandman Drive, Kure Beach, NC	444 sandman drive kure beach nc
train_source1	S1-705440875	Good Consultants Private Limited	good consultants private limited	good consultants	Krushna Diary, Krushna Nagar Main Road, Rajkot, Gujarat	krushna diary krushna nagar main road rajkot gujarat
train_source1	S1-340745284	Premier Construction Services Inc	premier construction services inc	premier construction services	421 Hunter Loop, Bertram, TX	421 hunter loop bertram tx
train_source1	S1-69670668	Redwine Optimal Wintergreen LLC	redwine optimal wintergreen llc	redwine optimal wintergreen	126 Main Street, Unit Unit 3, Souderton Borough, PA	126 main street unit unit 3 souderton borough pa
train_source1	S1-297289817	Blazer Crypto LLC	blazer crypto llc	blazer crypto	269 4013, Palestine, TX	269 4013 palestine tx
train_source1	S1-865415130	Sweet Bakery	sweet bakery	sweet bakery	7257 Holland Hill Lane, IN, Bloomington	7257 holland hill lane in bloomington
train_source1	S1-903808834	Excelsior Solutions Private Limited	excelsior solutions private limited	excelsior solutions	001-2, Sahajeevan Tower (Building No. 53) Sahajeevan Co-Op Hsg Scoiety Ltd, Tilak, Nagar, Mumbai, Mumbai City, Maharashtra	001 2 sahajeevan tower building number 53 sahajeevan co op hsg scoiety ltd tilak nagar mumbai mumbai city maharashtra
train_source1	S1-932043072	Gujarat Construction Private Limited	gujarat construction private limited	gujarat construction	Office No - 01, A-4 First Floor House No 285, Kh No 136/2, Near Shiv Chowk, Rohini Jail Road, Delhi, North West Delhi, Delhi	office number 01 a 4 first floor house number 285 kh number 136 2 near shiv chowk rohini jail road delhi north west delhi delhi
train_source1	S1-676541429	Autism Assistance Coalition	autism assistance coalition	autism assistance coalition	6812 Ohio Street, Omaha, NE	6812 ohio street omaha ne
train_source1	S1-796524983	La Ventures Limited	la ventures limited	la ventures	H.No.8-4-315/20, Prem Nagar, Erragadda, Ameerpet, Hyderabad, Telangana	hno8 4 315 20 prem nagar erragadda ameerpet hyderabad telangana
train_source1	S1-52788209	Classic Impex LLP	classic impex llp	classic impex	Evelina Bldg Flat. 901, Hiranandani Estate Patlipada, Thane, Maharashtra	evelina building flat 901 hiranandani estate patlipada thane maharashtra
train_source1	S1-513467754	Kay Archimedes LLC	kay archimedes llc	kay archimedes	2380 Graves Road, Hebron, KY	2380 graves road hebron ky
train_source1	S1-270971412	Stonecipher Abony LLC	stonecipher abony llc	stonecipher abony	13085 Scott Road, Garden City, KS	13085 scott road garden city ks
train_source1	S1-721837602	White Dynamic Vision	white dynamic vision	white dynamic vision	1140 Newport Common Drive, Unit 107, Knightdale, NC	1140 newport common drive unit 107 knightdale nc
train_source1	S1-613137824	First Transit Corporation	first transit corporation	first transit	89 Highland Avenue, Fl Floor 1, Buffalo, NY	89 highland avenue fl floor 1 buffalo ny
train_source1	S1-326297661	Cox, Caballero and Wester P.C.	cox caballero and wester pc	cox caballero and wester pc	12201 96th Place, Kirkland, WA	12201 96th place kirkland wa
train_source1	S1-431387492	Vanguard Peak Services LLC	vanguard peak services llc	vanguard peak services	IL, Waukegan, Unit APARTMENT 202, 2800 Grand Avenue	il waukegan unit apartment 202 2800 grand avenue
train_source1	S1-622374625	Om Estate Private Limited	om estate private limited	om estate	Gujara Mala, Pune, Maharashtra, Ap Shirur, Tal Shirur, Pune	gujara mala pune maharashtra ap shirur tal shirur pune
train_source1	S1-834828540	Indo Software Private Limited	indo software private limited	indo software	Brahm Singh, Kh.No -208 Shop No-4, Village Kondli, Delhi, East Delhi, Delhi	brahm singh khno 208 shop number 4 village kondli delhi east delhi delhi
train_source1	S1-73905239	Avanti Innovations (India) Private Limited	avanti innovations india private limited	avanti innovations india	D.No 2/145- 6, Salem Main Road, Puduchatram, Namakkal, Tamil Nadu, Namakkal, Tamil Nadu	dno 2 145 6 salem main road puduchatram namakkal tamil nadu namakkal tamil nadu
train_source1	S1-185461178	My Exports Private Limited	my exports private limited	my exports	C/O Gopiram, Hero Chowk, Japani Zone, Neemrana, Alwar, Rajasthan	c o gopiram hero chowk japani zone neemrana alwar rajasthan
train_source1	S1-455541032	Rj Fe Private Limited	rj fe private limited	rj fe	Uttar Pradesh, Banda, C/O Rekha Fatehganj Dadhwa Manpur Naraini, Banda	uttar pradesh banda c o rekha fatehganj dadhwa manpur naraini banda
train_source1	S1-165890090	Bright Products Pvt Ltd	bright products pvt ltd	bright products	B-602, Riddhi Siddhi, Plot 69C Sector 21 Kharghar, Navi Mumbai, Maharashtra	b 602 riddhi siddhi plot 69c sector 21 kharghar navi mumbai maharashtra
train_source1	S1-580832167	Solyn National LLC	solyn national llc	solyn national	20915 San Mar Road, Boonsboro, MD	20915 san mar road boonsboro md
train_source1	S1-346270459	Great All Series Inc.	great all series inc	great all series	13388 91st Place, Maple Grove, MN	13388 91st place maple grove mn
train_source1	S1-28577691	Neale's Biotech	neales biotech	neales biotech	2725 Dumbarton Street, Washington, DC	2725 dumbarton street washington dc
train_source1	S1-673367190	Total Audio Installation Inc	total audio installation inc	total audio installation	Proctor, MN, 9330 Skyline Parkway	proctor mn 9330 skyline parkway
train_source1	S1-200656762	UCE Innovative Technical LLC	uce innovative technical llc	uce innovative technical	4902 Indiana Avenue, Fort Wayne, IN	4902 indiana avenue fort wayne in
train_source1	S1-872978967	Urology Regional Clinic Corp	urology regional clinic corp	urology regional clinic	2220 66th Lane, Phoenix, AZ	2220 66th lane phoenix az
train_source1	S1-709742992	Kolkata (india) Private Limited	kolkata india private limited	kolkata india	91/2, Safuipara, Baidyapata, Arobindo Park P.S. -Kasba, Kolkata, Kolkata, Howrah, West Bengal	91 2 safuipara baidyapata arobindo park ps kasba kolkata kolkata howrah west bengal
train_source1	S1-348673679	PF Communication Private Limited	pf communication private limited	pf communication	S-97, Sec-12, (F.F), Noida, Gautam Buddha Nagar, Uttar Pradesh	south 97 sec 12 ff noida gautam buddha nagar uttar pradesh
train_source1	S1-699941151	Life Projects Private Limited	life projects private limited	life projects	B-204 Puja Appartments Plot No 77 I P Extension Patparganj, Delhi, East Delhi, Delhi	b 204 puja appartments plot number 77 i p extension patparganj delhi east delhi delhi
train_source1	S1-479783161	SZ Optics Inc	sz optics inc	sz optics	3948 Foothill Road, Santa Barbara, CA	3948 foothill road santa barbara ca
train_source1	S1-841602265	Kali Barth Onfolio LLC	kali barth onfolio llc	kali barth onfolio	5226 Peppers Ferry Road, Wythe County, VA	5226 peppers ferry road wythe county va
train_source1	S1-618285952	Arha Software Private Limited	arha software private limited	arha software	20/24 Soundrajan Sreet, Ccc Homes, 'B' Block 2 Nd Floor, Door No S4, T Nager, Chennai, Tamil Nadu	20 24 soundrajan sreet ccc homes b block 2 nd floor door number s4 t nager chennai tamil nadu
train_source1	S1-707760473	Mulford, Ruiz and Singh	mulford ruiz and singh	mulford ruiz and singh	49 Terrace Court, Carmel, IN	49 terrace court carmel in
train_source1	S1-472432286	Keystone Advantage, L.L.C.	keystone advantage llc	keystone advantage	VA, 25 Cottage Circle, Augusta County	va 25 cottage circle augusta county
train_source1	S1-477538874	Nomonet Industries	nomonet industries	nomonet industries	1499 Broadway Road, Dracut, MA	1499 broadway road dracut ma
train_source1	S1-210783960	Metropolitan Power LLC	metropolitan power llc	metropolitan power	288 380, Pleasant Grove, UT	288 380 pleasant grove ut
train_source1	S1-900593758	Sanet, Inc	sanet inc	sanet	50 Monarch Lane, Hutchinson, KS	50 monarch lane hutchinson ks
train_source1	S1-606170022	Blossom Life Pvt. Ltd.	blossom life pvt ltd	blossom life	Unit No 611, Pearls Best Hights-Ii Plot No C-9 Nsp, Pitampura, Delhi, North West, Delhi	unit number 611 pearls best hights ii plot number c 9 nsp pitampura delhi north west delhi
train_source1	S1-783546194	Shiva Health-Chorasi	shiva health chorasi	shiva health chorasi	Bl No.800/2, Sr 864/2, Amroli Sayan Road, Variyav, Chorasi, Surat, Gujarat	bl no800 2 sr 864 2 amroli sayan road variyav chorasi surat gujarat
train_source1	S1-982444906	Digital Investment Private Limited	digital investment private limited	digital investment	Kopri, Thane, Maharashtra, Thane, Anand Aneex Building 2Nd Floor Anand Cinema Compound	kopri thane maharashtra thane anand aneex building 2nd floor anand cinema compound
train_source1	S1-84979808	Ahmedabad Fund	ahmedabad fund	ahmedabad fund	Ahmedabad, Maninagar Sant Punit Road, L.G.Corner, Gujarat, Ahmedabad, Upper Plaza 4 Punit Complextopp. Nelsons High School	ahmedabad maninagar sant punit road lgcorner gujarat ahmedabad upper plaza 4 punit complextopp nelsons high school
train_source1	S1-540257150	Express Design Enterprises Inc	express design enterprises inc	express design enterprises	290 Panorama Drive, Marion Town, VA	290 panorama drive marion town va
train_source1	S1-940391485	Media Ashirbad Techno Pvt. Ltd.	media ashirbad techno pvt ltd	media ashirbad techno	Plot No. 15-16, South Extension Part-1 Opp. Adarsh Public School, Uttamnagar, New Delhi, West Delhi, Delhi	plot number 15 16 south extension part 1 opposite adarsh public school uttamnagar new delhi west delhi delhi
train_source1	S1-357629838	Benitez Metro Newtekone Care	benitez metro newtekone care	benitez metro newtekone care	2436 Highwood Drive, Dallas, TX	2436 highwood drive dallas tx
train_source1	S1-336349403	Yamuva Software LLP	yamuva software llp	yamuva software	P-38, India Exchange Place, Calcutta-1., Calcutta, West Bengal	p 38 india exchange place calcutta 1 calcutta west bengal
train_source1	S1-97005839	ORK Twelve LLC	ork twelve llc	ork twelve	67863 Mesquite Avenue, Salome, AZ	67863 mesquite avenue salome az
train_source1	S1-29507374	Eye Anchor Center LLC	eye anchor center llc	eye anchor center	Waterford, NY, 106 Midway Court	waterford ny 106 midway court
train_source1	S1-751295948	Custom Marine Associates	custom marine associates	custom marine associates	2628 5th Place, Tulsa, OK	2628 5th place tulsa ok
train_source1	S1-954480619	Lissy Hughes Cannabis Inc	lissy hughes cannabis inc	lissy hughes cannabis	8 Highland Street, Unit 1, Rockport, MA	8 highland street unit 1 rockport ma
train_source1	S1-151956591	Q 8 P Made	q 8 p made	q 8 p made	9 Essex Street, Salem, MA	9 essex street salem ma
train_source1	S1-384217569	India Systematix Ups Private Limited	india systematix ups private limited	india systematix ups	Flat No 202 Plot No 56 Kh No 667 2Nd Floor Star Apartment Rithala Village Vijay Vih, Ar Phase 1, Rohini, North Delhi, Delhi	flat number 202 plot number 56 kh number 667 2nd floor star apartment rithala village vijay vih ar phase 1 rohini north delhi delhi
train_source1	S1-324907389	Price, Huddleston and Weibel, LLC	price huddleston and weibel llc	price huddleston and weibel	160 Cannery Ridge Lane, Frederick County, VA	160 cannery ridge lane frederick county va
train_source1	S1-638922585	Huskey and Lopez Churchill PLLC	huskey and lopez churchill pllc	huskey and lopez churchill pllc	214 Andrew Drive, Clarksville, TN	214 andrew drive clarksville tn
train_source1	S1-912858680	Apex Systems Pvt Ltd	apex systems pvt ltd	apex systems	302, 3Rd Fl, Sr. No. 48/13/3, Vijaylaxmi Prestige, Rahatani-Kalewadi Link Road, Rahatani, Pune, Maharashtra	302 3rd fl sr number 48 13 3 vijaylaxmi prestige rahatani kalewadi link road rahatani pune maharashtra
train_source1	S1-245441123	Shareef Devji Street Engineers LLP	shareef devji street engineers llp	shareef devji street engineers	Room No.30, 3Rd Floor, Parkar House, 31/43, Shareef Devji Street, Mumbai, Maharashtra	room no30 3rd floor parkar house 31 43 shareef devji street mumbai maharashtra
train_source1	S1-397453629	Srijan Consultants	srijan consultants	srijan consultants	B-2/259-405, Sadhubela Apartment, Varanasi, Uttar Pradesh	b 2 259 405 sadhubela apartment varanasi uttar pradesh
train_source1	S1-910267858	Heffington College	heffington college	heffington college	197 James David Drive, Point Pleasant, WV	197 james david drive point pleasant wv
train_source1	S1-752939701	Collins, Snyder & Guo Tribeca Inc	collins snyder and guo tribeca inc	collins snyder and guo tribeca	614 Cherry Hill Road, Street, MD	614 cherry hill road street md
train_source1	S1-774934953	Frayda's Security Services Inc.	fraydas security services inc	fraydas security services	3960 Aries Brook Drive, Columbus, OH	3960 aries brook drive columbus oh
train_source1	S1-835419677	Lissi C. Ford, P.A.	lissi c ford pa	lissi c ford pa	N7888 N G, Town Of Oma, WI	n7888 north g town of oma wi
train_source1	S1-898441868	Ferrer Invest LLC	ferrer invest llc	ferrer invest	49 Kibby Lane, Dennis, MA	49 kibby lane dennis ma
train_source1	S1-382930093	Shree Engineering Private Limited	shree engineering private limited	shree engineering	Delhi, Block-E, Pkt-4 Sector-7, Rohini, Delhi, North East, House No.19	delhi block east pkt 4 sector 7 rohini delhi north east house no19
train_source1	S1-509961458	Jcn Producer Private Limited	jcn producer private limited	jcn producer	117/(336C) P Block, Near Gopal Tower Kakadeo, Kanpur, Uttar Pradesh	117 336c p block near gopal tower kakadeo kanpur uttar pradesh
train_source1	S1-344985036	Mashburn Sun LLC	mashburn sun llc	mashburn sun	100 Trinity Court, Unit 229, Perrysburg, OH	100 trinity court unit 229 perrysburg oh
train_source1	S1-74338892	South Care Private Limited	south care private limited	south care	Tibrewal Sadan, Nr Sbi Camp Road, Malegaon, Nashik, Maharashtra	tibrewal sadan near sbi camp road malegaon nashik maharashtra
train_source1	S1-794999036	Chiropractic Rapid Medicine LLC	chiropractic rapid medicine llc	chiropractic rapid medicine	Surgoinsville, TN, 319 Surgoinsville Creek Road	surgoinsville tn 319 surgoinsville creek road
train_source1	S1-989203377	Cure Diner LLC	cure diner llc	cure diner	118 Barryington Drive, Waterloo, IA	118 barryington drive waterloo ia
train_source1	S1-840707969	Ballabgarh Traders Private Limited	ballabgarh traders private limited	ballabgarh traders	D2/22, Sector 10, Ballabgarh, Faridabad, Haryana	d2 22 sector 10 ballabgarh faridabad haryana
train_source1	S1-856490667	Sutherland's Federal Security	sutherlands federal security	sutherlands federal security	2 Bellevue Avenue, NY, Cortland	2 bellevue avenue ny cortland
train_source1	S1-858978488	Bueno, Christian and Seltzer Cal LLC	bueno christian and seltzer cal llc	bueno christian and seltzer cal	60 Webb Road, Windham, ME	60 webb road windham me
train_source1	S1-130018504	Anand Blue Producer	anand blue producer	anand blue producer	Indore, Scheme No 78 Part 2 Vijay Nagar, Madhya Pradesh, Plot No 12	indore scheme number 78 part 2 vijay nagar madhya pradesh plot number 12
train_source1	S1-523623802	Rocky Capital Partners	rocky capital partners	rocky capital partners	526 228th Avenue, Sammamish, WA	526 228th avenue sammamish wa
train_source1	S1-515382913	New Network Corporation	new network corporation	new network	Adda Ransata (Hazipur) Dasuya To Hazipur Road, Hosiarpur, Hoshiarpur, Punjab	adda ransata hazipur dasuya to hazipur road hosiarpur hoshiarpur punjab
train_source1	S1-882835124	Panchganga (India) Software Private Limited	panchganga india software private limited	panchganga india software	#1276, 1St Floor, Keveeb, B/H Vvr School, Next Layout, Doddakannahal, Bangalore, Karnataka	1276 1st floor keveeb b h vvr school next layout doddakannahal bangalore karnataka
train_source1	S1-452737699	Black Solutions Private Limited	black solutions private limited	black solutions	Falt No, 507 5 Th Floormgr Estates Dwarakapuri Colony, Panjagutta, Hyderabad, Telangana	falt number 507 5 th floormgr estates dwarakapuri colony panjagutta hyderabad telangana
train_source1	S1-351950757	Heartland Alliancebernstein LLC	heartland alliancebernstein llc	heartland alliancebernstein	265 Grove Avenue, Cedarhurst, NY	265 grove avenue cedarhurst ny
train_source1	S1-602440532	Falcon LLC	falcon llc	falcon	8848 8th Street, Unit 16B, Phoenix, AZ	8848 8th street unit 16b phoenix az
train_source1	S1-978947873	Great Construction Private Limited	great construction private limited	great construction	At-C/O Kishore Mohanty, S/O-Biduyat Prabha Mohanty, Malipara, Fatak, Sambalpur, Orissa	at c o kishore mohanty south o biduyat prabha mohanty malipara fatak sambalpur orissa
train_source1	S1-740270062	Delhi Chits Private Limited	delhi chits private limited	delhi chits	Je-2, Block-J, Gali No.9, Beri Wala Bagh, Hari Nagar, Near Durga Mandir, Delhi, West Delhi, Delhi	je 2 block j gali no9 beri wala bagh hari nagar near durga mandir delhi west delhi delhi
train_source1	S1-182350424	Royal System	royal system	royal system	9512 Larch Lane, IA, Johnston	9512 larch lane ia johnston
train_source1	S1-916755193	Eye Physicians of Channelview LLC	eye physicians of channelview llc	eye physicians of channelview	1729 Lori Lane, Channelview, TX	1729 lori lane channelview tx
train_source1	S1-986322321	Star Telecom Products	star telecom products	star telecom products	1 Edgewood Court, Chillicothe, OH	1 edgewood court chillicothe oh
train_source1	S1-728332269	Blue Grill LLC	blue grill llc	blue grill	627 5th Street, Clinton, OK	627 5th street clinton ok
train_source1	S1-213301344	Direct Talent Studios Inc	direct talent studios inc	direct talent studios	542 Saratoga Road, Sneads Ferry, NC	542 saratoga road sneads ferry nc
train_source1	S1-292615208	Laxmi Software Private Limited	laxmi software private limited	laxmi software	210, 2Nd Floor, Tv Industrial Estate, S K Ahire Marg, Behind Glaxo, Worli., Mumbai, Mumbai City, Maharashtra	210 2nd floor tv industrial estate south k ahire marg behind glaxo worli mumbai mumbai city maharashtra
train_source1	S1-663434335	Merrielle Welch Precious LP	merrielle welch precious lp	merrielle welch precious lp	MA, 185 Freeman Street, Brookline, Unit 749	ma 185 freeman street brookline unit 749
train_source1	S1-821099846	Kalpetta (India) Infraproject	kalpetta india infraproject	kalpetta india infraproject	G 65 Akalkaji, New Delhi, South Delhi, Delhi	g 65 akalkaji new delhi south delhi delhi
train_source1	S1-776446727	Kian Step Private Limited	kian step private limited	kian step	Vp 89F, Ramaneeyam, Peyad P.O., Neyyattinkara, Thiruvananthapuram, Trivandrum, Kerala	vp 89f ramaneeyam peyad po neyyattinkara thiruvananthapuram trivandrum kerala
train_source1	S1-494965033	1646 Ocean Ave Company	1646 ocean ave company	1646 ocean ave	96 Quincy Street, Rochester, NY	96 quincy street rochester ny
train_source1	S1-317981351	Deleon & Lopez Inc	deleon and lopez inc	deleon and lopez	405 Van Buren Avenue, Saint Paul, MN	405 van buren avenue saint paul mn
train_source1	S1-648289113	Lewis, Courtney and Quintero LLC	lewis courtney and quintero llc	lewis courtney and quintero	5526 Staff Village Drive, Pulaski County, VA	5526 staff village drive pulaski county va
train_source1	S1-979463930	Teel Highview LP	teel highview lp	teel highview lp	450 Brady Beach Road, Russia, NY	450 brady beach road russia ny
train_source1	S1-320400684	Best Tech LLP	best tech llp	best tech	42/J Haramohan Ghosh Lane, Kolkata, Howrah, West Bengal	42 j haramohan ghosh lane kolkata howrah west bengal
train_source1	S1-866832780	Busonor	busonor	busonor	60 Schiller Road, Dedham, MA	60 schiller road dedham ma
train_source1	S1-713599256	Infrastructure Sai Finvest Limited	infrastructure sai finvest limited	infrastructure sai finvest	23, N.W.A. Club Roadpunjabi Bagh, New Delhi, Delhi	23 nwa club roadpunjabi bagh new delhi delhi
train_source1	S1-298877090	Pediatric Specialists of Bear	pediatric specialists of bear	pediatric specialists of bear	430 Corato Court, Bear, DE	430 corato court bear de
train_source1	S1-147569934	Back Alley Nails	back alley nails	back alley nails	8547 Raven Court, Tucson, AZ	8547 raven court tucson az
train_source1	S1-163438271	Davis Enhanced LLC	davis enhanced llc	davis enhanced	800 Ogan Avenue, Grinnell, IA	800 ogan avenue grinnell ia
train_source1	S1-387424759	Bombay New Logistics Private Limited	bombay new logistics private limited	bombay new logistics	3162 Fourth Floor Kucha Tara Chand Daryaganj, New Delhi, Central Delhi, Delhi	3162 fourth floor kucha tara chand daryaganj new delhi central delhi delhi
train_source1	S1-141347038	Keeney Minerals LLC	keeney minerals llc	keeney minerals	9822 Brinzino Court, Elk Grove, CA	9822 brinzino court elk grove ca
train_source1	S1-959580291	Pediatric Dental Atlantic Center Inc	pediatric dental atlantic center inc	pediatric dental atlantic center	214 Carson Cub Court, Montgomery, TX	214 carson cub court montgomery tx
train_source1	S1-755478990	Chiropractic Cascade Group Inc	chiropractic cascade group inc	chiropractic cascade group	2702 Elm Avenue, Enid, OK	2702 elm avenue enid ok
train_source1	S1-371279768	Solex Restaurants Corp	solex restaurants corp	solex restaurants	3008 Kilkenny Road, City Of El Paso, TX	3008 kilkenny road city of el paso tx
train_source1	S1-363752158	RD Hotel LLC	rd hotel llc	rd hotel	16807 Manning Street, CA, Victorville	16807 manning street ca victorville
train_source1	S1-603107324	Keystone Mortgage Holdings	keystone mortgage holdings	keystone mortgage holdings	9835 Newton Avenue, Bloomington, MN	9835 newton avenue bloomington mn
train_source1	S1-185349777	Aditya Investments Limited	aditya investments limited	aditya investments	Survey No 745/1/2Talegaon Dabhade Mumbai Pune Rd, Pune, Maharashtra	survey number 745 1 2talegaon dabhade mumbai pune road pune maharashtra
train_source1	S1-512939885	Lotus Iq LLP	lotus iq llp	lotus iq	207, Maharshi Debendra Road, 4Th Floor Room No. 73A, Kolkata, Kolkata, Howrah, West Bengal	207 maharshi debendra road 4th floor room number 73a kolkata kolkata howrah west bengal
train_source1	S1-253000788	Love, Tyrrell and Vining Giant	love tyrrell and vining giant	love tyrrell and vining giant	603 North Street, Bedford, IA	603 north street bedford ia
train_source1	S1-175689426	Sedona Holdings Gurgaon	sedona holdings gurgaon	sedona holdings gurgaon	3 E 043 Ridgewood Estate Dlf Phase Iv, Gurgaon, Haryana	3 east 043 ridgewood estate dlf phase iv gurgaon haryana
train_source1	S1-781242268	Candid & Sons Limited	candid and sons limited	candid and sons	122 Arenja Arcadesector 17 Vashi, Navi Mumbai, Maharashtra	122 arenja arcadesector 17 vashi navi mumbai maharashtra
train_source1	S1-657626552	Nrr Marketing Private Limited	nrr marketing private limited	nrr marketing	171, Sanzgiri Sadan, 2Nd Floor, A - Block, Girgaum, Mumbai, Mumbai City, Maharashtra	171 sanzgiri sadan 2nd floor a block girgaum mumbai mumbai city maharashtra
train_source1	S1-437426557	National Custom Energy	national custom energy	national custom energy	21 Makawasha Avenue, Crow Agency, MT	21 makawasha avenue crow agency mt
train_source1	S1-274128166	Buus	buus	buus	GA, Atlanta, 455 Ontario Avenue	ga atlanta 455 ontario avenue
train_source1	S1-164676607	Farquhar Arrow of Altamont, LLC	farquhar arrow of altamont llc	farquhar arrow of altamont	TN, Altamont, 247 Lake Drive	tn altamont 247 lake drive
train_source1	S1-13053649	Surya Exports Limited	surya exports limited	surya exports	#128/P2, Epip Ind. Area, Whitefield, Sonnenahalli, Bangalore North, Bangalore, Karnataka	128 p2 epip ind area whitefield sonnenahalli bangalore north bangalore karnataka
train_source1	S1-200004381	Cancer Institute	cancer institute	cancer institute	159-18 43 Avenue, Flushing, NY	159 18 43 avenue flushing ny
train_source1	S1-783570816	Federal Agricultural Networks	federal agricultural networks	federal agricultural networks	2759 Stone Mill Way, Hamilton, OH	2759 stone mill way hamilton oh
train_source1	S1-321805538	Global Broadcast Worldwide L.L.C.	global broadcast worldwide llc	global broadcast worldwide	1027 Oliver Street, Fillmore, CA	1027 oliver street fillmore ca
train_source1	S1-332238776	Ashoka India Pvt. Ltd.	ashoka india pvt ltd	ashoka india	10, Ishan Bunglows, Near Parl Villa Bunglow, Village Shilaj, Taluka Daskroi, Ahmedabad, Gujarat	10 ishan bunglows near parl villa bunglow village shilaj taluka daskroi ahmedabad gujarat
train_source1	S1-289477063	Secure Strategies LLC	secure strategies llc	secure strategies	1001 Battle Creek Way, GA, Atlanta	1001 battle creek way ga atlanta
train_source1	S1-846031257	Libby Xie Continental American LLC	libby xie continental american llc	libby xie continental american	1707 Capitol Avenue, Unit #7, Bismarck, ND	1707 capitol avenue unit 7 bismarck nd
train_source1	S1-184673022	Pune Technology LLP	pune technology llp	pune technology	Ghone Brothers, House No 46 Dhankawadi Gaon, Pune, Maharashtra	ghone brothers house number 46 dhankawadi gaon pune maharashtra
train_source1	S1-999829769	Continental Montessori School	continental montessori school	continental montessori school	200 Fort Meade Road, Unit 1408, Laurel, MD	200 fort meade road unit 1408 laurel md
train_source1	S1-835581754	Cure Coffee	cure coffee	cure coffee	2840 Dave Ward Drive, Unit Apt F2, Conway, AR	2840 dave ward drive unit apartment f2 conway ar
train_source1	S1-874682146	Jay Infrastructure Pvt Ltd	jay infrastructure pvt ltd	jay infrastructure	187 Sainagar Soc, Dindoli, Mangrol, Surat, Gujarat	187 sainagar soc dindoli mangrol surat gujarat
train_source1	S1-700641920	Data Wellness Consultants Inc	data wellness consultants inc	data wellness consultants	48 Garner Street, Unit Apartment A, Cohoes, NY	48 garner street unit apartment a cohoes ny
train_source1	S1-727253169	Gulf Select Spa Inc	gulf select spa inc	gulf select spa	253 Hull Street, Brooklyn, NY	253 hull street brooklyn ny
train_source1	S1-311884968	DW Alpex PC	dw alpex pc	dw alpex pc	5215 Mason Drive, Indianapolis, IN	5215 mason drive indianapolis in
train_source1	S1-243801757	Great International Pvt Ltd	great international pvt ltd	great international	2/23, Dashashree Mali Nagar, Narsing Lane, Malad (W), Opp. N L High School, Mumbai, Mumbai City, Maharashtra	2 23 dashashree mali nagar narsing lane malad west opposite north l high school mumbai mumbai city maharashtra
train_source1	S1-693154681	Better Medical Digital Inc	better medical digital inc	better medical digital	107 Julie Lane, White Oak, WV	107 julie lane white oak wv
train_source1	S1-481586703	Bay Institute	bay institute	bay institute	9313 Shoveler Trail, Fort Worth, TX	9313 shoveler trail fort worth tx
train_source1	S1-209962563	Apex Media Private Limited	apex media private limited	apex media	304, 3Rd Floor, Plot No. 1 Rg Complex, Rohini Sector-8, New Delhi, North West, Delhi	304 3rd floor plot number 1 rg complex rohini sector 8 new delhi north west delhi
train_source1	S1-349027619	Trice Bridge Corp	trice bridge corp	trice bridge	970 89/91, Unit 130, Logan City, UT	970 89 91 unit 130 logan city ut
train_source1	S1-520682975	Cozy Yoga Inc.	cozy yoga inc	cozy yoga	734 Commodore Street, Clayton, NC	734 commodore street clayton nc
train_source1	S1-56483344	Heart Alliance	heart alliance	heart alliance	3334 Cherry Blossom Drive, Fl 1, Olympia, WA	3334 cherry blossom drive fl 1 olympia wa
train_source1	S1-527595287	Silver Tavern!	silver tavern	silver tavern	5626 Welmering Drive, Fl 0, Saint Louis, MO	5626 welmering drive fl 0 saint louis mo
train_source1	S1-352600381	Wt & Co	wt and co	wt and	26, 2Nd Cross, Kudala, Sangamanagar, Kodigehalli, Post, Bangalore North, Bangalore Rural, Karnataka	26 2nd cross kudala sangamanagar kodigehalli post bangalore north bangalore rural karnataka
train_source1	S1-355850450	Fisher Choice Worldwide Inc	fisher choice worldwide inc	fisher choice worldwide	124 Hawthorn Drive, Shelburne, VT	124 hawthorn drive shelburne vt
train_source1	S1-404417181	Thane Villas Co	thane villas co	thane villas	Room No. 101, 1St Floor, Brahma Appt, Suresh Nagar, Thane, Maharashtra	room number 101 1st floor brahma appt suresh nagar thane maharashtra
train_source1	S1-597776332	Oconner Gesher	oconner gesher	oconner gesher	Surprise, 17827 Calavar Road, AZ	surprise 17827 calavar road az
train_source1	S1-6344565	Spring Hope Acadia	spring hope acadia	spring hope acadia	725 Ruffin Collie, Spring Hope, NC	725 ruffin collie spring hope nc
train_source1	S1-277361935	Gray, Gosse & Palmer Kensington LLC	gray gosse and palmer kensington llc	gray gosse and palmer kensington	137 Lillie Road, Stanley, NC	137 lillie road stanley nc
train_source1	S1-130890269	Lpl & Co	lpl and co	lpl and	Showroom No. 2, Temple Road Jayalakshmipuram, Mysuru, Mysore, Karnataka	showroom number 2 temple road jayalakshmipuram mysuru mysore karnataka
train_source1	S1-839917608	WP Prime	wp prime	wp prime	17415 246th Ave, Pleasant Valley, IA	17415 246th avenue pleasant valley ia
train_source1	S1-57396698	Capital Paper, LLC	capital paper llc	capital paper	38837 450th Street, Lengby, MN	38837 450th street lengby mn
train_source1	S1-361080711	Drayium Sachem P.C.	drayium sachem pc	drayium sachem pc	1057 Alton Court, Naperville, IL	1057 alton court naperville il
train_source1	S1-610665482	Corly's Delta Skin Care LLC	corlys delta skin care llc	corlys delta skin care	1503 Bettie Court, Capitol Heights, MD	1503 bettie court capitol heights md
train_source1	S1-953665805	Economic Development Network	economic development network	economic development network	2749 Oberlin Road, Raleigh, NC	2749 oberlin road raleigh nc
train_source1	S1-552544757	N 5 Apex Rail Inc	n 5 apex rail inc	n 5 apex rail	1017 Dogwood Lane, Milwaukie, OR	1017 dogwood lane milwaukie or
train_source1	S1-811793890	Sai Trading	sai trading	sai trading	S-104, Bhagat Singh Colony, Bhiwadi, Alwar, Rajasthan	south 104 bhagat singh colony bhiwadi alwar rajasthan
train_source1	S1-583059672	Back Alley Pizza! Corp	back alley pizza corp	back alley pizza	5337 Glendale Street, Duluth, MN	5337 glendale street duluth mn
train_source1	S1-546682283	Royal Healthcare Private Limited	royal healthcare private limited	royal healthcare	C/O Harpal Singh, Narayanpur Sofa, Aligarh, Uttar Pradesh	c o harpal singh narayanpur sofa aligarh uttar pradesh
train_source1	S1-107328074	Torres Uranium	torres uranium	torres uranium	Rotterdam, NY, 3139 Turnbull Street	rotterdam ny 3139 turnbull street
train_source1	S1-18341117	Preparatory Academy	preparatory academy	preparatory academy	Dyersburg, TN, 422 Fuller Avenue	dyersburg tn 422 fuller avenue
train_source1	S1-534265138	Vanguard Adamas, L.L.C.	vanguard adamas llc	vanguard adamas	128 Crosstrails Road, De Queen, AR	128 crosstrails road de queen ar
train_source1	S1-128207618	Tory Giese Marine LLC	tory giese marine llc	tory giese marine	2524 Woodlyn Way, Unit A, Greensboro, NC	2524 woodlyn way unit a greensboro nc
train_source1	S1-193379835	Satpuda Technology Private Limited	satpuda technology private limited	satpuda technology	S-13, 2Nd Floor, Shivaji Park Punjabi Bagh, New Delhi, Delhi	south 13 2nd floor shivaji park punjabi bagh new delhi delhi
train_source1	S1-65820296	Colonial Society	colonial society	colonial society	411 Main Street, Unit 1, Mechanicsburg Borough, PA	411 main street unit 1 mechanicsburg borough pa
train_source1	S1-446059976	Niex Investments LLC	niex investments llc	niex investments	105 Litchfield Street, Unit APT F149, Coeburn Town, VA	105 litchfield street unit apartment f149 coeburn town va
train_source1	S1-769228954	Wolverton Animal Hospital	wolverton animal hospital	wolverton animal hospital	E9511 1390th Avenue, Town Of Sand Creek, WI	e9511 1390th avenue town of sand creek wi
train_source1	S1-54352084	Total Bright Publishing	total bright publishing	total bright publishing	7421 Treon Place, Huber Heights, OH	7421 treon place huber heights oh
train_source1	S1-253952559	Anand Technologies Limited	anand technologies limited	anand technologies	52, Floor-4Th, Plot-46, Merryland Chs, Dr R G Thadani Marg, Podar Hospital, Worli, Mumbai, Mumbai, Maharashtra	52 floor 4th plot 46 merryland chs drive r g thadani marg podar hospital worli mumbai mumbai maharashtra
train_source1	S1-893159896	All Lease LLC	all lease llc	all lease	950 Bell Road, Phoenix, AZ	950 bell road phoenix az
train_source1	S1-711808948	Parikrama Vyapar Limited	parikrama vyapar limited	parikrama vyapar	Shop No. 5, Jaipur, Shubhash Colony, Keshopura, Ajmer Road, Jaipur, Rajasthan	shop number 5 jaipur shubhash colony keshopura ajmer road jaipur rajasthan
train_source1	S1-335846790	Nelson Premier Steers Corp	nelson premier steers corp	nelson premier steers	123 Flanner Street, Burlington, NC	123 flanner street burlington nc
train_source1	S1-410610117	Deveris Corporation	deveris corporation	deveris	23 Moose Horn Road, Granby, CT	23 moose horn road granby court
train_source1	S1-805811299	Blue Integrated Couture Inc	blue integrated couture inc	blue integrated couture	8937 Golden Sunset Trail, Keller, TX	8937 golden sunset trail keller tx
train_source1	S1-993226934	PAR Services Private Limited	par services private limited	par services	C-1873 18Th Floor Block C Sector-4 Plot No. Gh -01, Avenue Gc 1 Gaur City, Dadri, Gautam Buddha Nagar, Uttar Pradesh	c 1873 18th floor block c sector 4 plot number gh 01 avenue gc 1 gaur city dadri gautam buddha nagar uttar pradesh
train_source1	S1-297343387	Basalt Ubs Inc.	basalt ubs inc	basalt ubs	2109 32nd Avenue, Portland, OR	2109 32nd avenue portland or
train_source1	S1-352812316	Bharat Enterprises Limited	bharat enterprises limited	bharat enterprises	17/1168, A 31 Happy Building 2Nd Floor, Puthiyara, Calicut, Kozhikode, Kerala	17 1168 a 31 happy building 2nd floor puthiyara calicut kozhikode kerala
train_source1	S1-269442618	Gold Energy	gold energy	gold energy	H. No. 7-41/1, Heera, Colony, Hydershahkote, Golconda, Hyderabad, Telangana	h number 7 41 1 heera colony hydershahkote golconda hyderabad telangana
train_source1	S1-20091251	High Agro Limited	high agro limited	high agro	Pl 307 Office Aero Wheelz Sn-17 Opp-Nirmal Park, Dhankawadi Chvanngr, Pune City, Pune, Maharashtra	place 307 office aero wheelz sn 17 opposite nirmal park dhankawadi chvanngr pune city pune maharashtra
train_source1	S1-10458491	Cosentino Lifeco Inc	cosentino lifeco inc	cosentino lifeco	1906 5th Street, Winthrop Harbor, IL	1906 5th street winthrop harbor il
train_source1	S1-670760748	Anguiano Inflection LLC	anguiano inflection llc	anguiano inflection	502 London Square Drive, Clifton Park, NY	502 london square drive clifton park ny
train_source1	S1-767833721	Primary Care Bright Health	primary care bright health	primary care bright health	1247 2nd Avenue, Newport, MN	1247 2nd avenue newport mn
train_source1	S1-366092445	Yang Return LLC	yang return llc	yang return	WI, City Of Sun Prairie, 1334 Overlook Pass	wi city of sun prairie 1334 overlook pass
train_source1	S1-380580331	Aditika Sports Private Limited	aditika sports private limited	aditika sports	Plot No.59-D, G/F, K.H.No.419 Western Green Farm N.H-8, Near Shiv Murti, Delhi, South West Delhi, Delhi	plot no59 d g f khno419 western green farm nh 8 near shiv murti delhi south west delhi delhi
train_source1	S1-890174690	Irvine, Darnell & Wood Inc	irvine darnell and wood inc	irvine darnell and wood	903 Saginaw Bay Court, Spring, TX	903 saginaw bay court spring tx
train_source1	S1-749833591	Desert Paper Inc.	desert paper inc	desert paper	Clarksville, 220 Jeffery Drive, TN	clarksville 220 jeffery drive tn
train_source1	S1-444583674	Pelham Sterling Webster	pelham sterling webster	pelham sterling webster	4000 Redwood Road, Unit 1413, West Valley City, UT	4000 redwood road unit 1413 west valley city ut
train_source1	S1-254658412	Tanu Advisors	tanu advisors	tanu advisors	West Bengal, Dabaipani, Darjiling, Lingsey Khasmahal, Lava Bazar D.I.F., Darjeeling	west bengal dabaipani darjiling lingsey khasmahal lava bazar dif darjeeling
train_source1	S1-68953626	Neff Arc LLC	neff arc llc	neff arc	9128 Rowe Court, Charlotte, NC	9128 rowe court charlotte nc
train_source1	S1-112923460	Miller Best Galaxy Ltd	miller best galaxy ltd	miller best galaxy	24760 276th Place, Maple Valley, WA	24760 276th place maple valley wa
train_source1	S1-804765937	Redwood Recycling Pvt. Ltd.	redwood recycling pvt ltd	redwood recycling	W-23, Midc Industrial Area, Nagpur, Maharashtra	west 23 midc industrial area nagpur maharashtra
train_source1	S1-159303490	Finance Sasa Farmer Private Limited	finance sasa farmer private limited	finance sasa farmer	Room No.Mp7/56, Kuzhiyengal Valayamkandathil House Vilayil Po, Via Kuzhimanna, Malappuram, Malappuram, Malapuram, Kerala	room nomp7 56 kuzhiyengal valayamkandathil house vilayil po via kuzhimanna malappuram malappuram malapuram kerala
train_source1	S1-784514331	Lohman, Richardson & Connor Jewelers Inc	lohman richardson and connor jewelers inc	lohman richardson and connor jewelers	Cleveland, OH, 2463 82nd Street	cleveland oh 2463 82nd street
train_source1	S1-481373239	First Genomic Labs	first genomic labs	first genomic labs	25 Norwood Avenue, Normal, IL	25 norwood avenue normal il
train_source1	S1-116561830	Sullivan Monte Inc	sullivan monte inc	sullivan monte	1305 Executive Boulevard, Unit 215, Chesapeake City, VA	1305 executive boulevard unit 215 chesapeake city va
train_source1	S1-153496771	Callicoat & Dailey Associates	callicoat and dailey associates	callicoat and dailey associates	921 Wood, Mckinney, TX	921 wood mckinney tx
train_source1	S1-222216823	Emerald Natural Private Limited	emerald natural private limited	emerald natural	Ludhiana, Punjab, Khasra No.22//17/3/1, 29//, 1/2, 2, Khata No.120/124, Ludhiana	ludhiana punjab khasra no22 17 3 1 29 1 2 2 khata no120 124 ludhiana
train_source1	S1-815285897	Congregation Zion	congregation zion	congregation zion	5825 100th Street, Lubbock, TX	5825 100th street lubbock tx
train_source1	S1-494028959	Highland School of Medicine Corp	highland school of medicine corp	highland school of medicine	632 7th Street, Burlington, IA	632 7th street burlington ia
train_source1	S1-390812473	Merriment & Sons Private Limited	merriment and sons private limited	merriment and sons	Ii Floor, No.5, Radha Krishnan Salai, 3Rd Street, Chennai, Tamil Nadu	ii floor no5 radha krishnan salai 3rd street chennai tamil nadu
train_source1	S1-631362920	Gulf Abacus LLC	gulf abacus llc	gulf abacus	20 Robinwood Lane, Kinderhook, NY	20 robinwood lane kinderhook ny
train_source1	S1-641236003	Bangalore. Academy Pvt. Ltd.	bangalore academy pvt ltd	bangalore academy	No.9/2, Museum Road, Bangalore., Karnataka	no9 2 museum road bangalore karnataka
train_source1	S1-562150790	Dynamic Foods Private Limited	dynamic foods private limited	dynamic foods	C-274 Vikas Puri, New Delhi, West Delhi, Delhi	c 274 vikas puri new delhi west delhi delhi
train_source1	S1-914020122	Francis Biopharma Inc	francis biopharma inc	francis biopharma	209 Columbia Terrace, Peoria, IL	209 columbia terrace peoria il
train_source1	S1-545661875	Simran Investments Private Limited	simran investments private limited	simran investments	House No.3565 First Floor, Sector-23, Gurgaon, Palam Vihar, Gurgaon, Haryana	house no3565 first floor sector 23 gurgaon palam vihar gurgaon haryana
train_source1	S1-714586445	Family Allied Association	family allied association	family allied association	Jackson, 1932 Highway 45 Bypass, TN	jackson 1932 highway 45 bypass tn
train_source1	S1-122992596	Metropolitan Gaming Inc	metropolitan gaming inc	metropolitan gaming	809 Hercules Avenue, Evansville, IN	809 hercules avenue evansville in
train_source1	S1-919952138	Surgical Medicine	surgical medicine	surgical medicine	8 Frontier Lane, Rose Hill, KS	8 frontier lane rose hill ks
train_source1	S1-369058465	Centofanti Industries Clinic	centofanti industries clinic	centofanti industries clinic	4122 Mayfair Avenue, Chattanooga, TN	4122 mayfair avenue chattanooga tn
train_source1	S1-383867699	Laxmi Industries Private Limited	laxmi industries private limited	laxmi industries	Mumbai, Mumbai City, 2/4 Rajda Building, Old Hanuman 2Nd Cross Lane, Dhirubhai Pa, Rikh Marg, Maharashtra, 1St Floor	mumbai mumbai city 2 4 rajda building old hanuman 2nd cross lane dhirubhai pa rikh marg maharashtra 1st floor
train_source1	S1-557411773	Premier Freight Works	premier freight works	premier freight works	412 -306 Eden Roc Circle, Virginia Beach City, VA	412 306 eden roc circle virginia beach city va
train_source1	S1-683345357	Alpha Global Limited	alpha global limited	alpha global	303 6 Community Centrenaraina, New Delhi, West Delhi, Delhi	303 6 community centrenaraina new delhi west delhi delhi
train_source1	S1-890936433	Creative Ventures Pvt Ltd	creative ventures pvt ltd	creative ventures	Delhi, C-1/111 Kh-449 G.N. 3 Sonia Vihar Pusta-3 Karawal Nagar, East Delhi, Delhi	delhi c 1 111 kh 449 gn 3 sonia vihar pusta 3 karawal nagar east delhi delhi
train_source1	S1-249574225	JNR India) Private Limited	jnr india private limited	jnr india	118 1St Floor Road No 22, Lodha Supremus Ii, Thane, Maharashtra	118 1st floor road number 22 lodha supremus ii thane maharashtra
train_source1	S1-183283123	ZQ Fishery Co	zq fishery co	zq fishery	1St Floor, Plot No.2, Opposite Housing Board, Akara Batta, Abu Road, Sirohi, Rajasthan	1st floor plot no2 opposite housing board akara batta abu road sirohi rajasthan
train_source1	S1-704479363	Harbor Coalition	harbor coalition	harbor coalition	202 15th Street, Fairfield, IA	202 15th street fairfield ia
train_source1	S1-998818791	Guin & Cole, LLC	guin and cole llc	guin and cole	1379 Center Springs Road, Somerville, AL	1379 center springs road somerville al
train_source1	S1-129885988	Shah's Hair Studio	shahs hair studio	shahs hair studio	2924 George Street, Franklin Park, IL	2924 george street franklin park il
train_source1	S1-499249421	Leeann Enriquez Interstate Planet, L.L.C.	leeann enriquez interstate planet llc	leeann enriquez interstate planet	4431 Duesenberg Drive, Pearland, TX	4431 duesenberg drive pearland tx
train_source1	S1-2169715	Saus LLC	saus llc	saus	2410 42nd Court, Gary, IN	2410 42nd court gary in
train_source1	S1-407040022	Jeppson and Jacobo Co	jeppson and jacobo co	jeppson and jacobo	211 3rd Street, Argyle, MN	211 3rd street argyle mn
train_source1	S1-519076290	Jay Infra Private Limited	jay infra private limited	jay infra	Malayankulamambasamudram Taluk Tirunelveli District, Tirunelveli, Pin, Tamil Nadu	malayankulamambasamudram taluk tirunelveli district tirunelveli pin tamil nadu
train_source1	S1-468729698	Chennai Prakashan Private Limited	chennai prakashan private limited	chennai prakashan	Sfno.2/2A, Plot No.A4, A5 Sri Sai Nagar, Kolappakkam Vandalur, Kancheepuram, Tamil Nadu, Chennai	sfno2 2a plot noa4 a5 sri sai nagar kolappakkam vandalur kancheepuram tamil nadu chennai
train_source1	S1-181172933	Laxmi Builders	laxmi builders	laxmi builders	#25, 1St Floor, 6Th Cross, Leela Palace Road, Vruddhi Complex, (Near Ayyappa Temple), Kodihalli, Bangalore, Karnataka	25 1st floor 6th cross leela palace road vruddhi complex near ayyappa temple kodihalli bangalore karnataka
train_source1	S1-236993845	Aces Nursing Home	aces nursing home	aces nursing home	H No. 8-3-430/1/15, Telangana, Hyderabad, A-2, P No. 15, Sai Ganesh Residency, Yellareddyguda	h number 8 3 430 1 15 telangana hyderabad a 2 p number 15 sai ganesh residency yellareddyguda
train_source1	S1-974369508	Management Mhm Consultants Limited	management mhm consultants limited	management mhm consultants	53 & 54, 5/F Kh No. 8 & 4, Sewak Park, Uttam Nagar, Near Metro Station, New Delhi, West Delhi, Delhi	53 and 54 5 f kh number 8 and 4 sewak park uttam nagar near metro station new delhi west delhi delhi
train_source1	S1-424538610	Classic Supply LLC	classic supply llc	classic supply	604 S Elk Creek Road, Drain, OR	604 south elk creek road drain or
train_source1	S1-694737362	Ellynn Vora Technical Inc	ellynn vora technical inc	ellynn vora technical	3937 Briar Oak Drive, Mountain Brook, AL	3937 briar oak drive mountain brook al
train_source1	S1-892233306	Sai Farmer Private Limited	sai farmer private limited	sai farmer	315, 3Rd Floor, Patel Avenue, Near Gurudwara, S.G. Highway, Bodakdev, Ahmedabad, Gujarat	315 3rd floor patel avenue near gurudwara sg highway bodakdev ahmedabad gujarat
train_source1	S1-673040139	Ironclad Transport Care	ironclad transport care	ironclad transport care	5603 Rittenhouse Shore Drive, Austin, TX	5603 rittenhouse shore drive austin tx
train_source1	S1-678432639	Liberty Society	liberty society	liberty society	11504 Arrowmound Pass, Del Valle, TX	11504 arrowmound pass del valle tx
train_source1	S1-805536665	Pacific Evo	pacific evo	pacific evo	100 Comanche Court, Waxahachie, TX	100 comanche court waxahachie tx
train_source1	S1-74948217	Lusk's Analytics Center	lusks analytics center	lusks analytics center	200 Blairs Middle School Circle, Unit 120, Pittsylvania County, VA	200 blairs middle school circle unit 120 pittsylvania county va
train_source1	S1-227361974	Ellie Holland, Esq., M.D., P.C.	ellie holland esq md pc	ellie holland esq md pc	TX, 6617 Moss Lane, Fort Worth	tx 6617 moss lane fort worth
train_source1	S1-527944320	Great Prime Tpg Inc	great prime tpg inc	great prime tpg	99 Orchard Street, Crab Orchard, KY	99 orchard street crab orchard ky
train_source1	S1-868200857	NC Comstock Inc	nc comstock inc	nc comstock	2510 Cedar Forest Way, Unit 303, Raleigh, NC	2510 cedar forest way unit 303 raleigh nc
train_source1	S1-950606510	Hattie Hussain Rre Corp	hattie hussain rre corp	hattie hussain rre	3228 Sudath Lane, Jarrettsville, MD	3228 sudath lane jarrettsville md
train_source1	S1-617741036	MJD Sim, Inc	mjd sim inc	mjd sim	408 Awesome Valley Drive, Elizabeth, WV	408 awesome valley drive elizabeth wv
train_source1	S1-620689609	Rochester Vision Medicine Group	rochester vision medicine group	rochester vision medicine group	43 Delray Road, Rochester, NY	43 delray road rochester ny
train_source1	S1-801330227	Wilson & Vickers Ses LLC	wilson and vickers ses llc	wilson and vickers ses	OH, Wapakoneta, 104 Wapak Street	oh wapakoneta 104 wapak street
train_source1	S1-856881956	Vasundhara Trading Limited	vasundhara trading limited	vasundhara trading	27-6-84, Sri Krishna Estates, 3Rd Floor Prakasam Road, Governorpet, Vijayawada, Srikakulam, Andhra Pradesh	27 6 84 sri krishna estates 3rd floor prakasam road governorpet vijayawada srikakulam andhra pradesh
train_source1	S1-168395001	Balaji Construction Private Limited	balaji construction private limited	balaji construction	F-24/154, Sector-3 Rohini, Delhi	f 24 154 sector 3 rohini delhi
train_source1	S1-697777760	White Care Pvt Ltd	white care pvt ltd	white care	Jalandhar, Punjab, Jalandhar, 195, Model Town	jalandhar punjab jalandhar 195 model town
train_source1	S1-672054428	Urban Consultants Private Limited	urban consultants private limited	urban consultants	Mumbai, Bandra Suburban, Opp Mittal Indl.13/14 Marol, Andheri Kurla Road, Andheri (E), 101 Jay Antriksha, Maharashtra	mumbai bandra suburban opposite mittal indl13 14 marol andheri kurla road andheri east 101 jay antriksha maharashtra
train_source1	S1-235223136	Zhao, Mash & Griffith Spark Partners	zhao mash and griffith spark partners	zhao mash and griffith spark partners	1141 Pratt Road, Blanchester, OH	1141 pratt road blanchester oh
train_source1	S1-328508353	Vaayuaya (india) Pvt Ltd	vaayuaya india pvt ltd	vaayuaya india	801, 8Th Floor, Dwarkesh Peninsula, Nr. Tapovan Circle, S P Ring Road, Gandhinagar, Ahmedabad, Gujarat	801 8th floor dwarkesh peninsula near tapovan circle south p ring road gandhinagar ahmedabad gujarat
train_source1	S1-131759266	Weed Jpmorgan	weed jpmorgan	weed jpmorgan	46 Eisenhower Circle, Wellesley, MA	46 eisenhower circle wellesley ma
train_source1	S1-55271748	Developers Iron Tech Private Limited	developers iron tech private limited	developers iron tech	House No. Ff-2 83 Sector-5, Rajender Nagar, Ghaziabad, Uttar Pradesh	house number ff 2 83 sector 5 rajender nagar ghaziabad uttar pradesh
train_source1	S1-562176993	Bishop, Hoffmann and Ketner Focus LLC	bishop hoffmann and ketner focus llc	bishop hoffmann and ketner focus	3875 Dobbins Road, Unit 2134, Phoenix, AZ	3875 dobbins road unit 2134 phoenix az
train_source1	S1-400760786	Eye Care Associates of Nashville	eye care associates of nashville	eye care associates of nashville	Nashville, 13153 Old Hickory Boulevard, Unit 218, TN	nashville 13153 old hickory boulevard unit 218 tn
train_source1	S1-81975432	AL Associates Private Limited	al associates private limited	al associates	Sastibagan P.S.-Jagacha, West Bengal, Ichapur, P.O.-Santragachi, Howrah	sastibagan ps jagacha west bengal ichapur po santragachi howrah
train_source1	S1-56234230	Palam Green Limited	palam green limited	palam green	Rz 28/233 J Block West Sagarpur, Palam, South West Delhi, Delhi	rz 28 233 j block west sagarpur palam south west delhi delhi
train_source1	S1-881502950	International Investment Private Limited	international investment private limited	international investment	601, Sunshine Plaza, Naigaum Cross Road Dadar, Mumbai, Maharashtra	601 sunshine plaza naigaum cross road dadar mumbai maharashtra
train_source1	S1-424209592	Deana Cordova, DDS, M.D., P.C.	deana cordova dds md pc	deana cordova dds md pc	750 Lakeshore Drive, Goreville, IL	750 lakeshore drive goreville il
train_source1	S1-834751356	Carlin, Arias and Durbin PLLC	carlin arias and durbin pllc	carlin arias and durbin pllc	117 Court Street, Richmondville, NY	117 court street richmondville ny
train_source1	S1-556931472	Adit Honey Pvt Ltd	adit honey pvt ltd	adit honey	Delhi, New Delhi, D-15Maharani Bagh Ring Road, South Delhi	delhi new delhi d 15maharani bagh ring road south delhi
train_source1	S1-342429842	Superior Logistics Union LLC	superior logistics union llc	superior logistics union	3315 Trellis Lane, Abingdon, MD	3315 trellis lane abingdon md
train_source1	S1-423722776	Safe Agricultural International LLC	safe agricultural international llc	safe agricultural international	1327 Lakeridge Lane, Irving, TX	1327 lakeridge lane irving tx
train_source1	S1-779272412	Blue Pioneer Street LLC	blue pioneer street llc	blue pioneer street	324 Aqua Vista Loop, Waynesville, NC	324 aqua vista loop waynesville nc
train_source1	S1-311570925	Newtech Enterprise Private Limited	newtech enterprise private limited	newtech enterprise	Db Patil Estate, Station Road Bhandup West, Maharashtra, B-12, Mumbai, Mumbai City	db patil estate station road bhandup west maharashtra b 12 mumbai mumbai city
train_source1	S1-723485050	Urology Center Inc	urology center inc	urology center	21624 Waco Street, Nowthen, MN	21624 waco street nowthen mn
train_source1	S1-74446127	Colombier	colombier	colombier	OH, 6749 Smith Road, Middleburg Heights	oh 6749 smith road middleburg heights
train_source1	S1-391598653	Great Royal Business Private Limited	great royal business private limited	great royal business	Delhi, Tis Hazari, Delhi, 15, Gokhale Market, Opp. New Courts	delhi tis hazari delhi 15 gokhale market opposite new courts
train_source1	S1-450792187	Shovlin Voya LLC	shovlin voya llc	shovlin voya	213 Commercial Avenue, Amboy, IL	213 commercial avenue amboy il
train_source1	S1-434802827	Laborers Union Local No 40	laborers union local no 40	laborers union local no 40	865 Kings Parkway, Hempstead, NY	865 kings parkway hempstead ny
train_source1	S1-724177791	Zitech Golden LLC	zitech golden llc	zitech golden	Fl 0, MO, Saint Louis, 7666 Grant Haven Drive	fl 0 mo saint louis 7666 grant haven drive
train_source1	S1-863641194	Figueroa, Casanova & Landry PLLC	figueroa casanova and landry pllc	figueroa casanova and landry pllc	116 Lakeview Terrace, Clovis, NM	116 lakeview terrace clovis nm
train_source1	S1-771779014	Roopin Technologies	roopin technologies	roopin technologies	New No.4, Shalom Complex, Shop No.20, First Floor, Mannar Street, T Nagar, Chennai, Tamil Nadu	new no4 shalom complex shop no20 first floor mannar street t nagar chennai tamil nadu
train_source1	S1-19053820	Meridian	meridian	meridian	4301 Laurel Oak Lane, Muncie, IN	4301 laurel oak lane muncie in
train_source1	S1-185724001	Uptown Bike Shop LLC	uptown bike shop llc	uptown bike shop	229 Smallwood Drive, Amherst, NY	229 smallwood drive amherst ny
train_source1	S1-196747008	Jai Infra Private Limited	jai infra private limited	jai infra	Gut No.52 Varudi Aurangabad Jalna Road Badnapur, Jalna, Maharashtra, Jalna	gut no52 varudi aurangabad jalna road badnapur jalna maharashtra jalna
train_source1	S1-325250785	Keystone Financial Company	keystone financial company	keystone financial	357 Cottage Street, Springfield, MA	357 cottage street springfield ma
train_source1	S1-668139592	Direct Financial Brands	direct financial brands	direct financial brands	3 Remsen Road, Unit Apartment 3M, Yonkers, NY	3 remsen road unit apartment 3m yonkers ny
train_source1	S1-436640256	Lanie Hale Principal Inc.	lanie hale principal inc	lanie hale principal	1081 Savannah Highway, Waynesboro, TN	1081 savannah highway waynesboro tn
train_source1	S1-563715989	Shelton Manulife of City Of El Paso Partners	shelton manulife of city of el paso partners	shelton manulife of city of el paso partners	4101 Sunrise Avenue, City Of El Paso, TX	4101 sunrise avenue city of el paso tx
train_source1	S1-725250835	IVP Consultants Private Limited	ivp consultants private limited	ivp consultants	Roza Yakubpur, Greater Noida, Noida, Gautam Buddha Nagar, Uttar Pradesh	roza yakubpur greater noida noida gautam buddha nagar uttar pradesh
train_source1	S1-384957255	Ghaziabad Alloys Private Limited	ghaziabad alloys private limited	ghaziabad alloys	A-106 First Floor Sahni, Tower Sec 5 Rajender Naga, Ghaziabad, Uttar Pradesh	a 106 first floor sahni tower sec 5 rajender naga ghaziabad uttar pradesh
train_source1	S1-972926059	Nagpur Technologies Private Limited	nagpur technologies private limited	nagpur technologies	Plot No-45, Jai Ganga, Nagar, Chiranjiv House, Nagpur, Maharashtra	plot number 45 jai ganga nagar chiranjiv house nagpur maharashtra
train_source1	S1-54624388	Horizon Textile Innovations LLC	horizon textile innovations llc	horizon textile innovations	14403 Artery Lane, Unit UNIT 34, Prince William County, VA	14403 artery lane unit unit 34 prince william county va
train_source1	S1-4159617	Signature Dollar	signature dollar	signature dollar	1400 Great Wolf Drive, Unit UNIT 414, Village Of Lake Delton, WI	1400 great wolf drive unit unit 414 village of lake delton wi
train_source1	S1-417600197	Modern Sun Builders Private Limited	modern sun builders private limited	modern sun builders	305, Radheshyam-1, Own Association, Omnagar Bl-7, Mavdi Road, Nr. Dr. Brijesh Patel, Rajkot, Gujarat	305 radheshyam 1 own association omnagar bl 7 mavdi road near drive brijesh patel rajkot gujarat
train_source1	S1-618544321	Binning Express Associates Inc	binning express associates inc	binning express associates	13335 Watertown Plank Road, WI, Village Of Elm Grove, Unit Unit 311	13335 watertown plank road wi village of elm grove unit unit 311
train_source1	S1-180130122	Skv Systems Private Limited	skv systems private limited	skv systems	Fl-A1001 Tierra Viva, Sn-36/1/1 Nr-Yash Orchid, Haveli, Pune, Maharashtra	fl a1001 tierra viva sn 36 1 1 near yash orchid haveli pune maharashtra
train_source1	S1-556051630	Lynelle's Allied Advisory	lynelles allied advisory	lynelles allied advisory	300 Whippoorwill Road, Crawford, WV	300 whippoorwill road crawford wv
train_source1	S1-266643966	Shourya Services Limited	shourya services limited	shourya services	9/1 Sunbeam, Dr. G. Deshmukh Marg, Mumbai, Mumbai City, Maharashtra	9 1 sunbeam drive g deshmukh marg mumbai mumbai city maharashtra
train_source1	S1-281275955	Miller Sterling Alibaba LLC	miller sterling alibaba llc	miller sterling alibaba	1835 Dodge Road, Amherst, NY	1835 dodge road amherst ny
train_source1	S1-83174643	White Marketing Limited	white marketing limited	white marketing	27 Katha No 901 5Th Main, Suncity Layout 7Th Phase, Bangalore South, Bangalore, Karnataka	27 katha number 901 5th main suncity layout 7th phase bangalore south bangalore karnataka
train_source1	S1-263277646	Swastik Dynamic Services Pvt Ltd	swastik dynamic services pvt ltd	swastik dynamic services	Faridabad, 171, 1St Floor, Sector 15A, Haryana	faridabad 171 1st floor sector 15a haryana
train_source1	S1-253424710	Oncology Care LLC	oncology care llc	oncology care	7569 King Road, Fairview, TN	7569 king road fairview tn
train_source1	S1-727678401	Great Center	great center	great center	220 Marley Street, New Market, MD	220 marley street new market md
train_source1	S1-377738401	Steele, Smith and Hunter LLC	steele smith and hunter llc	steele smith and hunter	2106 Boulevard, Kokomo, IN	2106 boulevard kokomo in
train_source1	S1-327377768	Smart Engineering Limited	smart engineering limited	smart engineering	R K Tower, 4Th Floor, Flat No 401, Gundala Road, Patel Colony, Gondal, Rajkot, Gujarat	r k tower 4th floor flat number 401 gundala road patel colony gondal rajkot gujarat
train_source1	S1-239070338	Lakshmi Finance Private Limited	lakshmi finance private limited	lakshmi finance	17-4-18-1, Rpgt Road, Hindupur, Hindupur, Anantapur, Andhra Pradesh	17 4 18 1 rpgt road hindupur hindupur anantapur andhra pradesh
train_source1	S1-149526155	Indian Developers Private Limited	indian developers private limited	indian developers	17 / 31 Big Sowrastra Street Woraiyur, Tiruchirappalli, Tamil Nadu, Tiruchirappalli	17 31 big sowrastra street woraiyur tiruchirappalli tamil nadu tiruchirappalli
train_source1	S1-503153309	Pioneer Education Solutions Co	pioneer education solutions co	pioneer education solutions	2961 27th Avenue, Unit UNIT 20, Bozeman, MT	2961 27th avenue unit unit 20 bozeman mt
train_source1	S1-702463907	Vannie Hill, M.D., DDS PC	vannie hill md dds pc	vannie hill md dds pc	1114 Twin Oaks Street, Bensenville, IL	1114 twin oaks street bensenville il
train_source1	S1-842728679	D 3 L Automotive Inc	d 3 l automotive inc	d 3 l automotive	13230 299th Street, Auburn, WA	13230 299th street auburn wa
train_source1	S1-760758927	Gwenni Staples Staking	gwenni staples staking	gwenni staples staking	9413 Ardmore Avenue, Fort Wayne, IN	9413 ardmore avenue fort wayne in
train_source1	S1-321400092	Rudolph Oneim	rudolph oneim	rudolph oneim	3557 Red Hill Road, Tallassee, AL	3557 red hill road tallassee al
train_source1	S1-952571031	Pediatric Dental Associates LLC	pediatric dental associates llc	pediatric dental associates	109 Adams Street, Elmhurst, IL	109 adams street elmhurst il
train_source1	S1-556629301	Gulshan Cricket Private Limited	gulshan cricket private limited	gulshan cricket	C/O Manoj Kumar Soni, Bhopal Road, Raisen, Madhya Pradesh	c o manoj kumar soni bhopal road raisen madhya pradesh
train_source1	S1-562186345	Advanced Staffing Enterprises Inc	advanced staffing enterprises inc	advanced staffing enterprises	1216 Cannon Avenue, Sweetwater, TN	1216 cannon avenue sweetwater tn
train_source1	S1-7383499	Ledger Stitch Private Limited	ledger stitch private limited	ledger stitch	Goldseal House, Village Road Bhandup, Mumbai, Maharashtra	goldseal house village road bhandup mumbai maharashtra
train_source1	S1-67160153	Oncology Care	oncology care	oncology care	Unit Apartment A, Albion, NY, 226 Park Street	unit apartment a albion ny 226 park street
train_source1	S1-811924796	Physical Therapy Physicians LLC	physical therapy physicians llc	physical therapy physicians	3305 Harbour Town Place, Claremore, OK	3305 harbour town place claremore ok
train_source1	S1-881273353	Davila's Maintenance	davilas maintenance	davilas maintenance	3796 Tottys Bend Road, Duck River, TN	3796 tottys bend road duck river tn
train_source1	S1-993376356	Corbett Crystal Allspring LLC	corbett crystal allspring llc	corbett crystal allspring	440 Union Street, Bluefield, WV	440 union street bluefield wv
train_source1	S1-65412029	Taravi Infracon Private Limited	taravi infracon private limited	taravi infracon	1043, Indiranagaree At & Post. Padamla, Vadodara, Gujarat	1043 indiranagaree at and post padamla vadodara gujarat
train_source1	S1-174647865	Nagori Realcon Pvt Ltd	nagori realcon pvt ltd	nagori realcon	Shop No. 110, Wing-1, Rajat Plaza Nagpur Urban Nagpur Mcorp, Nagpur, Maharashtra	shop number 110 wing 1 rajat plaza nagpur urban nagpur mcorp nagpur maharashtra
train_source1	S1-302250545	Washington Signature Trg	washington signature trg	washington signature trg	200 Florida Avenue, Unit 429, Washington, DC	200 florida avenue unit 429 washington dc
train_source1	S1-565936968	Sector -45 Precision Limited	sector 45 precision limited	sector 45 precision	Fourth Floor, Plot No. 93, Sector 44, Sector -45, Gurgaon, Haryana	fourth floor plot number 93 sector 44 sector 45 gurgaon haryana
train_source1	S1-660044232	Hurley's Homecare	hurleys homecare	hurleys homecare	5054 Cherrywood Road, Randleman, NC	5054 cherrywood road randleman nc
train_source1	S1-662688248	Coastal Society	coastal society	coastal society	5577 Ironwood Drive, Newburgh, IN	5577 ironwood drive newburgh in
train_source1	S1-276003295	Tarain Foundation Ltd	tarain foundation ltd	tarain foundation	Fl B/908, Polite Panorama, Nr Water Tank Samatha Na, Pune City, Pune, Maharashtra	fl b 908 polite panorama near water tank samatha na pune city pune maharashtra
train_source1	S1-297863402	Castro Tri-State Return	castro tri state return	castro tri state return	1037 Thames Court, Grand Forks, ND	1037 thames court grand forks nd
train_source1	S1-220453919	Belleville Human Rights Prairie Committee, LLC	belleville human rights prairie committee llc	belleville human rights prairie committee	2707 London Lane, Belleville, IL	2707 london lane belleville il
train_source1	S1-884849325	Reynolds Culture of Clinton	reynolds culture of clinton	reynolds culture of clinton	2948 2650, Clinton, UT	2948 2650 clinton ut
train_source1	S1-496288380	Ram Finance Private Limited	ram finance private limited	ram finance	27/1, B. K. Street Uttarpara, P.S.- Uttarpara, Hooghly, West Bengal	27 1 b k street uttarpara ps uttarpara hooghly west bengal
train_source1	S1-226204700	Blue Agro Private Limited	blue agro private limited	blue agro	Miraya Rose By Ukn, 66/1 Siddapura Village, Hal-Varthur Main Road, Whitefield, Bangalore, Karnataka	miraya rose by ukn 66 1 siddapura village hal varthur main road whitefield bangalore karnataka
train_source1	S1-501651309	Motor Trading Pvt Ltd	motor trading pvt ltd	motor trading	302, Ganesh Palaza, Gola Ka Mandir, Gwalior, Madhya Pradesh	302 ganesh palaza gola ka mandir gwalior madhya pradesh
train_source1	S1-4217359	Raghav Trading Private Limited	raghav trading private limited	raghav trading	C/O Radha Raman Pd Sahu Vill-Hardia, Dumra, Block-Singhia, Samastipur, Bihar	c o radha raman pd sahu vill hardia dumra block singhia samastipur bihar
train_source1	S1-864395077	Carrasco Cascade Babcock Inc.	carrasco cascade babcock inc	carrasco cascade babcock	648 Marion Blvd, Unit 80, Marion, IA	648 marion boulevard unit 80 marion ia
train_source1	S1-178742485	Delta Trust	delta trust	delta trust	14426 Sunrise Court, Leo, IN	14426 sunrise court leo in
train_source1	S1-517800727	Minoo	minoo	minoo	883 Max View Drive, Parker, AZ	883 max view drive parker az
train_source1	S1-893535782	Maa It Private Limited	maa it private limited	maa it	310, Plot No. B - 09 I.T.L. Twin Tower, Netaji Subhash Place, New Delhi, Delhi	310 plot number b 09 itl twin tower netaji subhash place new delhi delhi
train_source1	S1-154437507	Womens Health Partners LLC	womens health partners llc	womens health partners	1193 Sandra Lane, Monticello, IL	1193 sandra lane monticello il
train_source1	S1-931497424	Mccormick, Manning and Allred-Lewiston	mccormick manning and allred lewiston	mccormick manning and allred lewiston	19 Edward Avenue, Lewiston, ME	19 edward avenue lewiston me
train_source1	S1-284295769	Rudra Consulting Private Limited	rudra consulting private limited	rudra consulting	Shop No 105, Harman Apartment 16 Sector A Indrapuri, Bhopal, Madhya Pradesh	shop number 105 harman apartment 16 sector a indrapuri bhopal madhya pradesh
train_source1	S1-804737474	1 800 I Care 4 U Inc	1 800 i care 4 u inc	1 800 i care 4 u	516 Roberts Court, Cumberland, KY	516 roberts court cumberland ky
train_source1	S1-621488922	Human Rights Trust	human rights trust	human rights trust	2320 Pitts Place, Unit 2, Washington, DC	2320 pitts place unit 2 washington dc
train_source1	S1-528102700	Rocky League Inc	rocky league inc	rocky league	422 5th Street, New Albany, IN	422 5th street new albany in
train_source1	S1-784755286	Damodar Advisors	damodar advisors	damodar advisors	Block-133, Gulmahor Residency, Near Indian Bank, Raiya Road, Rajkot, Gujarat	block 133 gulmahor residency near indian bank raiya road rajkot gujarat
train_source1	S1-715564797	Pulse Skin Private Limited	pulse skin private limited	pulse skin	Onyx Complex, Rajhans Society Nr. Idbi Bank Circle, Ahmedabad, Gujarat, 401, Navrangpura	onyx complex rajhans society near idbi bank circle ahmedabad gujarat 401 navrangpura
train_source1	S1-705393454	Edgar Choice Partners	edgar choice partners	edgar choice partners	AR, Mountain Pine, 228 Sentinel Road	ar mountain pine 228 sentinel road
train_source1	S1-643802882	Royal Properties Private Limited	royal properties private limited	royal properties	Plot No. 7 & 8, Part Of Flat No.201, Aruna Enclave, Guttala Begumpet, Hyderabad, Rangareddy, Telangana	plot number 7 and 8 part of flat no201 aruna enclave guttala begumpet hyderabad rangareddy telangana
train_source1	S1-355266439	Empire Alliance Inc	empire alliance inc	empire alliance	89 Prince Street, Unit 4R, Boston, MA	89 prince street unit 4r boston ma
train_source1	S1-112750665	Gardiner & Welsh L.L.C.	gardiner and welsh llc	gardiner and welsh	411 Jill Avenue, Conroe, TX	411 jill avenue conroe tx
train_source1	S1-631252353	Great Allstate PLLC	great allstate pllc	great allstate pllc	4104 Calloway Street, Virginia Beach City, VA	4104 calloway street virginia beach city va
train_source1	S1-235827905	Sai Infotech Private Limited	sai infotech private limited	sai infotech	Patna, Bihar, 709, 7Th Floor, Jagat Trade Centre Maurya Lok, Fraser Road	patna bihar 709 7th floor jagat trade centre maurya lok fraser road
train_source1	S1-37255821	XW Tek Private Limited	xw tek private limited	xw tek	C/O Indrajit Verma, Seorai, Zamania, Zamania, Ghazipur, Uttar Pradesh	c o indrajit verma seorai zamania zamania ghazipur uttar pradesh
train_source1	S1-387612744	Keeley Allen, DO, P.C.	keeley allen do pc	keeley allen do pc	1017 Houston Circle, Folsom, CA	1017 houston circle folsom ca
train_source1	S1-933508054	Bombay Hospitality Pvt Ltd	bombay hospitality pvt ltd	bombay hospitality	Unitech Power Systems, Khewat No.266, Khasra 55/4/5, Village Hangoli, Tehsil Ra, Ipur Rani, Panchkula, Haryana	unitech power systems khewat no266 khasra 55 4 5 village hangoli tehsil ra ipur rani panchkula haryana
train_source1	S1-707470669	Complete Briacell	complete briacell	complete briacell	WA, Port Orchard, 12050 Helena Trail	wa port orchard 12050 helena trail
train_source1	S1-622284723	Sierra Ubs Inc	sierra ubs inc	sierra ubs	112 Davidson Farm Road, Queenstown, MD	112 davidson farm road queenstown md
train_source1	S1-411129053	Vaanya Sulz Pvt Ltd	vaanya sulz pvt ltd	vaanya sulz	Bri 411 Jai Ganesh Vision Akurdi, Maharashtra, Pune	bri 411 jai ganesh vision akurdi maharashtra pune
train_source1	S1-635110499	Human Rights Star Alliance	human rights star alliance	human rights star alliance	1205 Warren Switch Road, West Pawlet, VT	1205 warren switch road west pawlet vt
train_source1	S1-416583613	Nexyn Fast	nexyn fast	nexyn fast	1269 Husky Trail, Warsaw, IN	1269 husky trail warsaw in
train_source1	S1-764123824	3506 Lexington Boulevard Owners Corp Inc	3506 lexington boulevard owners corp inc	3506 lexington boulevard owners	1008 Alvin Weinberg Drive, Oak Ridge, TN	1008 alvin weinberg drive oak ridge tn
train_source1	S1-932913306	Drucie Cruz Pinnacle Industrials L.L.C.	drucie cruz pinnacle industrials llc	drucie cruz pinnacle industrials	50 Evergreen Drive, Shelton, WA	50 evergreen drive shelton wa
train_source1	S1-31575673	Tri-State Delta Cayman	tri state delta cayman	tri state delta cayman	20 Old Trestle Court, Angier, NC	20 old trestle court angier nc
train_source1	S1-311931834	Zephis Seas Inc	zephis seas inc	zephis seas	IL, Chicago, 3333 85th Street	il chicago 3333 85th street
train_source1	S1-438430300	Urban Logistics Private Limited	urban logistics private limited	urban logistics	A-15, Fourth Floor, Lajpat Nagar, New Delhi, New Delhi, South Delhi, Delhi	a 15 fourth floor lajpat nagar new delhi new delhi south delhi delhi
train_source1	S1-748732045	Twisted Book Store	twisted book store	twisted book store	54 Bellwood Avenue, Unit Apartment 1, West Seneca, NY	54 bellwood avenue unit apartment 1 west seneca ny
train_source1	S1-799587036	MVS Life LLP	mvs life llp	mvs life	C-205 Himanshu Chs Ltd M C F Garden Road Boriwali West, Mumbai, Mumbai City, Maharashtra	c 205 himanshu chs ltd m c f garden road boriwali west mumbai mumbai city maharashtra
train_source1	S1-233040222	Crystal Navios LLC	crystal navios llc	crystal navios	14107 James Dean Drive, Carmel, IN	14107 james dean drive carmel in
train_source1	S1-143099585	2741 Broadway Way Holdings	2741 broadway way holdings	2741 broadway way holdings	32820 20th Avenue, Unit 26, Federal Way, WA	32820 20th avenue unit 26 federal way wa
train_source1	S1-866514162	Eastern Consultancy Private Limited	eastern consultancy private limited	eastern consultancy	Plot No. 27, New No B-27, S/F Sector-8, Dwarka, New Delhi, South West Delhi, Delhi	plot number 27 new number b 27 south f sector 8 dwarka new delhi south west delhi delhi
train_source1	S1-71090905	Colonial Sanayi Inc	colonial sanayi inc	colonial sanayi	20304 144th Place, Kent, WA	20304 144th place kent wa
train_source1	S1-729983664	Scalf Tri-State Capital LLC	scalf tri state capital llc	scalf tri state capital	2591 Turnberry Court, Lehi, UT	2591 turnberry court lehi ut
train_source1	S1-295075765	Sutton Corporation	sutton corporation	sutton	311 24th Avenue, Bellwood, IL	311 24th avenue bellwood il
train_source1	S1-928740863	Columbia Solutions Pvt Ltd	columbia solutions pvt ltd	columbia solutions	Kerala, 44/743 Nivya Road, Ernakulam, Kaloor Kochi, Ernakulam	kerala 44 743 nivya road ernakulam kaloor kochi ernakulam
train_source1	S1-83537942	Foot & Ankle Physicians Inc	foot and ankle physicians inc	foot and ankle physicians	10207 184th Avenue, Bonney Lake, WA	10207 184th avenue bonney lake wa
train_source1	S1-148803268	Watts Family Practice	watts family practice	watts family practice	920 Chestnut Street, Waukegan, IL	920 chestnut street waukegan il
train_source1	S1-560567082	Shree & Brothers Private Limited	shree and brothers private limited	shree and brothers	S/O Savaranna 4-68 Wadepally, Wadepallyvg, Mahbubnagar, Mahabubnagar, Telangana	south o savaranna 4 68 wadepally wadepallyvg mahbubnagar mahabubnagar telangana
train_source1	S1-952894638	Sitara Success LLP	sitara success llp	sitara success	Gajanana Cashew Industries Building No.3-88A, Shakaranarayana Post, Kundapur, Taluk, Udupi, Karnataka	gajanana cashew industries building no3 88a shakaranarayana post kundapur taluk udupi karnataka
train_source1	S1-136406261	Custom Textile Dynamics LLC	custom textile dynamics llc	custom textile dynamics	1723 Axton Road, Henry County, VA	1723 axton road henry county va
train_source1	S1-283808530	Physical Therapy Integrated Physicians LLC	physical therapy integrated physicians llc	physical therapy integrated physicians	2580 Cooper Street, Freeport, IL	2580 cooper street freeport il
train_source1	S1-549367027	NUB Pharma LLP	nub pharma llp	nub pharma	Gc, The Highlands No.1, Ormesroad, Kilpauk, Chenai-10, Chenai-10, Chennai, Tamil Nadu	gc the highlands no1 ormesroad kilpauk chenai 10 chenai 10 chennai tamil nadu
train_source1	S1-541567309	Denton, Koser and Sullivan, LLC	denton koser and sullivan llc	denton koser and sullivan	Westhampton Beach, 18 Stevens Lane, NY	westhampton beach 18 stevens lane ny
train_source1	S1-783394116	Liberty Delta Target	liberty delta target	liberty delta target	902 Hanna Place Court, MO, Unit UNIT C, Ballwin	902 hanna place court mo unit unit c ballwin
train_source1	S1-952478207	P O Gokalpuri Force Limited	p o gokalpuri force limited	p o gokalpuri force	K-94, Karawal Nagar, P O Gokalpuri, Delhi	k 94 karawal nagar p o gokalpuri delhi
train_source1	S1-763791563	Good International Private Limited	good international private limited	good international	Nagpur, Wardha Road, Maharashtra, 3 Central Excise Colony	nagpur wardha road maharashtra 3 central excise colony
train_source1	S1-548666602	Gujarat Management Limited	gujarat management limited	gujarat management	Ground Floor, Budh Vihar, Badarpur Near Aggarwal Sweet, Mathura Road, Delhi, A-6, South Delhi, Delhi	ground floor budh vihar badarpur near aggarwal sweet mathura road delhi a 6 south delhi delhi
train_source1	S1-823262268	Advance Solution Private Limited	advance solution private limited	advance solution	Dharwad, Yeri Apt, 3Rd Cross Sanmathi Nagar, Kelgeri Road, Dharwad, Karnataka, No-8, Dharwar	dharwad yeri apartment 3rd cross sanmathi nagar kelgeri road dharwad karnataka number 8 dharwar
train_source1	S1-57235044	Bhagat Consultants	bhagat consultants	bhagat consultants	E-54, Ground Floor Sujan Singh Park, Ndmc, Delhi, South Delhi, Delhi	east 54 ground floor sujan singh park ndmc delhi south delhi delhi
train_source1	S1-260260547	Frontier Institute	frontier institute	frontier institute	842 Westport Drive, Youngstown, OH	842 westport drive youngstown oh
train_source1	S1-109132023	Chiropractic Piedmont Specialists LLC	chiropractic piedmont specialists llc	chiropractic piedmont specialists	2532 17th Avenue, Portland, OR	2532 17th avenue portland or
train_source1	S1-860641883	Sun Traders Clinic	sun traders clinic	sun traders clinic	S No 7-1, Konark Puram, Bldg-D-4, Pune City, Pune, Maharashtra	south number 7 1 konark puram building d 4 pune city pune maharashtra
train_source1	S1-184484093	Stewart Spa, LLC	stewart spa llc	stewart spa	691 Main Street, Unit 1/2, Marion, OH	691 main street unit 1 2 marion oh
train_source1	S1-873784023	Ram Engineering Private Limited	ram engineering private limited	ram engineering	G-2 Nandhini Apartments, 72/45, 1St Main Road, Chennai City Corporation, Chennai, Tamil Nadu	g 2 nandhini apartments 72 45 1st main road chennai city corporation chennai tamil nadu
train_source1	S1-232902553	Bharat Foundation Limited	bharat foundation limited	bharat foundation	Haryana, Dlf Ph-Iii, Dlf Phase Iii, S-31 A/2, Gurgaon	haryana dlf ph iii dlf phase iii south 31 a 2 gurgaon
train_source1	S1-630130733	Vision Industries Limited	vision industries limited	vision industries	A-701, Royal Hights Flat, Vaishno Devi Cross Road, Village Khodiyar, District Ahmedabad., Khodiyar, Ahmedabad, Gujarat	a 701 royal hights flat vaishno devi cross road village khodiyar district ahmedabad khodiyar ahmedabad gujarat
train_source1	S1-120641530	Swatantra Vehicle Public Limited	swatantra vehicle public limited	swatantra vehicle public	B706, Ganesh Leela Chsl, Behind Balaji Hospital, Mira Bhayandar Rd, Mira Rd (E), Thane, Maharashtra	b706 ganesh leela chsl behind balaji hospital mira bhayandar road mira road east thane maharashtra
train_source1	S1-947513822	Williams Platinum Chadwick Inc	williams platinum chadwick inc	williams platinum chadwick	134 Mary Street, Syracuse, NY	134 mary street syracuse ny
train_source1	S1-740943681	Cooley, Carley P., DDS, M.D., P.C.	cooley carley p dds md pc	cooley carley p dds md pc	1173 Penobscot Drive, Soddy-daisy, TN	1173 penobscot drive soddy daisy tn
train_source1	S1-115773611	Zsazsa Williams Modern Mellon PC	zsazsa williams modern mellon pc	zsazsa williams modern mellon pc	Joliet, 2420 Satellite Drive, IL	joliet 2420 satellite drive il
train_source1	S1-243635503	Ame Brothers LLP	ame brothers llp	ame brothers	37/406 F, Blue Moon Arcade, Temple Road, Kadavanthra, Ernakulam, 54/3088, Kerala, Ernakulam	37 406 f blue moon arcade temple road kadavanthra ernakulam 54 3088 kerala ernakulam
train_source1	S1-285766850	Sanskruti Impression (India) Pvt Ltd	sanskruti impression india pvt ltd	sanskruti impression india	2/18, Shivmandir Road, Room No-9 Near Nutun Bazar, Bansdroni, Kolkata, Howrah, West Bengal	2 18 shivmandir road room number 9 near nutun bazar bansdroni kolkata howrah west bengal
train_source1	S1-677862240	Stafford County Youth Association	stafford county youth association	stafford county youth association	101 Barrett Heights Road, Stafford County, VA	101 barrett heights road stafford county va
train_source1	S1-63620147	3287 Church Lane Realty	3287 church lane realty	3287 church lane realty	713 Forest Lane, Unit Lot 33, Benton, AR	713 forest lane unit lot 33 benton ar
train_source1	S1-431241109	Vijay Industries Private Limited	vijay industries private limited	vijay industries	Mumbai, Maharashtra, Mumbai City, 5 Ll Flr Raja Inds Estate P K Road Mulund West	mumbai maharashtra mumbai city 5 ll floor raja inds estate p k road mulund west
train_source1	S1-537126138	Straight Edge Coffee	straight edge coffee	straight edge coffee	104 Wetmore Springs Road, Delano, TN	104 wetmore springs road delano tn
train_source1	S1-432316901	Hempstead Eye Medicine	hempstead eye medicine	hempstead eye medicine	4 Court Street, Hempstead, NY	4 court street hempstead ny
train_source1	S1-529013054	Star Software Partners	star software partners	star software partners	909 Man O War Boulevard, Union, KY	909 man o war boulevard union ky
train_source1	S1-334994069	Coex Boa P.C.	coex boa pc	coex boa pc	969 Redwood Street, Nixa, MO	969 redwood street nixa mo
train_source1	S1-975577097	Style Brothers Pvt Ltd	style brothers pvt ltd	style brothers	New No.19, New Avadi Road, Kilpauk Garden, Perambur Purasawalkam, Chennai, Tamil Nadu	new no19 new avadi road kilpauk garden perambur purasawalkam chennai tamil nadu
train_source1	S1-3276518	United Strips Limited	united strips limited	united strips	H No 65, Balwant Nagar, Thathipur D36 B06, Gird, Gwalior, Madhya Pradesh	h number 65 balwant nagar thathipur d36 b06 gird gwalior madhya pradesh
train_source1	S1-743208304	Joint Export Private Limited	joint export private limited	joint export	144 A, Sharma Building, Main Road, Madan Geer, New Delhi, Delhi	144 a sharma building main road madan geer new delhi delhi
train_source1	S1-486348428	Millennium (India) Konkan Private Limited	millennium india konkan private limited	millennium india konkan	No. 155/1D2, Chandrapalayam, Gst Road, Madurai South, Madurai, Tamil Nadu	number 155 1d2 chandrapalayam gst road madurai south madurai tamil nadu
train_source1	S1-75881502	Better Hawaii	better hawaii	better hawaii	978 Bear Wallow Road, Allegheny Township, PA	978 bear wallow road allegheny township pa
train_source1	S1-443552476	Ssa Infrabuild Pvt Ltd	ssa infrabuild pvt ltd	ssa infrabuild	D-23 Magha Sector, Near Bhujbal Farm, Ashokvan Colony, Cidco, Nasik, Nashik, Maharashtra	d 23 magha sector near bhujbal farm ashokvan colony cidco nasik nashik maharashtra
train_source1	S1-911537189	Dorsey Apple, PC	dorsey apple pc	dorsey apple pc	111 Lowell Street, Waltham, MA	111 lowell street waltham ma
train_source1	S1-481994813	Starrise Opticals Private Limited	starrise opticals private limited	starrise opticals	74, Subbayaya Nagar, Poonamalee, Tiruvallur, Tamil Nadu	74 subbayaya nagar poonamalee tiruvallur tamil nadu
train_source1	S1-599820534	Moms Brothers Ltd	moms brothers ltd	moms brothers	903-904, Brigade Towers 135 Brigade Road, Bangalore, Karnataka	903 904 brigade towers 135 brigade road bangalore karnataka
train_source1	S1-207259588	UTA Ornaments	uta ornaments	uta ornaments	Unit No 302 303 72 Empire Premises Condominium Corner Of Andheri Kurla Road, Western Express Highway Opp Landmark Building Near Gundavali Metro Station Andheri East, Mumbai, Maharashtra	unit number 302 303 72 empire premises condominium corner of andheri kurla road western express highway opposite landmark building near gundavali metro station andheri east mumbai maharashtra
train_source1	S1-573068519	Keeley Bailey Airlines	keeley bailey airlines	keeley bailey airlines	OH, 7038 Comanche Trail, Mentor	oh 7038 comanche trail mentor
train_source1	S1-565144955	Eye Golden Physicians	eye golden physicians	eye golden physicians	St. Albans, 2716 Bard Avenue, WV	street albans 2716 bard avenue wv
train_source1	S1-332254958	Hernandez Consolidated Inc	hernandez consolidated inc	hernandez consolidated	116 Cool Springs Road, Rush Springs, OK	116 cool springs road rush springs ok
train_source1	S1-242195439	Dream Infra Limited	dream infra limited	dream infra	Gat No.71/22, Turkheda Near Mamurabad, Jalgaon, Jalgaon, Maharashtra	gat no71 22 turkheda near mamurabad jalgaon jalgaon maharashtra
train_source1	S1-687143677	Zaia LLC	zaia llc	zaia	Romeoville, IL, 18 Kenilworth Avenue	romeoville il 18 kenilworth avenue
train_source1	S1-308675602	Yamuaya Products-New Delhi	yamuaya products new delhi	yamuaya products new delhi	03Rd Floor, Cci House, 87, 303, New Delhi, South Delhi, Delhi	03rd floor cci house 87 303 new delhi south delhi delhi
train_source1	S1-260265534	Good Investments Private Limited	good investments private limited	good investments	50/1, Amar Market Bagh, N M Jain, Bharat Nagar, Near Gulmor Hotel, Ludhiana, Punjab	50 1 amar market bagh north m jain bharat nagar near gulmor hotel ludhiana punjab
train_source1	S1-291751421	Vanguard Buildcon Pvt. Ltd.	vanguard buildcon pvt ltd	vanguard buildcon	Panasian House M - 31 - Agreater Kailash Part - Ii, New Delhi, South Delhi, Delhi	panasian house m 31 agreater kailash part ii new delhi south delhi delhi
train_source1	S1-733554453	Clarkson Delta Montreal	clarkson delta montreal	clarkson delta montreal	5420 Vision Circle, Sioux Falls, SD	5420 vision circle sioux falls sd
train_source1	S1-977477433	Sem Supermarket Private Limited	sem supermarket private limited	sem supermarket	9Th Floor, Tower D, Unitech Cyber Park, Sadar Bazar, Gurgaon, Haryana	9th floor tower d unitech cyber park sadar bazar gurgaon haryana
train_source1	S1-565539266	Digital Engineering Private Limited	digital engineering private limited	digital engineering	D10/77-1B Ginning Compound Nh S.G. Pudur, Avinashi Road, Arasur (Po), Palladam, Coimbatore, Tamil Nadu	d10 77 1b ginning compound nh sg pudur avinashi road arasur po palladam coimbatore tamil nadu
train_source1	S1-364876430	Hyacintha Blackwell Golden Focus Care	hyacintha blackwell golden focus care	hyacintha blackwell golden focus care	WI, Town Of Florence, 5602 Fisher Lake Road	wi town of florence 5602 fisher lake road
train_source1	S1-107945970	Thornton Guggenheim	thornton guggenheim	thornton guggenheim	KS, 720 Sheidley Avenue, Bonner Springs	ks 720 sheidley avenue bonner springs
train_source1	S1-536488324	Swanson & Baird	swanson and baird	swanson and baird	586 Henshaw Street, Leicester, MA	586 henshaw street leicester ma
train_source1	S1-92067415	Blue Consulting Private Limited	blue consulting private limited	blue consulting	Mumbai Pune Road Dapodi, Pune, Maharashtra	mumbai pune road dapodi pune maharashtra
train_source1	S1-157020136	Pioneer Genomic Technologies, LLC	pioneer genomic technologies llc	pioneer genomic technologies	514 Main Street, Unit Apartment 305, West Seneca, NY	514 main street unit apartment 305 west seneca ny
train_source1	S1-524787346	Pinnacle Trading Partners, LLC	pinnacle trading partners llc	pinnacle trading partners	151 Capital Avenue, Unit 1306, Mooresville, NC	151 capital avenue unit 1306 mooresville nc
train_source1	S1-786638184	Mcmullen Tavia LLC	mcmullen tavia llc	mcmullen tavia	178 Richard Drive, Tiverton, RI	178 richard drive tiverton ri
train_source1	S1-903489002	Marketing Trend Media Private Limited	marketing trend media private limited	marketing trend media	R-103, F-1, 16/24, Bake House Kala Ghoda Maharashtra Chamber Of Commerce Lane, Mumbai, Mumbai City, Maharashtra	r 103 f 1 16 24 bake house kala ghoda maharashtra chamber of commerce lane mumbai mumbai city maharashtra
train_source1	S1-48025555	Hannon Chs	hannon chs	hannon chs	City Of Wilson, NC, 4913 Summit Place Drive, Unit 404	city of wilson nc 4913 summit place drive unit 404
train_source1	S1-193524792	Modern Electronics Collective, LLC	modern electronics collective llc	modern electronics collective	883 175, Bountiful, UT	883 175 bountiful ut
train_source1	S1-533435124	Bright Textile Worldwide LLC	bright textile worldwide llc	bright textile worldwide	21 Chapel Street, Norwood, MA	21 chapel street norwood ma
train_source1	S1-282690665	Better Ventures LLC	better ventures llc	better ventures	3110 Northwest Boulevard, Georgetown, TX	3110 northwest boulevard georgetown tx
train_source1	S1-385036477	Internal Medicine Health	internal medicine health	internal medicine health	OH, 54041 Arman Hill Road, Powhatan Point	oh 54041 arman hill road powhatan point
train_source1	S1-430467301	Cedar Inc	cedar inc	cedar	326 Oak Street, Uhrichsville, OH	326 oak street uhrichsville oh
train_source1	S1-307052167	Golden Bike Shop!	golden bike shop	golden bike shop	1605 Dooley Road, Whiteford, MD	1605 dooley road whiteford md
train_source1	S1-933789478	Acosta and Chapman Wilco Clinic	acosta and chapman wilco clinic	acosta and chapman wilco clinic	629 Nashoba Avenue, Columbus, OH	629 nashoba avenue columbus oh
train_source1	S1-414547601	Dynamic Distribution Group	dynamic distribution group	dynamic distribution group	467 Martin Terrace, State College, PA	467 martin terrace state college pa
train_source1	S1-259962445	Trais Sunrise LLC	trais sunrise llc	trais sunrise	4342 Brandy Road, Greensboro, NC	4342 brandy road greensboro nc
train_source1	S1-760138211	Partap Hospital	partap hospital	partap hospital	29-1419/1, Kakatiya Nagar Neredmet, Secunderabad, Hyderabad, Telangana	29 1419 1 kakatiya nagar neredmet secunderabad hyderabad telangana
train_source1	S1-78789684	North Spartacus	north spartacus	north spartacus	207 Pope Avenue, Athens, TN	207 pope avenue athens tn
train_source1	S1-654395773	Frontier Trg	frontier trg	frontier trg	4 Del Lane, Huntington, NY	4 del lane huntington ny
train_source1	S1-402366232	Ns (India) Farm Private Limited	ns india farm private limited	ns india farm	E108 Second Floor Greater Kailash 1 New Delhi, New Delhi, South Delhi, Delhi	e108 second floor greater kailash 1 new delhi new delhi south delhi delhi
train_source1	S1-942337153	4-Legged Dog	4 legged dog	4 legged dog	915 9th Court, Battle Ground, WA	915 9th court battle ground wa
train_source1	S1-847959766	Pediatric Dental Partners PLLC	pediatric dental partners pllc	pediatric dental partners pllc	1605 Hallmark Circle, Mountain Home, AR	1605 hallmark circle mountain home ar
train_source1	S1-901987948	Outlook & Sons Pvt. Ltd.	outlook and sons pvt ltd	outlook and sons	39, Pocket-3, Paschim Puri, Delhi	39 pocket 3 paschim puri delhi
train_source1	S1-722358313	Burrell Specialists LLC	burrell specialists llc	burrell specialists	1826 Plank Road, Cheshire, CT	1826 plank road cheshire court
train_source1	S1-734809873	Shin Jab of Saratoga Springs LLC	shin jab of saratoga springs llc	shin jab of saratoga springs	207 Rosewood Drive, Saratoga Springs, UT	207 rosewood drive saratoga springs ut
train_source1	S1-340387961	Jones, Martinez & Mcintosh Corp	jones martinez and mcintosh corp	jones martinez and mcintosh	3764 Us Rte 224, Unit 16, Greenwich, OH	3764 us rte 224 unit 16 greenwich oh
train_source1	S1-116687061	Aquila & Sons Limited	aquila and sons limited	aquila and sons	Apt # 101, Gvs & M3 Sriphala Heights Plot # 21 B, 6Th Phase, Kphb Colony, Kukatpally, Hyderabad, Telangana	apartment 101 gvs and m3 sriphala heights plot 21 b 6th phase kphb colony kukatpally hyderabad telangana
train_source1	S1-685873514	Chavez Food	chavez food	chavez food	5915 Kenneth Avenue, Unit APT 51, Carmichael, CA	5915 kenneth avenue unit apartment 51 carmichael ca
train_source1	S1-579682598	Fine Technologies Private Limited	fine technologies private limited	fine technologies	New No 5 (Old No 2-A) 6Th Street Nandanam Extention, Chennai, Tamil Nadu	new number 5 old number 2 a 6th street nandanam extention chennai tamil nadu
train_source1	S1-554560722	Rubio Adamas LLC	rubio adamas llc	rubio adamas	9200 Purfoy Road, Fuquay Varina, NC	9200 purfoy road fuquay varina nc
train_source1	S1-66272365	New Traders Private Limited	new traders private limited	new traders	28, New Manak Nagar Manak Nagar, Lucknow, Uttar Pradesh	28 new manak nagar manak nagar lucknow uttar pradesh
train_source1	S1-214847276	Bhilwara Cement Private Limited	bhilwara cement private limited	bhilwara cement	6/330 Bhadada Mohala, Bhilwara, Rajasthan	6 330 bhadada mohala bhilwara rajasthan
train_source1	S1-253674677	Esparza Trust Inc.	esparza trust inc	esparza trust	801 Indiana Avenue, Spokane, WA	801 indiana avenue spokane wa
train_source1	S1-981258859	Apex Automation Studios	apex automation studios	apex automation studios	16650 Woodlawn Court E, South Holland, IL	16650 woodlawn court east south holland il
train_source1	S1-442010484	Cross, Garcia & Johnson LLC	cross garcia and johnson llc	cross garcia and johnson	1576 Dunmoor Road, Memphis, TN	1576 dunmoor road memphis tn
train_source1	S1-547836347	Sewell Precision Madison, LLC	sewell precision madison llc	sewell precision madison	5125 Avoca Avenue, Ellicott City, MD	5125 avoca avenue ellicott city md
train_source1	S1-758535367	Phillips, Watson and Escoto LLC	phillips watson and escoto llc	phillips watson and escoto	3801 Aw Grimes Boulevard, Unit 10207, Round Rock, TX	3801 aw grimes boulevard unit 10207 round rock tx
train_source1	S1-546089988	Bacher, Shurtleff and Stroud Roman	bacher shurtleff and stroud roman	bacher shurtleff and stroud roman	52 Chester Street, Saint Paul, MN	52 chester street saint paul mn
train_source1	S1-980620862	Rivera, Banton & Castiglione Acquisition LLC	rivera banton and castiglione acquisition llc	rivera banton and castiglione acquisition	216 Clyde Avenue, Falconer, NY	216 clyde avenue falconer ny
train_source1	S1-844266118	First Nutrition Enterprises LLC	first nutrition enterprises llc	first nutrition enterprises	8809 Radcliff Drive, Calabash, NC	8809 radcliff drive calabash nc
train_source1	S1-38072697	Audry Webb Tavia Company	audry webb tavia company	audry webb tavia	903 Rushcreek Road, Galloway, OH	903 rushcreek road galloway oh
train_source1	S1-22744074	Lenee Turner Sony Inc	lenee turner sony inc	lenee turner sony	19221 Summers Drive, South Bend, IN	19221 summers drive south bend in
train_source1	S1-174357952	Coriss Parker Neuberger	coriss parker neuberger	coriss parker neuberger	745 Eldon Lane, Nolensville, TN	745 eldon lane nolensville tn
train_source1	S1-712291565	Castellanos Rexford L.L.C.	castellanos rexford llc	castellanos rexford	126 Cedar Point Drive, London, KY	126 cedar point drive london ky
train_source1	S1-34957343	Sun Products Private Limited	sun products private limited	sun products	201 Annora, Rodas Enclave, Hiranandani Estate, Thane, Maharashtra	201 annora rodas enclave hiranandani estate thane maharashtra
train_source1	S1-779163586	Bhagwati Motor Private Limited	bhagwati motor private limited	bhagwati motor	12, Floor-1, Plot 166, Bhagwan Chs, Kalbadevi Road, Nr Cotton Exchange, Bhuleshwar, Kalbadevi, Mumbai, Maharashtra	12 floor 1 plot 166 bhagwan chs kalbadevi road near cotton exchange bhuleshwar kalbadevi mumbai maharashtra
train_source1	S1-122907961	Kaiser Industrial Inc	kaiser industrial inc	kaiser industrial	Charlotte, 10810 Claude Freeman Drive, NC	charlotte 10810 claude freeman drive nc
train_source1	S1-358618259	One Builders Private Limited	one builders private limited	one builders	Flat.No.202, Plot.No.25, Sunder Nagar, S.R.Nagar, Hyderabad, Telangana	flatno202 plotno25 sunder nagar srnagar hyderabad telangana
train_source1	S1-692448146	Family Elite Care Associates L.L.C.	family elite care associates llc	family elite care associates	2851 Chivalry Drive, Lafayette, IN	2851 chivalry drive lafayette in
train_source1	S1-382534463	Mccallum & Tennyson, LLC	mccallum and tennyson llc	mccallum and tennyson	74 Russell Street, Bath, ME	74 russell street bath me
train_source1	S1-648136590	DD Regional Renaissancere LLC	dd regional renaissancere llc	dd regional renaissancere	10204 Bexley Drive, Strongsville, OH	10204 bexley drive strongsville oh
train_source1	S1-982314400	Orelee Joven First Biotech Center	orelee joven first biotech center	orelee joven first biotech center	405 Chestnut Avenue, TN, Rocky Top	405 chestnut avenue tn rocky top
train_source1	S1-994873821	Lane, Rutter & Garcia California Inc	lane rutter and garcia california inc	lane rutter and garcia california	94 Broad Reach, Unit 2610, Weymouth, MA	94 broad reach unit 2610 weymouth ma
train_source1	S1-747229206	All Care Limited	all care limited	all care	E-3 Mansarover Garden, New Delhi, North Delhi, Delhi	east 3 mansarover garden new delhi north delhi delhi
train_source1	S1-992675855	Metro School of Medicine	metro school of medicine	metro school of medicine	8690 Muledeer Drive, OR, Beaverton	8690 muledeer drive or beaverton
train_source1	S1-197213235	Vanguard Research Networks Inc	vanguard research networks inc	vanguard research networks	2398 Syon Drive, Memphis, TN	2398 syon drive memphis tn
train_source1	S1-582423036	Sandhu Nidhi (India) Private Limited	sandhu nidhi india private limited	sandhu nidhi india	Garapur, Po- Kapaleswar, Ps- Kendrapara Sadar, Kendrapara, Orissa	garapur po kapaleswar ps kendrapara sadar kendrapara orissa
train_source1	S1-754543752	Federal Creative Laboratories LLC	federal creative laboratories llc	federal creative laboratories	323 Colvin Avenue, Unit Apartment 2, Buffalo, NY	323 colvin avenue unit apartment 2 buffalo ny
train_source1	S1-763705781	Continental Enterprises	continental enterprises	continental enterprises	10101 A Street, Lincoln, NE	10101 a street lincoln ne
train_source1	S1-941443590	Eastern Products Private Limited	eastern products private limited	eastern products	Flat No 104, Sr No 35/13, Dudhwala Complex, Lane A2, Pune City, Pune, Maharashtra	flat number 104 sr number 35 13 dudhwala complex lane a2 pune city pune maharashtra
train_source1	S1-154857097	Big It Private Limited	big it private limited	big it	147, 14Th Floor, Atlanta, Nariman Point, Mumbai, Maharashtra	147 14th floor atlanta nariman point mumbai maharashtra
train_source1	S1-874716873	Cardiology Elite Associates Co	cardiology elite associates co	cardiology elite associates	Woodstock, IL, 2205 Aspen Drive	woodstock il 2205 aspen drive
train_source1	S1-901087398	DX Elite Inc	dx elite inc	dx elite	101 Crane Street, Kittery, ME	101 crane street kittery me
train_source1	S1-32757469	ORH American Drilling	orh american drilling	orh american drilling	108 Addilyn Circle, Warsaw, NC	108 addilyn circle warsaw nc
train_source1	S1-189106248	Kistner Karbon LLC	kistner karbon llc	kistner karbon	1462 26th Avenue, Unit APT 24, Anchorage, AK	1462 26th avenue unit apartment 24 anchorage ak
train_source1	S1-282737265	Community Committee PLLC	community committee pllc	community committee pllc	1435 Allen Lane, Conover, NC	1435 allen lane conover nc
train_source1	S1-939045953	Abrams and Michelson Centurion Clinic	abrams and michelson centurion clinic	abrams and michelson centurion clinic	7927 Cortland Parkway, Elmwood Park, IL	7927 cortland parkway elmwood park il
train_source1	S1-508380113	Dixon Applied Co	dixon applied co	dixon applied	14 Acorn Valley Trail, Ogden, NY	14 acorn valley trail ogden ny
train_source1	S1-946616972	Kip Wilson Empire Antimony	kip wilson empire antimony	kip wilson empire antimony	20 Amelia Drive, Nantucket, MA	20 amelia drive nantucket ma
train_source1	S1-592043070	Visakhapatnam Global Private Limited	visakhapatnam global private limited	visakhapatnam global	G-1, Paradise Towers Seethammadhara, Visakhapatnam, Vishakhapatnam, Andhra Pradesh	g 1 paradise towers seethammadhara visakhapatnam vishakhapatnam andhra pradesh
train_source1	S1-326460389	Merrill, Stevens and Baskerville Inc	merrill stevens and baskerville inc	merrill stevens and baskerville	1059 Manchester Avenue, Norfolk City, VA	1059 manchester avenue norfolk city va
train_source1	S1-382001550	Martin, Shirah & Castro Omega	martin shirah and castro omega	martin shirah and castro omega	783 500, Unit 2, Logan City, UT	783 500 unit 2 logan city ut
train_source1	S1-385259135	Innovative Investments Private Limited	innovative investments private limited	innovative investments	Shop No. 142, Infinity Arcade, Nr. Pratap Nagar Bridge, Vadodara, Gujarat	shop number 142 infinity arcade near pratap nagar bridge vadodara gujarat
train_source1	S1-49462470	Bangalore North Infratech Ltd	bangalore north infratech ltd	bangalore north infratech	Site No-83 & 84, 1St Cross, Bangalore North, Bangalore, Karnataka	site number 83 and 84 1st cross bangalore north bangalore karnataka
train_source1	S1-482850607	Golden Investments Private Limited	golden investments private limited	golden investments	Plot No B-58, Row House, Sector-15 Kalmboli Navi, Panvel, Raigarh(Mh), Maharashtra	plot number b 58 row house sector 15 kalmboli navi panvel raigarhmh maharashtra
train_source1	S1-908259334	Sterling Defense Works	sterling defense works	sterling defense works	Midlothian, 4341 Stonewood Circle, TX	midlothian 4341 stonewood circle tx
train_source1	S1-496284884	D 9 Optimal Surgical P.C.	d 9 optimal surgical pc	d 9 optimal surgical pc	4500 Sage Brush Avenue, San Tan Valley, AZ	4500 sage brush avenue san tan valley az
train_source1	S1-773761679	Ahmedabad Aesthetics Ltd	ahmedabad aesthetics ltd	ahmedabad aesthetics	202, Ashoka, Opp. Mahadev Nagar Bus Stop S. P. Stadium Road, Navrangpura, Ahmedabad, Gujarat	202 ashoka opposite mahadev nagar bus stop south p stadium road navrangpura ahmedabad gujarat
train_source1	S1-888312490	JEQ Saul Inc	jeq saul inc	jeq saul	526 Spring Avenue, Wise Town, VA	526 spring avenue wise town va
train_source1	S1-777263507	Womens Health Care Associates LLC	womens health care associates llc	womens health care associates	OR, Unit Space 108, 3355 Delta Highway, Eugene	or unit space 108 3355 delta highway eugene
train_source1	S1-798808592	Memorial Guild Associates	memorial guild associates	memorial guild associates	8872 Bluff Lane, Fair Oaks, CA	8872 bluff lane fair oaks ca
train_source1	S1-686588081	Gulf Express Hyperliquid LLC	gulf express hyperliquid llc	gulf express hyperliquid	Morganfield, KY, 513 Spalding Street	morganfield ky 513 spalding street
train_source1	S1-655715556	Tech Developers Private Limited	tech developers private limited	tech developers	48 A Mundhawa Pune, Pune, Maharashtra	48 a mundhawa pune pune maharashtra
train_source1	S1-29661695	Holcomb Star Machines LLC	holcomb star machines llc	holcomb star machines	1953 Molly Circle, York, SC	1953 molly circle york sc
train_source1	S1-510937618	Arihant Consultants LLP	arihant consultants llp	arihant consultants	A/622, Siddhivinayak Business Towers, Makarba, Vejalpur, Ahmedabad, Gujarat	a 622 siddhivinayak business towers makarba vejalpur ahmedabad gujarat
train_source1	S1-840156337	C 8 H Old LLC	c 8 h old llc	c 8 h old	10664 Old Cox Pike, Bon Aqua, TN	10664 old cox pike bon aqua tn
train_source1	S1-633819812	Superior Schwab LLC	superior schwab llc	superior schwab	2122 Lincoln Avenue, Parma, OH	2122 lincoln avenue parma oh
train_source1	S1-563624255	Keystone Highland Inc	keystone highland inc	keystone highland	Imboden, AR, 205 Kentucky Street	imboden ar 205 kentucky street
train_source1	S1-483838932	Abrams & Mcdonald Inc	abrams and mcdonald inc	abrams and mcdonald	1714 Morningside Dr, Iowa City, IA	1714 morningside drive iowa city ia
train_source1	S1-272480291	Export Advisors	export advisors	export advisors	Papanasam Beach Varakala, Trivandrum, Kerala	papanasam beach varakala trivandrum kerala
train_source1	S1-967399132	Eye Medicine	eye medicine	eye medicine	502 Valley Oak Drive, Bremerton, WA	502 valley oak drive bremerton wa
train_source1	S1-498703392	Zenia Hall Quartzsea	zenia hall quartzsea	zenia hall quartzsea	OK, Anadarko, 809 Georgia Avenue	ok anadarko 809 georgia avenue
train_source1	S1-560853131	Patriot Investments	patriot investments	patriot investments	7835 118th Street, Seattle, WA	7835 118th street seattle wa
train_source1	S1-337342340	Valley Initiative	valley initiative	valley initiative	301 Spencer Street, Wolfe City, TX	301 spencer street wolfe city tx
train_source1	S1-307185770	Digital Healthcare	digital healthcare	digital healthcare	Pune, Maharashtra, 39/39 Darshangad Apt Lane 09 Prabhat Rd Mh Erandwane Pune, Pune	pune maharashtra 39 39 darshangad apartment lane 09 prabhat road mh erandwane pune pune
train_source1	S1-851334426	Solstice Inc	solstice inc	solstice	14 9th Street, Richmond, IN	14 9th street richmond in
train_source1	S1-90346785	De Swan Value Defi Inc	de swan value defi inc	de swan value defi	Munster, 9838 Pasturegate Lane, IN	munster 9838 pasturegate lane in
train_source1	S1-820114606	Mazel Products (India) Private Limited	mazel products india private limited	mazel products india	Door No:04/448 Near Jamia Islamia Arts&Science College, Karakkunnu, Trikkalangode, Malappuram, Malapuram, Kerala	door no04 448 near jamia islamia arts and science college karakkunnu trikkalangode malappuram malapuram kerala
train_source1	S1-797361235	Indian Consulting Private Limited	indian consulting private limited	indian consulting	Bareilly, Agrass, Po Khas, House Number 72, Uttar Pradesh, Bareilly	bareilly agrass po khas house number 72 uttar pradesh bareilly
train_source1	S1-71612684	ASC Fact	asc fact	asc fact	104 Fairmount Pvt Street, Gallatin, TN	104 fairmount pvt street gallatin tn
train_source1	S1-971788456	Urban Massage!	urban massage	urban massage	22823 Pearl Circle, Detroit Lakes, MN	22823 pearl circle detroit lakes mn
train_source1	S1-780599979	Board of Parks and Recreation	board of parks and recreation	board of parks and recreation	MO, Columbia, Fl 1, 2608 Stadium Boulevard	mo columbia fl 1 2608 stadium boulevard
train_source1	S1-327146826	Prime Capital	prime capital	prime capital	Modayil Centre Point, 5Th Floor, Door No. 39/2638F Pallimukku, M G Road, Kochi, Ernakulam, Kerala	modayil centre point 5th floor door number 39 2638f pallimukku m g road kochi ernakulam kerala
train_source1	S1-994551021	Trout, Frank & Green Can	trout frank and green can	trout frank and green can	16 Harmon Road, Glenville, NY	16 harmon road glenville ny
train_source1	S1-633264119	Hammer, Donahoe and Aziz River LLC	hammer donahoe and aziz river llc	hammer donahoe and aziz river	987 Whisperwood Cove, Kaysville, UT	987 whisperwood cove kaysville ut
train_source1	S1-316185490	Boyles & Howard Trailblazer LLC	boyles and howard trailblazer llc	boyles and howard trailblazer	1 Parsons Dr, Hiawatha, IA	1 parsons drive hiawatha ia
train_source1	S1-122297973	Superior Equity Union	superior equity union	superior equity union	145 Knapps Road, Claverack, NY	145 knapps road claverack ny
train_source1	S1-349075346	Lockwood Choice Rocky Inc	lockwood choice rocky inc	lockwood choice rocky	18245 Occidental Avenue, Burien, WA	18245 occidental avenue burien wa
train_source1	S1-964925471	Heritage Fund	heritage fund	heritage fund	6005 Ten Ten Road, Apex, NC	6005 ten ten road apex nc
train_source1	S1-744150463	Primary Care Physicians LP	primary care physicians lp	primary care physicians lp	9850 Cedar Drive, Sun City, AZ	9850 cedar drive sun city az
train_source1	S1-142056968	Oconnor's Classic Pet Care	oconnors classic pet care	oconnors classic pet care	431 Fernwood Drive, Yadkinville, NC	431 fernwood drive yadkinville nc
train_source1	S1-541913177	Benedikta Mahl Elite Interprivate P.C.	benedikta mahl elite interprivate pc	benedikta mahl elite interprivate pc	3720 Poinsettia Drive, Phoenix, AZ	3720 poinsettia drive phoenix az
train_source1	S1-865819910	Galaxy Academy	galaxy academy	galaxy academy	C 345 2Nd Floor Defence Colony, Delhi, South Delhi, Delhi	c 345 2nd floor defence colony delhi south delhi delhi
train_source1	S1-295693503	Hunt and Barfield Associates	hunt and barfield associates	hunt and barfield associates	30 Cameron Street, Springfield, MA	30 cameron street springfield ma
train_source1	S1-865597381	Pediatric Dental Direct Care	pediatric dental direct care	pediatric dental direct care	811 Charlotte Street, Dickson, TN	811 charlotte street dickson tn
train_source1	S1-133656110	Shen Prime Harmony	shen prime harmony	shen prime harmony	106 Briarcliff Drive, Liberty Center, OH	106 briarcliff drive liberty center oh
train_source1	S1-155893581	Russell, Chris P., D.D.S.	russell chris p dds	russell chris p dds	564 Walnut Street, Richfield, KS	564 walnut street richfield ks
train_source1	S1-799709383	Austin Mountain Islands	austin mountain islands	austin mountain islands	3507 Ponderosa Drive, Grand Prairie, TX	3507 ponderosa drive grand prairie tx
train_source1	S1-618141630	Valley Alliance L.L.C.	valley alliance llc	valley alliance	181 Oates Lane, Ellamore, WV	181 oates lane ellamore wv
train_source1	S1-459898634	West Patriot Metal Inc	west patriot metal inc	west patriot metal	34 Fassett Street, Wellsville, NY	34 fassett street wellsville ny
train_source1	S1-714975960	Pinnacle Cayman LLC	pinnacle cayman llc	pinnacle cayman	1396 Sunflower Drive, Yorktown, NY	1396 sunflower drive yorktown ny
train_source1	S1-488863775	Trikuta Logistics Pvt. Ltd.	trikuta logistics pvt ltd	trikuta logistics	C/O - Vijay Kumar, Keshav Kumar Kumar Tower, Patna Sadar, Boring Road, Patna, Bihar	c o vijay kumar keshav kumar kumar tower patna sadar boring road patna bihar
train_source1	S1-734555291	Ranjeev Technology Private Limited	ranjeev technology private limited	ranjeev technology	80 Bardan Mandi Palda, Indore, Madhya Pradesh	80 bardan mandi palda indore madhya pradesh
train_source1	S1-996332987	International Enterprises Private Limited	international enterprises private limited	international enterprises	Mumbai, Maharashtra, 12 Bhagwati Bhuvan No 231-B Carmichael Road	mumbai maharashtra 12 bhagwati bhuvan number 231 b carmichael road
train_source1	S1-41619373	Him Law Chambers Private Limited	him law chambers private limited	him law chambers	166 Unit No. 01, 2Nd Floor, Near Mayur Vihar Phase 1, Metro Station, Pocket 4, Mayur Vihar, East Delhi, Delhi	166 unit number 01 2nd floor near mayur vihar phase 1 metro station pocket 4 mayur vihar east delhi delhi
train_source1	S1-142514038	Hah Asia Pvt Ltd	hah asia pvt ltd	hah asia	Noida, Gautam Buddha Nagar, 1St Floor, Luxmi Place Market Atta, Sector-27, 6, Uttar Pradesh	noida gautam buddha nagar 1st floor luxmi place market atta sector 27 6 uttar pradesh
train_source1	S1-979207238	Creative Energy Pvt Ltd	creative energy pvt ltd	creative energy	G-42, Grain Merchant C.H.S. Ltd., Sector 17, Vashi, Vashi, Thane, Maharashtra	g 42 grain merchant chs ltd sector 17 vashi vashi thane maharashtra
train_source1	S1-514974575	Anukul Specialists Ltd	anukul specialists ltd	anukul specialists	No.45, Alankar Plaza, Subaraju Layout, Kotthanur Dinne Main Road, Bangalore South, Bangalore, Karnataka	no45 alankar plaza subaraju layout kotthanur dinne main road bangalore south bangalore karnataka
train_source1	S1-313115959	Le Montessori School	le montessori school	le montessori school	5000 Needham Drive, Unit 1115, Smyrna, TN	5000 needham drive unit 1115 smyrna tn
train_source1	S1-645049490	Shivam Engineering Private Limited	shivam engineering private limited	shivam engineering	1E/22Swami Ram Tirath Nagar, New Delhi, Central Delhi, Delhi	1e 22swami ram tirath nagar new delhi central delhi delhi
train_source1	S1-99005429	Aditya Ace Finance Pvt Ltd	aditya ace finance pvt ltd	aditya ace finance	393/18, Anakkuzhy, Nedumangad, Thiruvananthapuram, Trivandrum, Kerala	393 18 anakkuzhy nedumangad thiruvananthapuram trivandrum kerala
train_source1	S1-720206442	LK Global Mozayyx LLC	lk global mozayyx llc	lk global mozayyx	403 6th Street, Newport, TN	403 6th street newport tn
train_source1	S1-747799453	Al Finance Limited	al finance limited	al finance	603, Sankar Mahal Premises Co-Op. Soc Ctc 874, F. P. B, Vile Parle (West), Mumbai, Mumbai City, Maharashtra	603 sankar mahal premises co op soc ctc 874 f p b vile parle west mumbai mumbai city maharashtra
train_source1	S1-389823921	Smart Broadcast Technologies L.L.C.	smart broadcast technologies llc	smart broadcast technologies	1106 Cheyenne Trail, Springdale, AR	1106 cheyenne trail springdale ar
train_source1	S1-777331247	Allied Biomedical Concepts LLC	allied biomedical concepts llc	allied biomedical concepts	146 Main Street, Tonawanda, NY	146 main street tonawanda ny
train_source1	S1-985233868	Vijay Systems Pvt Ltd	vijay systems pvt ltd	vijay systems	B-306, Crestia, Casa Bella Gold, Shil Road, Kalyan, Thane, Maharashtra	b 306 crestia casa bella gold shil road kalyan thane maharashtra
train_source1	S1-149848357	Indraloke Technologies Private Limited	indraloke technologies private limited	indraloke technologies	44, B.T Road, P.O-Titagarh, Titagarh], North 24 Parganas, West Bengal	44 bt road po titagarh titagarh north 24 parganas west bengal
train_source1	S1-190337071	Brynna Gallagher Oriental Inc.	brynna gallagher oriental inc	brynna gallagher oriental	Grand Prairie, TX, 610 Woodcrest Drive	grand prairie tx 610 woodcrest drive
train_source1	S1-317420934	Ashok Ventures	ashok ventures	ashok ventures	Plot E-530, Basement, Palam Extn., Sector-7, New Delhi, Delhi	plot east 530 basement palam extn sector 7 new delhi delhi
train_source1	S1-719726318	Modern Environmental Ventures	modern environmental ventures	modern environmental ventures	1342 James Drive, Avon, IN	1342 james drive avon in
train_source1	S1-575923620	Cho Cosmetics Corp	cho cosmetics corp	cho cosmetics	Medford, Fl 1, 777 Wabash Avenue, OR	medford fl 1 777 wabash avenue or
train_source1	S1-422318491	Growmore Soil Pvt. Ltd.	growmore soil pvt ltd	growmore soil	4 Shiv Sadanist Floor C Road Churchgate, Mumbai, Maharashtra	4 shiv sadanist floor c road churchgate mumbai maharashtra
train_source1	S1-991504592	Primary Care Partners Inc	primary care partners inc	primary care partners	1222 Meltonville Church Road, Marshville, NC	1222 meltonville church road marshville nc
train_source1	S1-117227369	Mareah Zweifel Trusted Titan LLC	mareah zweifel trusted titan llc	mareah zweifel trusted titan	2018 Chase Avenue, Chicago, IL	2018 chase avenue chicago il
train_source1	S1-626026274	Orban Hancock	orban hancock	orban hancock	10855 Gambril Drive, Unit UNIT 12, Prince William County, VA	10855 gambril drive unit unit 12 prince william county va
train_source1	S1-337875611	Ivenify Keystone LLC	ivenify keystone llc	ivenify keystone	183 28, Unit 107, Yarmouth, MA	183 28 unit 107 yarmouth ma
train_source1	S1-862053862	Universal & Co	universal and co	universal and	85, Vindhya Commercial Complex, Sector 11 Cbd Belapur, Navi Mumbai, Navi Mumbai, Mumbai City, Maharashtra	85 vindhya commercial complex sector 11 cbd belapur navi mumbai navi mumbai mumbai city maharashtra
train_source1	S1-413851409	Mahesh & Sons Private Limited	mahesh and sons private limited	mahesh and sons	Dsk Gandhkosh, Wing C 504, Haveli, Pune, Maharashtra	dsk gandhkosh wing c 504 haveli pune maharashtra
train_source1	S1-970298997	Mukambika Fertilizers Private Limited	mukambika fertilizers private limited	mukambika fertilizers	No 51 Marriyy-Amman Avnue, Jai Ngr Ext. Karumandapam, Tiruchirappalli, Tamil Nadu	number 51 marriyy amman avnue jai ngr ext karumandapam tiruchirappalli tamil nadu
train_source1	S1-664894259	Green Care Private Limited	green care private limited	green care	Mumbai, 108/B Evening Gloryraheja Vihar Powai, Maharashtra, Mumbai	mumbai 108 b evening gloryraheja vihar powai maharashtra mumbai
train_source1	S1-293109677	Upper Apartment Center	upper apartment center	upper apartment center	2369 S Point Road, Belmont, NC	2369 south point road belmont nc
train_source1	S1-164717857	Carry Developers Clinic	carry developers clinic	carry developers clinic	No 65 5Th Cross Indlabele Road Jayanna Layout, Attibele Anekal Taluk, Bangalore, Karnataka	number 65 5th cross indlabele road jayanna layout attibele anekal taluk bangalore karnataka
train_source1	S1-639180107	Projects Jb Gain Pvt. Ltd.	projects jb gain pvt ltd	projects jb gain	6 New Rohtak Road, New Delhi, Delhi	6 new rohtak road new delhi delhi
train_source1	S1-551363317	Harriot Flores Security	harriot flores security	harriot flores security	MO, Ballwin, 805 Gaillard Court	mo ballwin 805 gaillard court
train_source1	S1-426007492	Preet Vihar Ajnala Road Distribution Pvt Ltd	preet vihar ajnala road distribution pvt ltd	preet vihar ajnala road distribution	176, Preet Vihar Ajnala Road, Amritsar, Punjab	176 preet vihar ajnala road amritsar punjab
train_source1	S1-99058243	Hernandez Equity Partners Corp	hernandez equity partners corp	hernandez equity partners	7488 68, Elberfeld, IN	7488 68 elberfeld in
train_source1	S1-752808975	Hyderabad Agro Limited	hyderabad agro limited	hyderabad agro	39-109, Plot No 109 A F Co Operative Society, Sainikpuri, Hyderabad, Telangana	39 109 plot number 109 a f co operative society sainikpuri hyderabad telangana
train_source1	S1-51342588	Rowe Stellar Inc	rowe stellar inc	rowe stellar	125 Lowery Street, Forest City, NC	125 lowery street forest city nc
train_source1	S1-561692020	Sunrise Consultants Private Limited	sunrise consultants private limited	sunrise consultants	94 The Retreat Tharabanahalli, Bengaluru, Bangalore, Karnataka	94 the retreat tharabanahalli bengaluru bangalore karnataka
train_source1	S1-322494711	Quirk, Bement & Mason Healthcare Inc	quirk bement and mason healthcare inc	quirk bement and mason healthcare	White Bear Lake, Unit Unit 316, 3666 E County Line Road, MN	white bear lake unit unit 316 3666 east county line road mn
train_source1	S1-887329419	V & T Resorts, LLC	v and t resorts llc	v and t resorts	5605 Southlea Street, Houston, TX	5605 southlea street houston tx
train_source1	S1-883410905	Royal Management Private Limited	royal management private limited	royal management	Plotno 122 123 Subplot 23, Ramtekadi Industrial Esta, Pune City, Pune, Maharashtra	plotno 122 123 subplot 23 ramtekadi industrial esta pune city pune maharashtra
train_source1	S1-618836769	Abhijay Agro	abhijay agro	abhijay agro	C/O. Hiravati Devi, Vill Kekarhi, Postkekarhi, Robertsganj, Sonbhadra, Uttar Pradesh	c o hiravati devi vill kekarhi postkekarhi robertsganj sonbhadra uttar pradesh
train_source1	S1-768044770	FPG Producer Private Limited	fpg producer private limited	fpg producer	A-240, Kh No. 264, Gf Village Chattarpur, South West Delhi, Delhi	a 240 kh number 264 gf village chattarpur south west delhi delhi
train_source1	S1-861208837	Feit Texas	feit texas	feit texas	1619 Galleria Club Lane, Unit 304, Charlotte, NC	1619 galleria club lane unit 304 charlotte nc
train_source1	S1-575511645	Harwood's Mortgage	harwoods mortgage	harwoods mortgage	1159 Whitewater Drive, Buchanan County, VA	1159 whitewater drive buchanan county va
train_source1	S1-823468609	Obsidian Inc.	obsidian inc	obsidian	15 Leona Drive, Yonkers, NY	15 leona drive yonkers ny
train_source1	S1-255988217	Sorao Allegro Inc.	sorao allegro inc	sorao allegro	308 Main Street, Elmira, NY	308 main street elmira ny
train_source1	S1-37245133	Goan Highway Private Limited	goan highway private limited	goan highway	254, Sachidanand Nagar, Indore, Madhya Pradesh	254 sachidanand nagar indore madhya pradesh
train_source1	S1-554153436	Sharp's Trusted Realty LLC	sharps trusted realty llc	sharps trusted realty	4A 56 Apple Canyon Road, Apple River, IL	4a 56 apple canyon road apple river il
train_source1	S1-328677340	Praise Educational Society	praise educational society	praise educational society	Village & Tal: Kodinar Dist: Junagadh, Junagadh, Gujarat	village and tal kodinar dist junagadh junagadh gujarat
train_source1	S1-164813708	LGE Realty Limited	lge realty limited	lge realty	H.No 277, Phase 4, Nimri Colony, Delhi, North West Delhi, Delhi	hno 277 phase 4 nimri colony delhi north west delhi delhi
train_source1	S1-646968667	Shree & Brothers	shree and brothers	shree and brothers	Nakshatra Hights, Office No. 404 Opp. Telephone Exchange, 150 Ft Ring Roa, D, Rajkot, Gujarat	nakshatra hights office number 404 opposite telephone exchange 150 ft ring roa d rajkot gujarat
train_source1	S1-212282653	Unified Couriers	unified couriers	unified couriers	15930 Ruby Drive, Milwaukie, OR	15930 ruby drive milwaukie or
train_source1	S1-361650761	Raju, Taylor & Homer Ltd	raju taylor and homer ltd	raju taylor and homer	WA, Kirkland, 10648 45th Street	wa kirkland 10648 45th street
train_source1	S1-775249786	Infra Srisha Maharaj Limited	infra srisha maharaj limited	infra srisha maharaj	Thane, Maharashtra, Thane, Shiv Shakti Bldg, Shanti Vidhya Ngr Hatkesh, D-1-Sh-1	thane maharashtra thane shiv shakti building shanti vidhya ngr hatkesh d 1 sh 1
train_source1	S1-985708703	Piedmont Jaws LLC	piedmont jaws llc	piedmont jaws	9761 102 Thorne Cliff Way, Unit UNIT, Fishers, IN	9761 102 thorne cliff way unit unit fishers in
train_source1	S1-651255855	Optdiva Industries Inc	optdiva industries inc	optdiva industries	1220 Powerhouse Road, Elbridge, NY	1220 powerhouse road elbridge ny
train_source1	S1-932579262	Tirupati Impex Private Limited	tirupati impex private limited	tirupati impex	1202 Kritika Towers11 Sion Trombay Rd Nr R K Studio Chembur, Mumbai, Maharashtra	1202 kritika towers11 sion trombay road near r k studio chembur mumbai maharashtra
train_source1	S1-999023589	Sunrise Builders Limited	sunrise builders limited	sunrise builders	Karnataka, Bangalore, 4A, Peenya Industrial Area, Bangalore	karnataka bangalore 4a peenya industrial area bangalore
train_source1	S1-40587009	Reeves Institute of Technology	reeves institute of technology	reeves institute of technology	5221 Wickberg Road, Snowflake, AZ	5221 wickberg road snowflake az
train_source1	S1-228432450	Family Partners LLC	family partners llc	family partners	8728 Palmer Street, River Grove, IL	8728 palmer street river grove il
train_source1	S1-459311345	Marker Westin	marker westin	marker westin	105 Michael Donald Avenue, Unit A, Mobile, AL	105 michael donald avenue unit a mobile al
train_source1	S1-221384458	New Business Pvt Ltd	new business pvt ltd	new business	Survey Number 39/A/2/3, House Number 2/163, Building Number 7, Flat 15, Durvankur Apartment, Manikbag, Amrutanagar, Pune City, Pune, Maharashtra	survey number 39 a 2 3 house number 2 163 building number 7 flat 15 durvankur apartment manikbag amrutanagar pune city pune maharashtra
train_source1	S1-450360068	TXX Finance Ltd	txx finance ltd	txx finance	T.C.X. South 56, Gandhidham, Gujarat	tcx south 56 gandhidham gujarat
train_source1	S1-846069907	Savitri Shipping Private Limited	savitri shipping private limited	savitri shipping	No 45 & 46, Nbr Tulip, First Floor 17Th A Main, Indiranagar, Hal 2Nd Stage, Bangalore, Karnataka	number 45 and 46 nbr tulip first floor 17th a main indiranagar hal 2nd stage bangalore karnataka
train_source1	S1-664503524	Ingenious Exports (India) Private Limited	ingenious exports india private limited	ingenious exports india	Flatno 104 H No 6-2-11/1 Surabhiplaza, Lakadikapul, Hyderabad, Hyderabad, Telangana	flatno 104 h number 6 2 11 1 surabhiplaza lakadikapul hyderabad hyderabad telangana
train_source1	S1-255826527	Ace Infotech Limited	ace infotech limited	ace infotech	467, Sector-15-A, Faridabad, Haryana	467 sector 15 a faridabad haryana
train_source1	S1-640963226	Surya Foods Limited	surya foods limited	surya foods	Ff-53, Avishkar Complex Old Padra Road, Vadodara, Gujarat	ff 53 avishkar complex old padra road vadodara gujarat
train_source1	S1-791176254	Sager Gulf Software	sager gulf software	sager gulf software	6704 412, Linden, TN	6704 412 linden tn
train_source1	S1-529619943	Precision Eaton	precision eaton	precision eaton	89 Central Avenue, Milton, MA	89 central avenue milton ma
train_source1	S1-638411138	All Products Private Limited	all products private limited	all products	H. No- 570/47, Kh No - 47 Maidan Ghari Extn, Pole No 1587, New Delhi, Delhi	h number 570 47 kh number 47 maidan ghari extn pole number 1587 new delhi delhi
train_source1	S1-478267847	Lorianna Jimenez Harbor Source	lorianna jimenez harbor source	lorianna jimenez harbor source	525 Hackett Street, City Of Beloit, WI	525 hackett street city of beloit wi
train_source1	S1-636418528	Department of Buildings Group	department of buildings group	department of buildings group	Milton, NY, 9 Burning Pines Drive	milton ny 9 burning pines drive
train_source1	S1-261677136	Montari Spire	montari spire	montari spire	34184 Tanglewood Pass, San Tan Valley, AZ	34184 tanglewood pass san tan valley az
train_source1	S1-481932363	Interstate Charities	interstate charities	interstate charities	1 Riverside Road, Essex, MD	1 riverside road essex md
train_source1	S1-227692321	Almeta Hook Emera Inc	almeta hook emera inc	almeta hook emera	45 San Francisco Avenue, Los Lunas, NM	45 san francisco avenue los lunas nm
train_source1	S1-508273585	Krs Powertech Private Limited	krs powertech private limited	krs powertech	Bajaj Bhawan Jamnalal Bajajmarg Nariman Point, Mumbai, Maharashtra	bajaj bhawan jamnalal bajajmarg nariman point mumbai maharashtra
train_source1	S1-81487041	Office of Sanitation	office of sanitation	office of sanitation	12722 Phinney Avenue, Seattle, WA	12722 phinney avenue seattle wa
train_source1	S1-723559599	Aviation Consultants (India) Pvt. Ltd.	aviation consultants india pvt ltd	aviation consultants india	No. 13, Brigade Road, Bangalore North, Bangalore, Karnataka	number 13 brigade road bangalore north bangalore karnataka
train_source1	S1-63301966	Keystone Hospitality Group	keystone hospitality group	keystone hospitality group	Montebello, NY, 42 Coe Farm Road	montebello ny 42 coe farm road
train_source1	S1-831589398	Neilla Robinson, Ph.D., P.C.	neilla robinson phd pc	neilla robinson phd pc	5335 Brookway Drive, Houston, TX	5335 brookway drive houston tx
train_source1	S1-196317991	Jones Delta Estate LLC	jones delta estate llc	jones delta estate	Chicago, 5641 Kimbark Avenue, IL	chicago 5641 kimbark avenue il
train_source1	S1-528021997	Urology Direct Health LLC	urology direct health llc	urology direct health	3308 4th Street, Washington, DC	3308 4th street washington dc
train_source1	S1-911488145	Machesney Park Community Regional Association	machesney park community regional association	machesney park community regional association	8311 Hickory Tree Drive, Machesney Park, IL	8311 hickory tree drive machesney park il
train_source1	S1-75252744	Pediatric Dental Center of Cleveland Partners	pediatric dental center of cleveland partners	pediatric dental center of cleveland partners	11220 Clifton Boulevard, Cleveland, OH	11220 clifton boulevard cleveland oh
train_source1	S1-857215332	White Specialists of Rock Hill	white specialists of rock hill	white specialists of rock hill	219 Miller Street, Rock Hill, SC	219 miller street rock hill sc
train_source1	S1-841221633	Shree Designs Private Limited	shree designs private limited	shree designs	Acme Eden Court Sector - 91, Punjab, Mohali, Flat No. 701	acme eden court sector 91 punjab mohali flat number 701
train_source1	S1-58259520	Better Security Worldwide LLC	better security worldwide llc	better security worldwide	402 Church Street, Ofallon, MO	402 church street ofallon mo
train_source1	S1-26989708	Innovative Food Private Limited	innovative food private limited	innovative food	E-57A, Sector-63, Noida, Ghaziabad, Uttar Pradesh	east 57a sector 63 noida ghaziabad uttar pradesh
train_source1	S1-429792102	090 Archimedes LLC	090 archimedes llc	090 archimedes	808 Craten Road, Norfolk City, VA	808 craten road norfolk city va
train_source1	S1-942590387	Brightium Robinhood LLC	brightium robinhood llc	brightium robinhood	33269 190th Street, 22, IA	33269 190th street 22 ia
train_source1	S1-794691757	Thomas Industries Group	thomas industries group	thomas industries group	Flat No. Mum- 022(Ground Floor), Mumbai Tower, Unnati Awas Yojana Ganpati World-Ii Budhera, Agra, Uttar Pradesh	flat number mum 022ground floor mumbai tower unnati awas yojana ganpati world ii budhera agra uttar pradesh
train_source1	S1-249354768	Eggleston Precision Lake Inc	eggleston precision lake inc	eggleston precision lake	333 Perkinsville Road, Marlborough, NY	333 perkinsville road marlborough ny
train_source1	S1-656530080	Creative Sangh	creative sangh	creative sangh	Survey #31/1, Ii Floor, Seetharamapalya, Industria Area, Graphite India Road, Bangalore, Bangalore, Karnataka	survey 31 1 ii floor seetharamapalya industria area graphite india road bangalore bangalore karnataka
train_source1	S1-59633785	Patel, Cagle & Davies Translational	patel cagle and davies translational	patel cagle and davies translational	2052 Oxford Heights, Fort Mill, SC	2052 oxford heights fort mill sc
train_source1	S1-931228719	Black Consultancy Private Limited	black consultancy private limited	black consultancy	1235, 9Th Main Road Vijaya Nagar, Bengalore, Bangalore, Karnataka	1235 9th main road vijaya nagar bengalore bangalore karnataka
train_source1	S1-866433024	Moore Signature Shanghai Inc	moore signature shanghai inc	moore signature shanghai	Upper Marlboro, 9232 Goldenrod Lane, MD	upper marlboro 9232 goldenrod lane md
train_source1	S1-607950025	Sarvoday Solutions Corp	sarvoday solutions corp	sarvoday solutions	Groundfloor, Aayansh, A-23, Green Acres Bungalow Off Din Querry Rd, Nearshivajichowk, Panjrapole Deonar, Mumbai City, Maharashtra	groundfloor aayansh a 23 green acres bungalow off din querry road nearshivajichowk panjrapole deonar mumbai city maharashtra
train_source1	S1-454760542	Tri-State Program	tri state program	tri state program	8012 Kenai Court, Vacaville, CA	8012 kenai court vacaville ca
train_source1	S1-120848698	Universal Bombay Media Private Limited	universal bombay media private limited	universal bombay media	Krishnapur, Ahiyapur, Raebareli, Uttar Pradesh	krishnapur ahiyapur raebareli uttar pradesh
train_source1	S1-434744980	Manali Wide Private Limited	manali wide private limited	manali wide	P N30 1911 Saraswati Puram, Mawaiya Rbl Rd Lucknow, Lucknow, Uttar Pradesh	p n30 1911 saraswati puram mawaiya rbl road lucknow lucknow uttar pradesh
train_source1	S1-420208517	Daniela Levens, M.D.	daniela levens md	daniela levens md	1017 Gadwall Drive, Alabaster, AL	1017 gadwall drive alabaster al
train_source1	S1-852951897	Bangalore-2. Pioneer Private Limited	bangalore 2 pioneer private limited	bangalore 2 pioneer	54, Khader Sheriff Gardens, Bangalore-2., Bangalore, Karnataka	54 khader sheriff gardens bangalore 2 bangalore karnataka
train_source1	S1-855613013	Continental Council	continental council	continental council	37 Knollwood Drive, Yarmouth, MA	37 knollwood drive yarmouth ma
train_source1	S1-190639849	Automated Mobility Solutions Group	automated mobility solutions group	automated mobility solutions group	3622 Creek Club Drive, Missouri City, TX	3622 creek club drive missouri city tx
train_source1	S1-549896019	Pravin Jewels Private Limited	pravin jewels private limited	pravin jewels	A 150Sarswati Vihar, New Delhi, North Delhi, Delhi	a 150sarswati vihar new delhi north delhi delhi
train_source1	S1-409799510	Russell Motors	russell motors	russell motors	709 Barksdale Road, Newark, DE	709 barksdale road newark de
train_source1	S1-329965372	Yang Piedmont Gesher LLC	yang piedmont gesher llc	yang piedmont gesher	44033 Mervell Court, MD, Hollywood	44033 mervell court md hollywood
train_source1	S1-383119338	Padma Farmer Private Limited	padma farmer private limited	padma farmer	Nagaur, Hanuman Ram S/O Akha Ram, Rajasthan, Akhasar	nagaur hanuman ram south o akha ram rajasthan akhasar
train_source1	S1-67951851	United (India) Design Corporation	united india design corporation	united india design	83F, Belgachia Road, Kolkata, Parganas North, West Bengal	83f belgachia road kolkata parganas north west bengal
train_source1	S1-124034271	Ermengarde's Eye Care PLLC	ermengardes eye care pllc	ermengardes eye care pllc	418 Mcclellan Avenue, Nashville, TN	418 mcclellan avenue nashville tn
train_source1	S1-143665407	Credit Media Alliance Group	credit media alliance group	credit media alliance group	11410 Enos Road, Kingston, OK	11410 enos road kingston ok
train_source1	S1-288179586	TUX Visa Group	tux visa group	tux visa group	D-712, 7Th Floor, Sungrace Chs Ltd Raheja Vihar Chandivali, Pawai, Mumbai, Mumbai City, Maharashtra	d 712 7th floor sungrace chs ltd raheja vihar chandivali pawai mumbai mumbai city maharashtra
train_source1	S1-562487097	35/97 Next	35 97 next	35 97 next	2531 Slateshire Drive, Dublin, OH	2531 slateshire drive dublin oh
train_source1	S1-700681666	Clear Ngl Corporation	clear ngl corporation	clear ngl	5910 Ivy Lane, Minnetonka, MN	5910 ivy lane minnetonka mn
train_source1	S1-766697297	Longshoremen Union Local No 781	longshoremen union local no 781	longshoremen union local no 781	74 Martin Circle, KY, Paducah	74 martin circle ky paducah
train_source1	S1-352105774	Nedda E. Kemp, L.C.S.W.	nedda e kemp lcsw	nedda e kemp lcsw	320 388, Crossville, AL	320 388 crossville al
train_source1	S1-684371604	Thomson & Garver	thomson and garver	thomson and garver	98 Halstead Avenue, Unit Apartment 1, Sloan, NY	98 halstead avenue unit apartment 1 sloan ny
train_source1	S1-695642296	Hyderabad Tree Private Limited	hyderabad tree private limited	hyderabad tree	Flat No 310 Sowmya Apts West Huda Complex, Vivekananda Statue Kothapet Saroornagar Nr Viveka Nanda, Hyderabad, Telangana	flat number 310 sowmya apts west huda complex vivekananda statue kothapet saroornagar near viveka nanda hyderabad telangana
train_source1	S1-559946790	Pioneer Bright Bioworks	pioneer bright bioworks	pioneer bright bioworks	171 Miller Road, Unit 308, Akron, OH	171 miller road unit 308 akron oh
train_source1	S1-820854608	SV It Limited	sv it limited	sv it	Nishantala, Katwa - I, Bardhaman, West Bengal	nishantala katwa i bardhaman west bengal
train_source1	S1-700815000	Complete Arts LLC	complete arts llc	complete arts	3750 Brockport Spencerport Road, Ogden, NY	3750 brockport spencerport road ogden ny
train_source1	S1-930015613	Red It Private Limited	red it private limited	red it	A-877, Ground Floor Gharoli Dairy Colony, Mayur Vihar Phase Iii, East Delhi, Delhi	a 877 ground floor gharoli dairy colony mayur vihar phase iii east delhi delhi
train_source1	S1-401150950	Hyderabad Curry Private Limited	hyderabad curry private limited	hyderabad curry	H.No.2-1, Sy.No.2&1, New Colony Madeenaguda, Miyapur, Hyderabad, Rangareddy, Telangana	hno2 1 syno2 and 1 new colony madeenaguda miyapur hyderabad rangareddy telangana
train_source1	S1-187004387	Tri-State Charities	tri state charities	tri state charities	1180 Corporate Way, Unit APT 124, Sacramento, CA	1180 corporate way unit apartment 124 sacramento ca
train_source1	S1-543819559	Behavioral Health Medicine Inc	behavioral health medicine inc	behavioral health medicine	4955 Seven Pine Circle, Huntsville, AL	4955 seven pine circle huntsville al
train_source1	S1-415958408	My Management Pvt Ltd	my management pvt ltd	my management	Arpan Appts, 7, Sevakunjsociety, Paldi, Ahmedabad., Ahmedabad, Gujarat	arpan appts 7 sevakunjsociety paldi ahmedabad ahmedabad gujarat
train_source1	S1-52541210	Lissie E. Heikkila, CPA	lissie e heikkila cpa	lissie e heikkila cpa	8710 Edgewater Street, Foley, AL	8710 edgewater street foley al
train_source1	S1-403838225	Gallegos Montessori School	gallegos montessori school	gallegos montessori school	4435 Mahrt Avenue, Unit 102, Marion County, OR	4435 mahrt avenue unit 102 marion county or
train_source1	S1-962002773	Ronica Fletcher Clear Opportunities Inc	ronica fletcher clear opportunities inc	ronica fletcher clear opportunities	VT, Ryegate, 96 Manchester Drive	vt ryegate 96 manchester drive
train_source1	S1-797568090	Sinhagad Pyrolysis	sinhagad pyrolysis	sinhagad pyrolysis	Balarengapuram, Madurai, Tamil Nadu, 16 A A Road	balarengapuram madurai tamil nadu 16 a a road
train_source1	S1-915749247	Developers Trieye Udyog Private Limited	developers trieye udyog private limited	developers trieye udyog	87 Third Floor Bhangar, Mohalla Madanpur Khadar, New Delhi, South Delhi, Delhi	87 third floor bhangar mohalla madanpur khadar new delhi south delhi delhi
train_source1	S1-713635209	Caresa Vasquez Delta Produce LLC	caresa vasquez delta produce llc	caresa vasquez delta produce	Unit 4, 138 Sycamore Street, MA, Somerville	unit 4 138 sycamore street ma somerville
train_source1	S1-245009508	MYB Oil Private Limited	myb oil private limited	myb oil	50-1-13 Main Road, Jagannaickpur, Kakinada, East Godavari, Andhra Pradesh	50 1 13 main road jagannaickpur kakinada east godavari andhra pradesh
train_source1	S1-988634923	Marketing Tushar Construction	marketing tushar construction	marketing tushar construction	Flat No. I 705, Rajapushpa Atria, Rajendra Nagar, K.V.Rangareddy, Telangana	flat number i 705 rajapushpa atria rajendra nagar kvrangareddy telangana
train_source1	S1-633582317	Highland Avalanche Inc	highland avalanche inc	highland avalanche	4903 161st Terrace, Beaverton, OR	4903 161st terrace beaverton or
train_source1	S1-34569924	Hinda Mattern, DMD	hinda mattern dmd	hinda mattern dmd	126 Hope Drive, Elizabethtown, NC	126 hope drive elizabethtown nc
train_source1	S1-381408998	Glyphan Community	glyphan community	glyphan community	1532 Demonbreun Street, Unit 1123, Nashville, TN	1532 demonbreun street unit 1123 nashville tn
train_source1	S1-443945207	Shivam Business Private Limited	shivam business private limited	shivam business	M-901 Sps Height Indrapuram, Ghaziabad, Uttar Pradesh	m 901 sps height indrapuram ghaziabad uttar pradesh
train_source1	S1-452823079	Brandon All Wireless LLC	brandon all wireless llc	brandon all wireless	1134 Four Seasons Drive, OH, Toledo, Unit 3	1134 four seasons drive oh toledo unit 3
train_source1	S1-283630693	Lynx Inc	lynx inc	lynx	6301 Griffith Loop, Killeen, TX	6301 griffith loop killeen tx
train_source1	S1-194606702	Happy Auto Body	happy auto body	happy auto body	8907 Cypress Street, Phoenix, AZ	8907 cypress street phoenix az
train_source1	S1-304071988	Dermatology Associates of Pleasant Garden	dermatology associates of pleasant garden	dermatology associates of pleasant garden	NC, Pleasant Garden, 5993 Evelyn Lane	nc pleasant garden 5993 evelyn lane
train_source1	S1-684959382	X & C Tidewater Inc	x and c tidewater inc	x and c tidewater	404 Lone Cedar Road, Marble Falls, TX	404 lone cedar road marble falls tx
train_source1	S1-394832400	Southern Smart Soren LLC	southern smart soren llc	southern smart soren	5800 Falcon Way, Fl 0, Guilford, IN	5800 falcon way fl 0 guilford in
train_source1	S1-940413114	Davue Generation	davue generation	davue generation	4723 Bay Quarter Court, Virginia Beach City, VA	4723 bay quarter court virginia beach city va
train_source1	S1-658466275	Fontaine, Bostic & Mally Ltd	fontaine bostic and mally ltd	fontaine bostic and mally	3110 Comet Drive, New Bern, NC	3110 comet drive new bern nc
train_source1	S1-161700708	Aurelea Smith Modern Debt LLC	aurelea smith modern debt llc	aurelea smith modern debt	DE, Frankford, 31315 Taywood Drive	de frankford 31315 taywood drive
train_source1	S1-135208388	Dagostino Sciences LLC	dagostino sciences llc	dagostino sciences	1517 B Watson Avenue, Bronx, NY	1517 b watson avenue bronx ny
train_source1	S1-293933423	Blue Endocrinology	blue endocrinology	blue endocrinology	5336 State Road, Burbank, IL	5336 state road burbank il
train_source1	S1-176567267	Gsj Foundation	gsj foundation	gsj foundation	Plot No A1, Jaipur, Rajasthan, A2, A3, A4, Kh No. 52, 53, Mahapura Urf Kukar Kheda Sikar Road	plot number a1 jaipur rajasthan a2 a3 a4 kh number 52 53 mahapura urf kukar kheda sikar road
train_source1	S1-544254899	Georgetta's Distribution	georgettas distribution	georgettas distribution	Morganton, NC, 2552 Henderson Mill Road	morganton nc 2552 henderson mill road
train_source1	S1-620106632	Foot & Ankle Medicine LLC	foot and ankle medicine llc	foot and ankle medicine	409 Cadco Avenue, Wilbur, WA	409 cadco avenue wilbur wa
train_source1	S1-200572754	Triple & Partners Private Limited	triple and partners private limited	triple and partners	Anand, Tirath Bhumi, Near J K Park, Chikhodra Chowkadi, 7, Gujarat, Anand	anand tirath bhumi near j k park chikhodra chowkadi 7 gujarat anand
train_source1	S1-364282301	Roberts Hyperliquid	roberts hyperliquid	roberts hyperliquid	2287 Main Street, Dothan, AL	2287 main street dothan al
train_source1	S1-642405907	Raman Clinic	raman clinic	raman clinic	H.No:7-1-632/28, Bapu Nagar, S R Nagar, Ameerpet, Hyderabad, Telangana	hno7 1 632 28 bapu nagar south r nagar ameerpet hyderabad telangana
train_source1	S1-599788005	Green Infrasolution Private Limited	green infrasolution private limited	green infrasolution	K No. 1455/1458, Pl No.10, Gurukul Industrial Area, Faridabad, Haryana	k number 1455 1458 place no10 gurukul industrial area faridabad haryana
train_source1	S1-827663947	Mangalam Transformation Pvt. Ltd.	mangalam transformation pvt ltd	mangalam transformation	Block No. 172, Prashil Park Opp. Neels City Club, University Road, Rajkot, Gujarat	block number 172 prashil park opposite neels city club university road rajkot gujarat
train_source1	S1-612071387	Hawes Photonics LLC	hawes photonics llc	hawes photonics	1109 Front Street, Chenango, NY	1109 front street chenango ny
train_source1	S1-623313504	Premier Complete Physical Therapy Inc	premier complete physical therapy inc	premier complete physical therapy	77 Ridge Lane, Shelby, AL	77 ridge lane shelby al
train_source1	S1-20925783	Msv Consulting Private Limited	msv consulting private limited	msv consulting	1001, Awesome Heights Chs Ltd, Off Military Road, Next To Tata Recieving Centre, Andheri, (East), Mumbai, Mumbai City, Maharashtra	1001 awesome heights chs ltd off military road next to tata recieving centre andheri east mumbai mumbai city maharashtra
train_source1	S1-887515590	Womens Health Specialists LLC	womens health specialists llc	womens health specialists	113 Caspian Way, Fitchburg, MA	113 caspian way fitchburg ma
train_source1	S1-569442923	Sdf Academy	sdf academy	sdf academy	162/S-2Pearl Rachel Margosa Road, Malleswaram, Bangalore, Karnataka	162 south 2pearl rachel margosa road malleswaram bangalore karnataka
train_source1	S1-588069177	Mountain Association Inc	mountain association inc	mountain association	1101 1/2 Navasota Street, Austin, TX	1101 1 2 navasota street austin tx
train_source1	S1-378062593	Cure Cleaning Service	cure cleaning service	cure cleaning service	4853 Railway Circle, Monrovia, MD	4853 railway circle monrovia md
train_source1	S1-610334774	Regional Idea LLC	regional idea llc	regional idea	5 Lee Road, Cuba, NM	5 lee road cuba nm
train_source1	S1-970488686	Loralee Bowen, Esq., DDS PC	loralee bowen esq dds pc	loralee bowen esq dds pc	1885 Willoughby Avenue, Ridgewood, NY	1885 willoughby avenue ridgewood ny
train_source1	S1-395285131	Sangli League Pvt. Ltd.	sangli league pvt ltd	sangli league	C/O At Post House No 08 Billur Tal Jath Dist Sangli, Sangli, Maharashtra	c o at post house number 08 billur tal jath dist sangli sangli maharashtra
train_source1	S1-268426904	Sun One Estate Private Limited	sun one estate private limited	sun one estate	6Th Floor, 4, Maharana Pratap Sarani, Kolkata, Howrah, West Bengal	6th floor 4 maharana pratap sarani kolkata howrah west bengal
train_source1	S1-561258175	Diversified Cloud Solutions LLC	diversified cloud solutions llc	diversified cloud solutions	35013 92nd Place, Fl 1, Scottsdale, AZ	35013 92nd place fl 1 scottsdale az
train_source1	S1-732585910	Rosales Certified Pan	rosales certified pan	rosales certified pan	7972 Vaughn Road, Montgomery, AL	7972 vaughn road montgomery al
train_source1	S1-439111395	Mills Travel	mills travel	mills travel	2480 Lark Avenue, Lima, OH	2480 lark avenue lima oh
train_source1	S1-402877115	Rocky Market Inc	rocky market inc	rocky market	17718 Elder View Drive, Sherwood, OR	17718 elder view drive sherwood or
train_source1	S1-913450089	Jackson Animal Hospital	jackson animal hospital	jackson animal hospital	3018 Emerald Chase Drive, Fairfax County, VA	3018 emerald chase drive fairfax county va
train_source1	S1-85359133	Burdette, Moore and Simmons Inc	burdette moore and simmons inc	burdette moore and simmons	2950 Crossings Circle, Unit 10200, Spring Hill, TN	2950 crossings circle unit 10200 spring hill tn
train_source1	S1-733293133	Orsa's Healthcare	orsas healthcare	orsas healthcare	72 Conkey Avenue, Rochester, NY	72 conkey avenue rochester ny
train_source1	S1-940275488	Vee Technologies Private Limited	vee technologies private limited	vee technologies	Flat No. 6004/5, Sector-D, Pocket 68, Vasant Kunj, New Delhi, Delhi	flat number 6004 5 sector d pocket 68 vasant kunj new delhi delhi
train_source1	S1-340744823	Henley Ingredients LLC	henley ingredients llc	henley ingredients	323 32nd Avenue, Clinton, IA	323 32nd avenue clinton ia
train_source1	S1-644444933	Genevra Langston Holdings	genevra langston holdings	genevra langston holdings	14-40 162 Street, Whitestone, NY	14 40 162 street whitestone ny
train_source1	S1-918553483	Carlotta Bruzzese Classic Currencyshares Inc	carlotta bruzzese classic currencyshares inc	carlotta bruzzese classic currencyshares	Surprise, 17738 Hearn Road, AZ	surprise 17738 hearn road az
train_source1	S1-946221985	Valley Investments LLC	valley investments llc	valley investments	35 Clark Road, Bourne, MA	35 clark road bourne ma
train_source1	S1-974849189	Uptown Diner!, Inc	uptown diner inc	uptown diner	37498 Amber Way, North Ridgeville, OH	37498 amber way north ridgeville oh
train_source1	S1-87139457	Behavioral Health United Specialists, PC	behavioral health united specialists pc	behavioral health united specialists pc	1211 Sawyer Loop, Hardin, MT	1211 sawyer loop hardin mt
train_source1	S1-830687398	Raj Media Private Limited	raj media private limited	raj media	C/O Ramotar-1, Bhawanipur, Ujhani Budaun Badaun Up, Budaun, Budaun, Badaun, Uttar Pradesh	c o ramotar 1 bhawanipur ujhani budaun badaun up budaun budaun badaun uttar pradesh
train_source1	S1-979734176	Patriot Association	patriot association	patriot association	102 Ruby Avenue, Gastonia, NC	102 ruby avenue gastonia nc
train_source1	S1-930625292	Department of Public Works	department of public works	department of public works	310 63rd Street, Birmingham, AL	310 63rd street birmingham al
train_source1	S1-693391260	Arra Recovery Private Limited	arra recovery private limited	arra recovery	13/1, G. T. Road, P.O. Seoraphully, Seoraphully, Hooghly, West Bengal	13 1 g t road po seoraphully seoraphully hooghly west bengal
train_source1	S1-185757923	Heera Healthcare of Bangalore North Private Limited	heera healthcare of bangalore north private limited	heera healthcare of bangalore north	No 10, 1St Main, 4Th Cross, Gadde Khani, Anjananagar, Bangalore North, Bangalore, Karnataka	number 10 1st main 4th cross gadde khani anjananagar bangalore north bangalore karnataka
train_source1	S1-542687059	Global Solutions Pvt Ltd	global solutions pvt ltd	global solutions	777 Saheed Nagarbhubaneswar, Khurda, Puri, Orissa	777 saheed nagarbhubaneswar khurda puri orissa
train_source1	S1-643422361	Hydro Foods Private Limited	hydro foods private limited	hydro foods	Punjab, Malout, Ward No: 21, Jain Mandir Wali Gali Near Dr. Pritpal Singh Residence, Muktsar	punjab malout ward number 21 jain mandir wali gali near drive pritpal singh residence muktsar
train_source1	S1-890545138	Kali Brothers Pvt. Ltd.	kali brothers pvt ltd	kali brothers	404 Rohan Arcade, Dattani Park, Thakur Village, Kandivali, East, Mumbai, Mumbai City, Maharashtra	404 rohan arcade dattani park thakur village kandivali east mumbai mumbai city maharashtra
train_source1	S1-860285918	FAS Amplify	fas amplify	fas amplify	1251 Curry Road 20, Clovis, NM	1251 curry road 20 clovis nm
train_source1	S1-468014304	Best Marketing Industries	best marketing industries	best marketing industries	900 Hilltop Drive, Sparland, IL	900 hilltop drive sparland il
train_source1	S1-625951028	Interactive & Sons Private Limited	interactive and sons private limited	interactive and sons	Mumbai City, Mumbai, 2Nd Floor, Sadbhauana (Sra) Chs Ltd., Near Suvidyalaya, Eksar Road, Borivali We, St, Maharashtra, 202	mumbai city mumbai 2nd floor sadbhauana sra chs ltd near suvidyalaya eksar road borivali we street maharashtra 202
train_source1	S1-736162578	Physical Therapy Group	physical therapy group	physical therapy group	55 Crocker Street, Berea, OH	55 crocker street berea oh
train_source1	S1-524036030	Yes Future (India) Private Limited	yes future india private limited	yes future india	Tiljala Road, Kolkata, West Bengal, Kolkata, West Bengal, 93/A, Kolkata, Howrah	tiljala road kolkata west bengal kolkata west bengal 93 a kolkata howrah
train_source1	S1-335722233	Ramos Continental Venture LLC	ramos continental venture llc	ramos continental venture	1705 Linden Street, Granger, IA	1705 linden street granger ia
train_source1	S1-653759388	Big Pilates! LLC	big pilates llc	big pilates	310 Seashell Drive, TX, Freeport	310 seashell drive tx freeport
train_source1	S1-516659558	Emerald Inc	emerald inc	emerald	12680 River Crow Road, Hardin, MT	12680 river crow road hardin mt
train_source1	S1-713918708	LYW Farm Private Limited	lyw farm private limited	lyw farm	At.Smit Kamalabai Patil, Maharashtra, Dhule, 205, Jayhind Colony, Plot No.C-13, Deopur, Dhule, Dhule	atsmit kamalabai patil maharashtra dhule 205 jayhind colony plot noc 13 deopur dhule dhule
train_source1	S1-804287238	Ivenent Cherry	ivenent cherry	ivenent cherry	5384 Oconnell Street, Canal Winchester, OH	5384 oconnell street canal winchester oh
train_source1	S1-138706126	Pediatric Dentistry Pioneer Care Associates	pediatric dentistry pioneer care associates	pediatric dentistry pioneer care associates	Alton, 20 Marian Heights Drive, IL, Unit 703	alton 20 marian heights drive il unit 703
train_source1	S1-900223558	Seven Finance Pvt Ltd	seven finance pvt ltd	seven finance	Mumbai, 101, May Fair, 197 Kane Road, Band Stand, Bandra (W), Mumbai City, Maharashtra	mumbai 101 may fair 197 kane road band stand bandra west mumbai city maharashtra
train_source1	S1-38345711	Urgent Care Physicians Inc.	urgent care physicians inc	urgent care physicians	301 Stacy Weaver Drive, Fayetteville, NC	301 stacy weaver drive fayetteville nc
train_source1	S1-335519097	Premier One Enterprises Pvt Ltd	premier one enterprises pvt ltd	premier one enterprises	Flat 101, A-1/127, Phase V, Aya Nagar, New Delhi, South West Delhi, Delhi	flat 101 a 1 127 phase v aya nagar new delhi south west delhi delhi
train_source1	S1-113951846	Aims Sangh	aims sangh	aims sangh	No87/46 Kno784 Gf And Ff, Prappana Agrahara Begur, Bangalore South, Bangalore, Karnataka	no87 46 kno784 gf and ff prappana agrahara begur bangalore south bangalore karnataka
train_source1	S1-224729402	Global Sona Builders Pvt Ltd	global sona builders pvt ltd	global sona builders	B6/119, Kalyani, Kolkata, Kolkata, Howrah, West Bengal	b6 119 kalyani kolkata kolkata howrah west bengal
train_source1	S1-519870557	Als & Co	als and co	als and	403, Saffron Apartment, Holy X Road, I.C Colony, Near Ymca Ground, Borivali(West), Mumbai, Mumbai City, Maharashtra	403 saffron apartment holy x road ic colony near ymca ground borivaliwest mumbai mumbai city maharashtra
train_source1	S1-848003599	Jaine Christopher Heritage Vision Inc	jaine christopher heritage vision inc	jaine christopher heritage vision	51-02 Weeks Lane, Fresh Meadows, NY	51 02 weeks lane fresh meadows ny
train_source1	S1-929555475	Green Two (India) Private Limited	green two india private limited	green two india	No.43, J B Nagar, Bangalore, Karnataka, N R Colony	no43 j b nagar bangalore karnataka north r colony
train_source1	S1-683277802	Bright It Private Limited	bright it private limited	bright it	Plot No.1207, Opp.Laxmipura Primary School, Dhanraj Road, Nr.Lion Pharma, Village:Saij, Kalol, Gandhinagar, Gandhinagar, Gandhi Nagar, Gujarat	plot no1207 opplaxmipura primary school dhanraj road nrlion pharma villagesaij kalol gandhinagar gandhinagar gandhi nagar gujarat
train_source1	S1-909481393	Beacon Rockwool Inc	beacon rockwool inc	beacon rockwool	4234 100th Avenue, Portland, OR	4234 100th avenue portland or
train_source1	S1-571872429	Second Sagar Private Limited	second sagar private limited	second sagar	6Th Floor, Office No. 3, Hubtown Solaris, N S Phadke Marg, Nr. Flyover Over, Andhe, Ri (East), Mumbai, Mumbai City, Maharashtra	6th floor office number 3 hubtown solaris north south phadke marg near flyover over andhe ri east mumbai mumbai city maharashtra
train_source1	S1-104540583	Orthopedic Physicians of Ranson Inc	orthopedic physicians of ranson inc	orthopedic physicians of ranson	572 Thumper Drive, Ranson, WV	572 thumper drive ranson wv
train_source1	S1-171983883	Bright Pizza Partners	bright pizza partners	bright pizza partners	125 Apple Street, Dublin, TX	125 apple street dublin tx
train_source1	S1-779827243	Murali Foundation LLP	murali foundation llp	murali foundation	2Nd Floor, 31A, Tara Chand Dutt Street, Kolkata, Kolkata, Howrah, West Bengal	2nd floor 31a tara chand dutt street kolkata kolkata howrah west bengal
train_source1	S1-210007069	Professional Wellness Global	professional wellness global	professional wellness global	4018 Beckton Trail, Greensboro, NC	4018 beckton trail greensboro nc
train_source1	S1-696636634	Vais Japan	vais japan	vais japan	135 Old Fall Creek Road, Unit B3, Blountville, TN	135 old fall creek road unit b3 blountville tn
train_source1	S1-768087173	Peak Research Enterprises	peak research enterprises	peak research enterprises	817 Antique Court, Unit APT B, Indianapolis, IN	817 antique court unit apartment b indianapolis in
train_source1	S1-766307478	Physical Therapy Care	physical therapy care	physical therapy care	3545 41st Avenue, Unit APT 19, Sacramento, CA	3545 41st avenue unit apartment 19 sacramento ca
train_source1	S1-747060914	Digital Consulting Private Limited	digital consulting private limited	digital consulting	Srno78/60 Plno 1 W A 107, Saivision Pimplesaudgar, Pune City, Pune, Maharashtra	srno78 60 plno 1 west a 107 saivision pimplesaudgar pune city pune maharashtra
train_source1	S1-862223871	Aditya Foundation Private Limited	aditya foundation private limited	aditya foundation	Vivekanand Nagar, 1091, Uttar Pradesh, Ghaziabad	vivekanand nagar 1091 uttar pradesh ghaziabad
train_source1	S1-832504289	ASV Distributers Private Limited	asv distributers private limited	asv distributers	D-70/1 F/F Khno 70, Main Road Mahavir Enclave, New Delhi, South West Delhi, Delhi	d 70 1 f f khno 70 main road mahavir enclave new delhi south west delhi delhi
train_source1	S1-955594204	Classic Silver Power	classic silver power	classic silver power	D-1 Zarna Enclave Service Road Western Express Highway, Kandivali, Mumbai City, Maharashtra	d 1 zarna enclave service road western express highway kandivali mumbai city maharashtra
train_source1	S1-983373292	Clean National Care	clean national care	clean national care	6 Tamarack Lane, Easton, MA	6 tamarack lane easton ma
train_source1	S1-891676178	Thinking Industrial Private Limited	thinking industrial private limited	thinking industrial	# 5, B2/1, First Floor B.J Towers, Huskur Gate, Electronic City, Bangalore, Karnataka	5 b2 1 first floor bj towers huskur gate electronic city bangalore karnataka
train_source1	S1-451126889	Preferred Enbridge	preferred enbridge	preferred enbridge	4644 Keener Lane, Unit Unit A, Harrison, AR	4644 keener lane unit unit a harrison ar
train_source1	S1-242385665	BQ Placement Ltd	bq placement ltd	bq placement	Basantpur, Sadar, Balia, Balia, Ballia, Uttar Pradesh	basantpur sadar balia balia ballia uttar pradesh
train_source1	S1-406141864	Consulting Deepali Engineers Private Limited	consulting deepali engineers private limited	consulting deepali engineers	93/95, Kazi Syed Street, 5Thfloor, Sugar House, Mumbai, Maharashtra	93 95 kazi syed street 5thfloor sugar house mumbai maharashtra
train_source1	S1-920261331	Wilkinson Barclays	wilkinson barclays	wilkinson barclays	324 N Waters Edge Drive, Durham, NC	324 north waters edge drive durham nc
train_source1	S1-272340452	Lakshmi Tech Media Limited	lakshmi tech media limited	lakshmi tech media	Shop No. 06, Nr Petrol, Pump, Ratlam Road, Banswara, Rajasthan	shop number 06 near petrol pump ratlam road banswara rajasthan
train_source1	S1-46801320	Krishna Constructions Private Limited	krishna constructions private limited	krishna constructions	6Th Floor Hall No2&3 15Nbcc Tower Bhikaji Cama Plase, N Delhi, South Delhi, Delhi	6th floor hall no2 and 3 15nbcc tower bhikaji cama plase north delhi south delhi delhi
train_source1	S1-42826659	Harbor Sterling	harbor sterling	harbor sterling	18795 Homestead Road, Ralph, AL	18795 homestead road ralph al
train_source1	S1-362378520	Urgent Care Gulf Partners LLC	urgent care gulf partners llc	urgent care gulf partners	314 Trotwood Boulevard, Trotwood, OH	314 trotwood boulevard trotwood oh
train_source1	S1-960834585	Byrnes, Vigil and Hanks	byrnes vigil and hanks	byrnes vigil and hanks	7800 Encanto Boulevard, Unit 206, Phoenix, AZ	7800 encanto boulevard unit 206 phoenix az
train_source1	S1-314140809	T+ Coinshares LLC	t coinshares llc	t coinshares	1411 Wright Road, Greenville, NC	1411 wright road greenville nc
train_source1	S1-838183517	Total Design Associates LLC	total design associates llc	total design associates	1633 Rosemont Avenue, Columbus, OH	1633 rosemont avenue columbus oh
train_source1	S1-688328227	Maneus Companies Inc	maneus companies inc	maneus companies	1205 Kingston, Casper, WY	1205 kingston casper wy
train_source1	S1-108750594	Jay Software Private Limited	jay software private limited	jay software	C 47 Old Govind Pura, Delhi, East Delhi, Delhi	c 47 old govind pura delhi east delhi delhi
train_source1	S1-170243264	Baba Hospitality Private Limited	baba hospitality private limited	baba hospitality	House Of Suman Ranjan, W/O Sanjeev Ranjan Ramdhanipur, Sampatchak, Shahpur, Patna, Bihar	house of suman ranjan west o sanjeev ranjan ramdhanipur sampatchak shahpur patna bihar
train_source1	S1-928564604	Sm & Associates Private Limited	sm and associates private limited	sm and associates	H No 2/130, Nr Bhairavanath Mandir Dhayarigaon, Pune, Maharashtra	h number 2 130 near bhairavanath mandir dhayarigaon pune maharashtra
train_source1	S1-256047752	Rodriguez Partnership Inc	rodriguez partnership inc	rodriguez partnership	1006 Rosemont Terrace, Upper Hanover Township, PA	1006 rosemont terrace upper hanover township pa
train_source1	S1-70365948	Jones and Hurst L.L.C.	jones and hurst llc	jones and hurst	1698 Dunsinane Circle, Ogden City, UT	1698 dunsinane circle ogden city ut
train_source1	S1-183607353	CIL Preferred Wellness Inc.	cil preferred wellness inc	cil preferred wellness	260 F Williams Lake, Colville, WA	260 f williams lake colville wa
train_source1	S1-209427810	Bahner Space LLC	bahner space llc	bahner space	413 Meadow Lane, Unit 1, Lewisburg, WV	413 meadow lane unit 1 lewisburg wv
train_source1	S1-360419883	Dinesh Fresh Private Limited	dinesh fresh private limited	dinesh fresh	House Number 322, A-B Pla, Hisar, Hissar, Haryana	house number 322 a b pla hisar hissar haryana
train_source1	S1-995078395	Swastik Finance Pvt Ltd	swastik finance pvt ltd	swastik finance	Sharanya Arcade No.81/A, 2Nd Floor, 32Nd Cross 2Nd Block Rajajinagar, Bangalore, Karnataka	sharanya arcade no81 a 2nd floor 32nd cross 2nd block rajajinagar bangalore karnataka
train_source1	S1-922050595	Rank & Sons Limited	rank and sons limited	rank and sons	Maharashtra, Nagpur, Kundan Lal Gupta Nagar, Nagpur, Plot No.1745/B/925	maharashtra nagpur kundan lal gupta nagar nagpur plot no1745 b 925
train_source1	S1-889765358	Villagomez Medical Center	villagomez medical center	villagomez medical center	567 County Road 2212, Daingerfield, TX	567 county road 2212 daingerfield tx
train_source1	S1-360683127	Helwig Old Inc	helwig old inc	helwig old	1625 Lincoln Boulevard, Livingston, CA	1625 lincoln boulevard livingston ca
train_source1	S1-14447328	Rahil (India) Mittal LLP	rahil india mittal llp	rahil india mittal	Plot No 10, Near Police Check Post Main Road Qutub Vihar Phase I, New Delhi, South West Delhi, Delhi	plot number 10 near police check post main road qutub vihar phase i new delhi south west delhi delhi
train_source1	S1-69805499	Basti Traders Private Limited	basti traders private limited	basti traders	417, Nalanda Enclave, Opp. Sudama Resort, Pritamnagar, Ahmedabad, Gujarat	417 nalanda enclave opposite sudama resort pritamnagar ahmedabad gujarat
train_source1	S1-614982217	Golden Logistics Private Limited	golden logistics private limited	golden logistics	No.176, Adarsh Eco Place, Epip Zone, Phase Ii, Whitefield Industrial Area, Wh, Itefield, Bangalore, Karnataka	no176 adarsh eco place epip zone phase ii whitefield industrial area wh itefield bangalore karnataka
train_source1	S1-991438503	Golden Fifth LLC	golden fifth llc	golden fifth	3034 39th Street, Unit 8, Phoenix, AZ	3034 39th street unit 8 phoenix az
train_source1	S1-755237986	Precision Optimal Arbor LLC	precision optimal arbor llc	precision optimal arbor	884 Gray Court, Thousand Oaks, CA	884 gray court thousand oaks ca
train_source1	S1-361726032	Tejaya Chitfund Private Limited	tejaya chitfund private limited	tejaya chitfund	Raigad, 30, Raigarh, Wafeghar Tq, Sudhagad, Maharashtra	raigad 30 raigarh wafeghar tq sudhagad maharashtra
train_source1	S1-15326347	Sunrise Ventures LLP	sunrise ventures llp	sunrise ventures	Kh.No. 101/19 Ground Floor, Village Alipur, Delhi, North West Delhi, Delhi	khno 101 19 ground floor village alipur delhi north west delhi delhi
train_source1	S1-273577921	Nathalia Upton, D.D.S., DDS PC-Bountiful	nathalia upton dds dds pc bountiful	nathalia upton dds dds pc bountiful	UT, Unit 16, 2095 Main Street, Bountiful	ut unit 16 2095 main street bountiful
train_source1	S1-876651852	Frs Informatics Limited	frs informatics limited	frs informatics	Sn 08 Pl N 3/A Jadhavwadi, Kamdhenu Housing Society, Aurangabad, Maharashtra	sn 08 place north 3 a jadhavwadi kamdhenu housing society aurangabad maharashtra
train_source1	S1-424010232	Good Systems Private Limited	good systems private limited	good systems	Pune, Sai Ambience, Maharashtra, Pune, B-1001, Pimple Saudagar	pune sai ambience maharashtra pune b 1001 pimple saudagar
train_source1	S1-725017655	Modern Infrastructure Private Limited	modern infrastructure private limited	modern infrastructure	76 Unique Cghs, Rohini Sector 13, Delhi, North West Delhi, Delhi	76 unique cghs rohini sector 13 delhi north west delhi delhi
train_source1	S1-374494307	Paper & Brothers Limited	paper and brothers limited	paper and brothers	Annapurna Traders, Rajasthan, Jaipur, 69, Mahadev Nagar Hanuman Vatika, Near Vki Area Road No.14, Bridge	annapurna traders rajasthan jaipur 69 mahadev nagar hanuman vatika near vki area road no14 bridge
train_source1	S1-629550667	Vanguard Choice Wisekey Inc	vanguard choice wisekey inc	vanguard choice wisekey	906 Woodlawn Road, Lincoln, IL	906 woodlawn road lincoln il
train_source1	S1-678466717	Admire Gems Group	admire gems group	admire gems group	748, E And F Block Kuvempunagar, Mysore, Karnataka	748 east and f block kuvempunagar mysore karnataka
train_source1	S1-259910169	Southern Consulting Private Limited	southern consulting private limited	southern consulting	No.77, 3Rd Cross, 10Th Main Nti Layout, Vidyaranya Pura, Bangalore, Karnataka	no77 3rd cross 10th main nti layout vidyaranya pura bangalore karnataka
train_source1	S1-901210153	Scholarship Program IV LLC	scholarship program iv llc	scholarship program iv	1613 Lacota Lane, Burnsville, MN	1613 lacota lane burnsville mn
train_source1	S1-855703255	Select City LLC	select city llc	select city	901 Northgate Avenue, Waynesboro City, VA	901 northgate avenue waynesboro city va
train_source1	S1-296658329	Mother & Sons	mother and sons	mother and sons	Karhal Chauraha, Main Road Sirsaganj, Firozabad, Uttar Pradesh	karhal chauraha main road sirsaganj firozabad uttar pradesh
train_source1	S1-594967670	Marita's Royal Transport Corp	maritas royal transport corp	maritas royal transport	14639 Allen Road, Herrin, IL	14639 allen road herrin il
train_source1	S1-629636563	Bhavishya Finance Private Limited	bhavishya finance private limited	bhavishya finance	Ewa- 224, Nand Gaon, Kalindipuram, Allahabad, Lucknow, Uttar Pradesh	ewa 224 nand gaon kalindipuram allahabad lucknow uttar pradesh
train_source1	S1-657270420	Bia Inc.	bia inc	bia	22945 Topaz Street, Saint Augusta, MN	22945 topaz street saint augusta mn
train_source1	S1-183232960	Star Blue Oncology LP	star blue oncology lp	star blue oncology lp	1443 Cliff Court, Unit B, Columbus, OH	1443 cliff court unit b columbus oh
train_source1	S1-403253082	Golden Deli LLC	golden deli llc	golden deli	5 Greenly Lane, Fletcher, NC	5 greenly lane fletcher nc
train_source1	S1-141278611	Compass LLC	compass llc	compass	820 Center Street, Unit 2, Provo, UT	820 center street unit 2 provo ut
train_source1	S1-861696207	Goetze Regions	goetze regions	goetze regions	517 6th Street, Unit Unit 17, West Fargo, ND	517 6th street unit unit 17 west fargo nd
train_source1	S1-605882320	Piedmont Project LLC	piedmont project llc	piedmont project	26154 Milby Circle, Harbeson, DE	26154 milby circle harbeson de
train_source1	S1-471376742	Secure Engineering Innovations LLC	secure engineering innovations llc	secure engineering innovations	Tiffin, 35 St Clair Street, OH	tiffin 35 street clair street oh
train_source1	S1-353313556	Thompson, Owens and Fernandez	thompson owens and fernandez	thompson owens and fernandez	9218 Desirable Drive, La Porte, TX	9218 desirable drive la porte tx
train_source1	S1-754702309	Doughty Vanguard Seafood	doughty vanguard seafood	doughty vanguard seafood	30 Moody Street, Saco, ME	30 moody street saco me
train_source1	S1-849052876	Bentley, Strauss & Odonnell Water LLC	bentley strauss and odonnell water llc	bentley strauss and odonnell water	18 Benvenue Street, Wellesley, MA	18 benvenue street wellesley ma
train_source1	S1-502391969	Bharati Agro Private Limited	bharati agro private limited	bharati agro	402, Brigade Towersbrigade Road Bangalore, Bangalore, Karnataka	402 brigade towersbrigade road bangalore bangalore karnataka
train_source1	S1-102091173	Patino Diamond Fashion, LLC	patino diamond fashion llc	patino diamond fashion	1631 28th Avenue, Unit 5, Grand Forks, ND	1631 28th avenue unit 5 grand forks nd
train_source1	S1-932911903	Meex	meex	meex	3659 Vermilion Court, Eagan, MN	3659 vermilion court eagan mn
train_source1	S1-571933530	S H & H Spire, Inc	s h and h spire inc	s h and h spire	Chelmsford, MA, 40 Littleton Road	chelmsford ma 40 littleton road
train_source1	S1-118901869	Silver Mines Inc	silver mines inc	silver mines	1913 Whitehead Lane, Throop, NY	1913 whitehead lane throop ny
train_source1	S1-279376727	Golden Barbershop!	golden barbershop	golden barbershop	500 Quincy Street, Unit 2C2, Abington, MA	500 quincy street unit 2c2 abington ma
train_source1	S1-54076594	Todd's Data, LLC	todds data llc	todds data	2 Croydon Lane, Oak Brook, IL	2 croydon lane oak brook il
train_source1	S1-849045331	Northwind Space	northwind space	northwind space	2213 Cansler Avenue, Gadsden, AL	2213 cansler avenue gadsden al
train_source1	S1-531019485	Allnew & Co	allnew and co	allnew and	493 B, Howrah, G.T. Road (South) Shibpur, West Bengal	493 b howrah gt road south shibpur west bengal
train_source1	S1-515099037	Salter Clear Edp Inc	salter clear edp inc	salter clear edp	4909 Chrome Road, Herriman Town, UT	4909 chrome road herriman town ut
train_source1	S1-506019440	K 3 C Energetics L.L.C.	k 3 c energetics llc	k 3 c energetics	19202 Shire Horse Boulevard, Porter, TX	19202 shire horse boulevard porter tx
train_source1	S1-811004970	Green Certified Futurecorp Inc	green certified futurecorp inc	green certified futurecorp	9950 Holly Lane, Des Plaines, IL	9950 holly lane des plaines il
train_source1	S1-813341836	Ngan Best Chemical	ngan best chemical	ngan best chemical	29776 212, Boring, OR	29776 212 boring or
train_source1	S1-934461604	D 6 K Compass Inc	d 6 k compass inc	d 6 k compass	61 Spencer Drive, Windsor, CT	61 spencer drive windsor court
train_source1	S1-356563831	Saint Baptist Church	saint baptist church	saint baptist church	234 18 Avenue, Saint Cloud, MN	234 18 avenue saint cloud mn
train_source1	S1-354809838	2870 Sunset Street Properties	2870 sunset street properties	2870 sunset street properties	AL, 26017 Thach Road, Athens	al 26017 thach road athens
train_source1	S1-568179926	Zenith	zenith	zenith	718 215th Avenue, Beaverton, OR	718 215th avenue beaverton or
train_source1	S1-627821025	Ivenan Bluerock PC	ivenan bluerock pc	ivenan bluerock pc	914 Iverson Street, Alexandria City, VA	914 iverson street alexandria city va
train_source1	S1-134890169	All Diana	all diana	all diana	302 Pulaski Road, Smithtown, NY	302 pulaski road smithtown ny
train_source1	S1-924197183	Baker, Purvis & Kelly Alto	baker purvis and kelly alto	baker purvis and kelly alto	14030 Broken Arrow Drive, Willis, TX	14030 broken arrow drive willis tx
train_source1	S1-543135526	Odeh School of Medicine P.C.	odeh school of medicine pc	odeh school of medicine pc	5103 Mountain Bluff Lane, Kingwood, TX	5103 mountain bluff lane kingwood tx
train_source1	S1-929826566	VWQ Brookfield Inc	vwq brookfield inc	vwq brookfield	NC, Morrisville, Unit 204, 5860 Mccrimmon Parkway	nc morrisville unit 204 5860 mccrimmon parkway
train_source1	S1-668624767	Lemmon, Miller and Haynes LLC	lemmon miller and haynes llc	lemmon miller and haynes	Salt Lake City, Unit 10, UT, 874 S Temple Street	salt lake city unit 10 ut 874 south temple street
train_source1	S1-451998438	Star Business Private Limited	star business private limited	star business	Ward No. 6, Near Asharam, Hari Mandir, Amarpuri, Pataudi, Gurgaon, Haryana	ward number 6 near asharam hari mandir amarpuri pataudi gurgaon haryana
train_source1	S1-60991785	Leeanne Slaughter, CPA	leeanne slaughter cpa	leeanne slaughter cpa	1547 Whitman Creek Road, Whitman, WV	1547 whitman creek road whitman wv
train_source1	S1-996212272	Sadio LLC	sadio llc	sadio	1405 30th Street, Birmingham, AL	1405 30th street birmingham al
train_source1	S1-204099765	Dionysus Media Private Limited	dionysus media private limited	dionysus media	27 Floor 3 Plot 76 Panchasar Building Patan Jain Mandal Road, Off Netaji Subhash Road, Ma, Rine Drive, Mumbai, Mumbai City, Maharashtra	27 floor 3 plot 76 panchasar building patan jain mandal road off netaji subhash road ma rine drive mumbai mumbai city maharashtra
train_source1	S1-786434853	Shivay Business (India) Private Limited	shivay business india private limited	shivay business india	110, Floor-1, Plot 129, B3 Shree Pimpleshwar Chs, Mumbai, Maharashtra	110 floor 1 plot 129 b3 shree pimpleshwar chs mumbai maharashtra
train_source1	S1-469858503	Melton, Shafer and Graham Battery Inc	melton shafer and graham battery inc	melton shafer and graham battery	739 3rd Street, Plainville, IN	739 3rd street plainville in
train_source1	S1-414487608	Lakshmi Foundation Private Limited	lakshmi foundation private limited	lakshmi foundation	6-82, Injaram, (Via) Yanam, Tallarvu Mandal East Godavari Dist A.P.-533 464., A.P.-533 464., Andhra Pradesh	6 82 injaram via yanam tallarvu mandal east godavari dist ap 533 464 ap 533 464 andhra pradesh
train_source1	S1-888123971	Surgical Delta Physicians Inc	surgical delta physicians inc	surgical delta physicians	600 Joe Corbit Road, Camden, TN	600 joe corbit road camden tn
train_source1	S1-797129295	Bombay Finance Private Limited	bombay finance private limited	bombay finance	H. No-249, Main Road, Dada, Khetri, Jhujhunu, Rajasthan	h number 249 main road dada khetri jhujhunu rajasthan
train_source1	S1-485950384	Joella's Strategic Deli PC	joellas strategic deli pc	joellas strategic deli pc	522 West Avenue, Centreville, IL	522 west avenue centreville il
train_source1	S1-250510039	EAP Alutech Company	eap alutech company	eap alutech	C-1248, Arawali Marg, Lucknow, Uttar Pradesh	c 1248 arawali marg lucknow uttar pradesh
train_source1	S1-12025275	Piedmont Drive	piedmont drive	piedmont drive	6 Dean Street, Freetown, MA	6 dean street freetown ma
train_source1	S1-873914076	Fluent Brothers	fluent brothers	fluent brothers	Mr-1, Altf Mohan Cooperative - Plot No A 26, Block B, Mohan Cooperative Industrial Estate, Saidabad, New Delhi, New Delhi, South Delhi, Delhi	mr 1 altf mohan cooperative plot number a 26 block b mohan cooperative industrial estate saidabad new delhi new delhi south delhi delhi
train_source1	S1-972967205	Svj Lifesciences Limited	svj lifesciences limited	svj lifesciences	2574 Khara Nalu, Behind Italian Bakery Bhadra, Ahmedabad, Gujarat	2574 khara nalu behind italian bakery bhadra ahmedabad gujarat
train_source1	S1-474409913	Frye & Santana Inc.	frye and santana inc	frye and santana	108 Tower Street, Paola, KS	108 tower street paola ks
train_source1	S1-660775568	Durrant & Belk Target LLC	durrant and belk target llc	durrant and belk target	1168 500, Trilla, IL	1168 500 trilla il
train_source1	S1-830371097	CX Commercial Private Limited	cx commercial private limited	cx commercial	North Delhi, Delhi, A-30, Gali No-01, Hardev Nagar, Jharoda Majra Burari, Delhi	north delhi delhi a 30 gali number 01 hardev nagar jharoda majra burari delhi
train_source1	S1-532602797	Cupid View Limited	cupid view limited	cupid view	Sethiyachambers 116/2 1St, Floor Venkatasamy Road, Coimbatore South, Coimbatore, Tamil Nadu	sethiyachambers 116 2 1st floor venkatasamy road coimbatore south coimbatore tamil nadu
train_source1	S1-300211684	Shammas First Products	shammas first products	shammas first products	2617 Iva Way, Steubenville, OH	2617 iva way steubenville oh
train_source1	S1-169648109	Sharp Entertainment Pvt Ltd	sharp entertainment pvt ltd	sharp entertainment	Sr No 133/1/3, 161, 11 Gk Mall 4Th Floor Office Space Pimple Sa, Udagar, Pune, Maharashtra	sr number 133 1 3 161 11 gk mall 4th floor office space pimple sa udagar pune maharashtra
train_source1	S1-37071617	Oakwood Marine (India) Limited	oakwood marine india limited	oakwood marine india	Imperial Heights, B-408 4Th Floor, 150 Ring Road, Rajkot, Gujarat	imperial heights b 408 4th floor 150 ring road rajkot gujarat
train_source1	S1-427487721	UY Flaherty Inc.	uy flaherty inc	uy flaherty	750 Tallmadge Road, Cuyahoga Falls, OH	750 tallmadge road cuyahoga falls oh
train_source1	S1-683697428	Grayce's Partners	grayces partners	grayces partners	13508 Riding Drive, Pflugerville, TX	13508 riding drive pflugerville tx
train_source1	S1-715320849	Whaley Beacon Nuveen LLC	whaley beacon nuveen llc	whaley beacon nuveen	Vernon, 2705 Bowie Street, TX	vernon 2705 bowie street tx
train_source1	S1-278626482	Pinnacle Logistics Industries	pinnacle logistics industries	pinnacle logistics industries	Frisco, 1947 Courtland Drive, TX	frisco 1947 courtland drive tx
train_source1	S1-626812427	Ivins & Wade LLC	ivins and wade llc	ivins and wade	123 Gardiner Avenue, Rockford, IL	123 gardiner avenue rockford il
train_source1	S1-549795649	Ruchi India Pvt. Ltd.	ruchi india pvt ltd	ruchi india	303 Camy House 3Rd Floor3 Dhus Wadi Opp Dr C H Street Marine Drive, Mumbai, Maharashtra	303 camy house 3rd floor3 dhus wadi opposite drive c h street marine drive mumbai maharashtra
train_source1	S1-221396644	Ferdinande Jackson Keystone Smart LLC	ferdinande jackson keystone smart llc	ferdinande jackson keystone smart	AR, 248 Ahlstrand Terrace, Springdale	ar 248 ahlstrand terrace springdale
train_source1	S1-649008123	CRF Infratech	crf infratech	crf infratech	Sp 145-D-I, Riico Industrial Area, Bhiwadi, Rajasthan	sp 145 d i riico industrial area bhiwadi rajasthan
train_source1	S1-502344644	Gift Hospital	gift hospital	gift hospital	Shop No. 187, First Floor, Eros City Square, Sector 49, Gurgaon, Haryana	shop number 187 first floor eros city square sector 49 gurgaon haryana
train_source1	S1-56387917	NM Digital LLP	nm digital llp	nm digital	Karnataka, 325, Bangalore, K.R.Garden, Koramangalabangalore-95	karnataka 325 bangalore krgarden koramangalabangalore 95
train_source1	S1-720678863	Weber, Queen & Leftwich Inc	weber queen and leftwich inc	weber queen and leftwich	88 Bunkerhill Street, Lawrence, MA	88 bunkerhill street lawrence ma
train_source1	S1-950070723	Patsy Cook Unified Chimera Inc	patsy cook unified chimera inc	patsy cook unified chimera	AZ, Gilbert, 254 Windsor Drive	az gilbert 254 windsor drive
train_source1	S1-927509773	Dental Medicine of Shawnee PC	dental medicine of shawnee pc	dental medicine of shawnee pc	19004 Brangus Road, Shawnee, OK	19004 brangus road shawnee ok
train_source1	S1-627353378	Golden Solutions (India) Private Limited	golden solutions india private limited	golden solutions india	Mahatma Gandhi Nagar Osmanabad, Osmanabad, Maharashtra	mahatma gandhi nagar osmanabad osmanabad maharashtra
train_source1	S1-838617018	Gsp Academy	gsp academy	gsp academy	Flat No. 201, Plot No. 124, B-Sector, Vidhya Nagar, Hoshangabad Road, Bhopal, Madhya Pradesh	flat number 201 plot number 124 b sector vidhya nagar hoshangabad road bhopal madhya pradesh
train_source1	S1-222851417	Associated Trading Private Limited	associated trading private limited	associated trading	No.385, 13Th Cross, Nimishambanagar, Khb Road, Mysore, Karnataka	no385 13th cross nimishambanagar khb road mysore karnataka
train_source1	S1-451255492	Allied Legacy Horizon	allied legacy horizon	allied legacy horizon	Greece, NY, 167 Luddington Lane	greece ny 167 luddington lane
train_source1	S1-833989637	Signature Certified Living PC	signature certified living pc	signature certified living pc	MA, 69 Allyn Lane, Barnstable	ma 69 allyn lane barnstable
train_source1	S1-597789322	Sunrise Consultants	sunrise consultants	sunrise consultants	Microtek Greenburg, Sector 86, Narsinghpur, Gurgaon, Haryana	microtek greenburg sector 86 narsinghpur gurgaon haryana
train_source1	S1-260311038	Surabhi Infratech Associates	surabhi infratech associates	surabhi infratech associates	Parishramkilekamaidan, Tikamgarh, Madhya Pradesh	parishramkilekamaidan tikamgarh madhya pradesh
train_source1	S1-285770227	Shaw's American Seafood	shaws american seafood	shaws american seafood	2209 Parkway Drive, Muncie, IN	2209 parkway drive muncie in
train_source1	S1-156107132	1569 Union Boulevard Partners LLC	1569 union boulevard partners llc	1569 union boulevard partners	13443 321, Palestine, TX	13443 321 palestine tx
train_source1	S1-863284863	Village Gazipur Manpower Private Limited	village gazipur manpower private limited	village gazipur manpower	D-19/1 G/F D-19/2 Left Side D Block, Village Gazipur, East Delhi, Delhi	d 19 1 g f d 19 2 left side d block village gazipur east delhi delhi
train_source1	S1-195381333	Jaipur Systems Pvt Ltd	jaipur systems pvt ltd	jaipur systems	Business Avenue, B-12, S-2 Iind Floor Above Idbi Bank, Govind Marg, Raja Park, Adars, H Nagar, Jaipur, Rajasthan	business avenue b 12 south 2 iind floor above idbi bank govind marg raja park adars h nagar jaipur rajasthan
train_source1	S1-123445423	Finiify Allied Technology L.L.C.	finiify allied technology llc	finiify allied technology	295 Vaiden, Louisburg, NC	295 vaiden louisburg nc
train_source1	S1-811729588	Gedaify	gedaify	gedaify	204 Village Square Drive, Loudon, TN	204 village square drive loudon tn
train_source1	S1-804433939	Rosales's Bakery Inc	rosaless bakery inc	rosaless bakery	5400 Rocky Point Road, Cookeville, TN	5400 rocky point road cookeville tn
train_source1	S1-421901356	Chiropractic Health, LLC	chiropractic health llc	chiropractic health	4995 Seward Road, Pfafftown, NC	4995 seward road pfafftown nc
train_source1	S1-524597476	Scott Ave LLC	scott ave llc	scott ave	4822 Manzanita Drive, Glendale, AZ	4822 manzanita drive glendale az
train_source1	S1-331538788	Vicars, Dvorak & Darden Canadian	vicars dvorak and darden canadian	vicars dvorak and darden canadian	6725 Kleinpeter Road, Baton Rouge, LA	6725 kleinpeter road baton rouge la
train_source1	S1-332346191	Corner Tavern! PLLC	corner tavern pllc	corner tavern pllc	114 Green Turtle Lane, Carolina Beach, NC	114 green turtle lane carolina beach nc
train_source1	S1-928675966	Taloja & Sons Ltd	taloja and sons ltd	taloja and sons	Flat No.17, Disha Co-Operative Housing Society, Sp-8, S No.482, Sai Nagar, Panvel, Raigarh, Maharashtra	flat no17 disha co operative housing society sp 8 south no482 sai nagar panvel raigarh maharashtra
train_source1	S1-586469515	James, Edwards and Rodrigue LLC	james edwards and rodrigue llc	james edwards and rodrigue	3913 Knox Street, Fort Worth, TX	3913 knox street fort worth tx
train_source1	S1-293727873	M & V Aimei Inc	m and v aimei inc	m and v aimei	2465 Beekman Street, Cincinnati, OH	2465 beekman street cincinnati oh
train_source1	S1-537320793	Dynamic Smith, LLC	dynamic smith llc	dynamic smith	108 14th Avenue, Hutchinson, KS	108 14th avenue hutchinson ks
train_source1	S1-273767878	Mab Abel Allied Hamilton Inc	mab abel allied hamilton inc	mab abel allied hamilton	5726 1 Avenue, Brooklyn, NY	5726 1 avenue brooklyn ny
train_source1	S1-469595223	Safe Financial Technologies Inc	safe financial technologies inc	safe financial technologies	16716 Prairie Falcon Lane, Charlotte, NC	16716 prairie falcon lane charlotte nc
train_source1	S1-889296005	Chen Mortgage Center	chen mortgage center	chen mortgage center	1487 Frankie Coburn Road, Greenville, NC	1487 frankie coburn road greenville nc
train_source1	S1-545328963	Pune City Automations Public Limited	pune city automations public limited	pune city automations public	Sr No. 46, Flat No 202, Insignia Second Floor, Pune City, Pune, Maharashtra	sr number 46 flat number 202 insignia second floor pune city pune maharashtra
train_source1	S1-921119146	EY Tradevision Pvt Ltd	ey tradevision pvt ltd	ey tradevision	16, Shri Chaitanaya State Bank Supervising Official Society, Opp. I.I.M. New Gate, V, Astrapur, Ahmedabad, Gujarat	16 shri chaitanaya state bank supervising official society opposite iim new gate v astrapur ahmedabad gujarat
train_source1	S1-948479685	Vista Innovations Private Limited	vista innovations private limited	vista innovations	No. 151, G1, Durga Pearls, Shakthi Street Shakthivel Nagar, Peravallure, Chennai, Tamil Nadu	number 151 g1 durga pearls shakthi street shakthivel nagar peravallure chennai tamil nadu
train_source1	S1-888224418	Javier Plutonian LLC	javier plutonian llc	javier plutonian	1427 Chapman Avenue, Troutdale, OR	1427 chapman avenue troutdale or
train_source1	S1-91050161	Sandoval Trust PC	sandoval trust pc	sandoval trust pc	1215 Twig Terrace, Silver Spring, MD	1215 twig terrace silver spring md
train_source1	S1-350438578	Rolling, Geiger and Soltis Inc	rolling geiger and soltis inc	rolling geiger and soltis	355 200, Unit 113, Washington City, UT	355 200 unit 113 washington city ut
train_source1	S1-977128956	Vision Medicine PC	vision medicine pc	vision medicine pc	598 Otto Lane, Grantsville, UT	598 otto lane grantsville ut
train_source1	S1-890991991	Brightos Commerce LLC	brightos commerce llc	brightos commerce	2170 Fernwood Loop, Semmes, AL	2170 fernwood loop semmes al
train_source1	S1-56520129	Big Construction Pvt Ltd	big construction pvt ltd	big construction	Ahmadabad City, Ahmedabad, 7Th Floor, Iscon Elegance, Nr Circle-P, Sg Highway, Satellite, Ahmedabad, Gujarat, 705 B	ahmadabad city ahmedabad 7th floor iscon elegance near circle p sg highway satellite ahmedabad gujarat 705 b
train_source1	S1-837700130	Keystone Peak Roofing	keystone peak roofing	keystone peak roofing	3248 Fairground Road, Dunn, NC	3248 fairground road dunn nc
train_source1	S1-170860088	Green Sea LLC	green sea llc	green sea	N28W23000 Roundy Drive, Unit Suite 110, City Of Pewaukee, WI	n28w23000 roundy drive unit suite 110 city of pewaukee wi
train_source1	S1-127186532	Orthopedic Atlantic Care Associates Inc	orthopedic atlantic care associates inc	orthopedic atlantic care associates	1121 Cove Hollow Road, Buchanan County, VA	1121 cove hollow road buchanan county va
train_source1	S1-547547561	Bachraj Ji Ka Bagh 9Th Chopasni Road Sardarpura Technologies Pvt. Ltd.	bachraj ji ka bagh 9th chopasni road sardarpura technologies pvt ltd	bachraj ji ka bagh 9th chopasni road sardarpura technologies	11B, Bachraj Ji Ka Bagh 9Th Chopasni Road Sardarpura, Jodhpur, Rajasthan	11b bachraj ji ka bagh 9th chopasni road sardarpura jodhpur rajasthan
train_source1	S1-965820884	Laxmi Hospitality Private Limited	laxmi hospitality private limited	laxmi hospitality	B-3A, Periar Salai, Shanmugapuram, Palani, Dindigul, Tamil Nadu	b 3a periar salai shanmugapuram palani dindigul tamil nadu
train_source1	S1-937138847	Taylor's Metro Audio Installation	taylors metro audio installation	taylors metro audio installation	5231 Copper Ridge Road, Morristown, TN	5231 copper ridge road morristown tn
train_source1	S1-811491785	Linea Prather Reliable Cms	linea prather reliable cms	linea prather reliable cms	29 White Birch Lane, Danbury, CT	29 white birch lane danbury court
train_source1	S1-221371082	Reed Ubs LLC	reed ubs llc	reed ubs	4720 Las Palmas, Sierra Vista, AZ	4720 las palmas sierra vista az
train_source1	S1-960203090	Madurai Traders	madurai traders	madurai traders	16-11-15/20/2/A, Salim Nagar Hyderabad, Hyderabad, Telangana	16 11 15 20 2 a salim nagar hyderabad hyderabad telangana
train_source1	S1-343087276	Harlingen Heart Council LLC	harlingen heart council llc	harlingen heart council	16961 Kika De La Garza Circle, Harlingen, TX	16961 kika de la garza circle harlingen tx
train_source1	S1-802954685	Good Developers Private Limited	good developers private limited	good developers	D, Guntur, Andhra Pradesh, Krishna, No. 5-91-22/2, 4Th Line, Lakshmi Puram	d guntur andhra pradesh krishna number 5 91 22 2 4th line lakshmi puram
train_source1	S1-552518114	Apex Innovative Express Inc.	apex innovative express inc	apex innovative express	4018 Trenton Trail, OH, Brunswick City	4018 trenton trail oh brunswick city
train_source1	S1-560985660	Congregation Lutheran Church LP	congregation lutheran church lp	congregation lutheran church lp	16310 Linden Springs Court, TX, Houston	16310 linden springs court tx houston
train_source1	S1-327143985	Mammen Choice Park LLC	mammen choice park llc	mammen choice park	300 Sheffield Court, Tipton, IN	300 sheffield court tipton in
train_source1	S1-884751359	Chiropractic Medicine	chiropractic medicine	chiropractic medicine	Volo, 1029 Piccolo Lane, IL	volo 1029 piccolo lane il
train_source1	S1-404657424	Harbor Meshflow	harbor meshflow	harbor meshflow	790 Forgy Road, Lewisburg, KY	790 forgy road lewisburg ky
train_source1	S1-924830758	Sky Hospitality Private Limited	sky hospitality private limited	sky hospitality	Sry No-B2/1093, Narayan Nagar, Latur, Maharashtra	sry number b2 1093 narayan nagar latur maharashtra
train_source1	S1-521978308	North Pegasus Inc	north pegasus inc	north pegasus	3640 Winesap Road, Hope Mills, NC	3640 winesap road hope mills nc
train_source1	S1-430014506	Clear Elite Cartesian	clear elite cartesian	clear elite cartesian	1721 86 Street, Brooklyn, NY	1721 86 street brooklyn ny
train_source1	S1-376134253	Ceify LLC	ceify llc	ceify	TX, 2117 Oakwood Street, Haltom City	tx 2117 oakwood street haltom city
train_source1	S1-451179345	Nivais Resources	nivais resources	nivais resources	Jordan, MN, 23102 Delmar Avenue	jordan mn 23102 delmar avenue
train_source1	S1-763279630	Vyas Foundation	vyas foundation	vyas foundation	Sr. No 26, Chandrika Park, Flat No. 503, Lane No. 8, Pune City, Pune, Maharashtra	sr number 26 chandrika park flat number 503 lane number 8 pune city pune maharashtra
train_source1	S1-961723116	Maid Barbershop LLC	maid barbershop llc	maid barbershop	1130 Florence Street, Village Of Baldwin, WI	1130 florence street village of baldwin wi
train_source1	S1-231859208	Office of Housing	office of housing	office of housing	1915 16th Street, Perry, IA	1915 16th street perry ia
train_source1	S1-854452990	Parwati Products	parwati products	parwati products	Maniktala Rd, Hzr, 24 P-N, Barrackpur - I, North 24 Parganas, West Bengal	maniktala road hzr 24 p north barrackpur i north 24 parganas west bengal
train_source1	S1-662125193	Stickler, Ferguson and Smith Allegro LLC	stickler ferguson and smith allegro llc	stickler ferguson and smith allegro	Baton Rouge, LA, 7775 Burbank Drive	baton rouge la 7775 burbank drive
train_source1	S1-52959380	Steelworkers Union Local No 741	steelworkers union local no 741	steelworkers union local no 741	1585 Mcfadden Drive, Oakland, TN	1585 mcfadden drive oakland tn
train_source1	S1-324847870	Superior Logistics Union Inc	superior logistics union inc	superior logistics union	408 Delaware Street, Leavenworth, KS	408 delaware street leavenworth ks
train_source1	S1-521034509	Stephana Alvarado Complete American LLC	stephana alvarado complete american llc	stephana alvarado complete american	122 Dealva Court, Weatherford, TX	122 dealva court weatherford tx
train_source1	S1-453096104	Bagaria Trading Private Limited	bagaria trading private limited	bagaria trading	No.640, Main Road Shevapet, Salem, Tamil Nadu	no640 main road shevapet salem tamil nadu
train_source1	S1-47185754	Shivam Gateway Ltd	shivam gateway ltd	shivam gateway	Plot No-19, Arazi No-1044 Min Bairi Akbarpur Banger, Kanpur Nagar, Kanpur, Uttar Pradesh	plot number 19 arazi number 1044 min bairi akbarpur banger kanpur nagar kanpur uttar pradesh
train_source1	S1-481394893	Caswell Star	caswell star	caswell star	4627 Vista Drive, Cottonwood, AZ	4627 vista drive cottonwood az
train_source1	S1-740041904	Monton Stock Inc	monton stock inc	monton stock	13827 Naples Park Lane, Houston, TX	13827 naples park lane houston tx
train_source1	S1-197934161	Verrify Communications LLC	verrify communications llc	verrify communications	3745 English Avenue, Eaton, NY	3745 english avenue eaton ny
train_source1	S1-811127142	Cathrine B. Bridges, DPM LP	cathrine b bridges dpm lp	cathrine b bridges dpm lp	47 Highland Street, Dennis, MA	47 highland street dennis ma
train_source1	S1-334587457	Classic Wholesale Alliance LLC	classic wholesale alliance llc	classic wholesale alliance	16470 82, Muenster, TX	16470 82 muenster tx
train_source1	S1-991461248	Colonial Microelectronics LLC	colonial microelectronics llc	colonial microelectronics	49 Forest Street, Rutland City, VT	49 forest street rutland city vt
train_source1	S1-262658142	Federal Superior Talon	federal superior talon	federal superior talon	11627 Sparrow Hawk Drive, Bonanza, OR	11627 sparrow hawk drive bonanza or
train_source1	S1-522048870	Pv Brothers Public Limited	pv brothers public limited	pv brothers public	Telangana, Shaikpet, H.No 2-66/5, Plot No 48, Megha Hills, Hyderabad	telangana shaikpet hno 2 66 5 plot number 48 megha hills hyderabad
train_source1	S1-9355688	Oro International School Pvt Ltd	oro international school pvt ltd	oro international school	Gautam Buddha Nagar, Surajpur Site C, Extn, Phase-1, Noida, Uttar Pradesh, Villa Nob51 Plotno Bgh A Upsidc Housing Sector	gautam buddha nagar surajpur site c extn phase 1 noida uttar pradesh villa nob51 plotno bgh a upsidc housing sector
train_source1	S1-8766085	Mealer Ventures Inc	mealer ventures inc	mealer ventures	262 Sandy Mush Creek Road, Leicester, NC	262 sandy mush creek road leicester nc
train_source1	S1-99616032	Nonna Goddard Horizon Allurion	nonna goddard horizon allurion	nonna goddard horizon allurion	2855 Stanley Road, Archdale, NC	2855 stanley road archdale nc
train_source1	S1-803940269	Fuel Chemical Private Limited	fuel chemical private limited	fuel chemical	Cyb-4, Cyber Park Near Saras Dairy, Heavy Industrial Area, Jodhpur, Rajasthan	cyb 4 cyber park near saras dairy heavy industrial area jodhpur rajasthan
train_source1	S1-524034894	Ratna Sansthan LLP	ratna sansthan llp	ratna sansthan	Ground Floor, Shop No. 46, 4Th Cross, Venkatadri Layout, Bannerghata Road, Beh, Ind Appolo, Bangalore, Karnataka	ground floor shop number 46 4th cross venkatadri layout bannerghata road beh ind appolo bangalore karnataka
train_source1	S1-951970212	Hanover County Family Chiropractic	hanover county family chiropractic	hanover county family chiropractic	7106 New Hunter Road, Unit 315, Hanover County, VA	7106 new hunter road unit 315 hanover county va
train_source1	S1-770845761	Memorial Federation LLC	memorial federation llc	memorial federation	20 Hickory Lane, Bozrah, CT	20 hickory lane bozrah court
train_source1	S1-191756474	National All Oil Co	national all oil co	national all oil	22169 Alpine Ridge Court, South Bend, IN	22169 alpine ridge court south bend in
train_source1	S1-240055457	Aditya Consultancy Pvt Ltd	aditya consultancy pvt ltd	aditya consultancy	23/4/1 Bade Raipur Road, 3Rd Floor, Kolkata, Kolkata, Howrah, West Bengal	23 4 1 bade raipur road 3rd floor kolkata kolkata howrah west bengal
train_source1	S1-89723082	Little Ice Cream	little ice cream	little ice cream	850 Acacia Lane, Nixa, MO	850 acacia lane nixa mo
train_source1	S1-250530040	Oncology Clinic Inc	oncology clinic inc	oncology clinic	536 Via Amalfi, Irving, TX	536 via amalfi irving tx
train_source1	S1-730064090	Williams, Terry, M.D.	williams terry md	williams terry md	9864 Leland Avenue, Unit UNIT 417, Schiller Park, IL	9864 leland avenue unit unit 417 schiller park il
train_source1	S1-393904151	North Canada LLC	north canada llc	north canada	6926 Dobson Street, Niles, IL	6926 dobson street niles il
train_source1	S1-604067124	Shiva Producer Private Limited	shiva producer private limited	shiva producer	P-26Pandav Nagar, Delhi, East Delhi, Delhi	p 26pandav nagar delhi east delhi delhi
train_source1	S1-47765963	Arihant Agro Limited	arihant agro limited	arihant agro	Shop No.32, First Floor, Chaitanya Market, Goda Nakks, Bhopal, Madhya Pradesh	shop no32 first floor chaitanya market goda nakks bhopal madhya pradesh
train_source1	S1-843843070	United Technologies	united technologies	united technologies	Flt 110, Grd Flr, Lbs Municipal L Napoo Road Matunga Cr, Matung, A, Mumbai, Mumbai City, Maharashtra	flt 110 grd floor lbs municipal l napoo road matunga cr matung a mumbai mumbai city maharashtra
train_source1	S1-990224592	Legacy Infrastructure Group	legacy infrastructure group	legacy infrastructure group	2057 Henley Road, Springfield, IL	2057 henley road springfield il
train_source1	S1-458076403	North Infrastructure Private Limited	north infrastructure private limited	north infrastructure	D.No.8-1-97/1/8, Level 4, Block-B, Ninitaas High'S Pedawaltair, Vishakhapatnam, Andhra Pradesh	dno8 1 97 1 8 level 4 block b ninitaas highs pedawaltair vishakhapatnam andhra pradesh
train_source1	S1-998648124	Pinnacle Suma LLC	pinnacle suma llc	pinnacle suma	4850 156th Avenue, Bldg 30, Redmond, WA	4850 156th avenue building 30 redmond wa
train_source1	S1-444208330	Roby Orange Inc	roby orange inc	roby orange	NY, Skaneateles, 1952 Weeks Road	ny skaneateles 1952 weeks road
train_source1	S1-588831845	Ziraesh Life	ziraesh life	ziraesh life	Room No 5 Munna Godi Wala Chowl, Mumbai, Mumbai City, Maharashtra	room number 5 munna godi wala chowl mumbai mumbai city maharashtra
train_source1	S1-507894970	Pediatric Dental First Specialists LLC	pediatric dental first specialists llc	pediatric dental first specialists	6922 Blue Hills Street, Millington, TN	6922 blue hills street millington tn
train_source1	S1-126840887	Thanjavur Polytechnic	thanjavur polytechnic	thanjavur polytechnic	Hd 317 13Th Floor, We Work 247 Park Vikhroli Corporate Park Hindustan C Bus Stop Lbs Road Gandhi Nagar Vikhroli West, Mumbai, Maharashtra	hd 317 13th floor we work 247 park vikhroli corporate park hindustan c bus stop lbs road gandhi nagar vikhroli west mumbai maharashtra
train_source1	S1-448733076	Ludlam Motors Inc	ludlam motors inc	ludlam motors	NY, 25 Sundown Road, Palermo	ny 25 sundown road palermo
train_source1	S1-23351404	Fey Compania LLC	fey compania llc	fey compania	1033 Huntington Drive, City Of Sun Prairie, WI	1033 huntington drive city of sun prairie wi
train_source1	S1-913921484	High Tech Private Limited	high tech private limited	high tech	Dharwar, Dharwad, C04 Banashankari Layout, Vidyanagar Behind Banasha, Hubli, Karnataka	dharwar dharwad c04 banashankari layout vidyanagar behind banasha hubli karnataka
train_source1	S1-797071973	Chavez Idea Corporation	chavez idea corporation	chavez idea	IN, 902 State Street, North Liberty	in 902 state street north liberty
train_source1	S1-23979328	Delhi Chemicals Private Limited	delhi chemicals private limited	delhi chemicals	A-501 Sukhsagarplot No 52 I P Extension, Delhi, East Delhi, Delhi	a 501 sukhsagarplot number 52 i p extension delhi east delhi delhi
train_source1	S1-343559200	Ortiz Freedom LLC	ortiz freedom llc	ortiz freedom	343 Enon Church Road, East Finley Township, PA	343 enon church road east finley township pa
train_source1	S1-945827504	Kamdhenu Chits Private Limited	kamdhenu chits private limited	kamdhenu chits	K.V.Rangareddy, Serilingampally, Telangana, P.No-D, Syno-1-13, 17, 19-21, Huda Trade Centre	kvrangareddy serilingampally telangana pno d syno 1 13 17 19 21 huda trade centre
train_source1	S1-262390745	A Golden Epr LLC	a golden epr llc	a golden epr	79 Baughman Loop, Hattieville, AR	79 baughman loop hattieville ar
train_source1	S1-747035688	Pacific Network II	pacific network ii	pacific network ii	411 Maple Avenue, Roxana, IL	411 maple avenue roxana il
train_source1	S1-914022652	International Products Private Limited	international products private limited	international products	Shimoga, Karnataka, Shop No.101, Srinidhi Complex Shivaji Road, Sagara, Shimoga	shimoga karnataka shop no101 srinidhi complex shivaji road sagara shimoga
train_source1	S1-887118742	Dharwad India Private Limited	dharwad india private limited	dharwad india	No. 64 S R Nagar, Dharwad, Dharwar, Karnataka	number 64 south r nagar dharwad dharwar karnataka
train_source1	S1-636831324	Blue Modern Developers	blue modern developers	blue modern developers	1163/2 A'Ba B-9 Near Hotel Sahyog, Chhatral, Kalol, Gandhinagar, Gandhi Nagar, Gujarat	1163 2 aba b 9 near hotel sahyog chhatral kalol gandhinagar gandhi nagar gujarat
train_source1	S1-548717271	Meon LLC	meon llc	meon	2541 Elmhurst Drive, Beachwood, OH	2541 elmhurst drive beachwood oh
train_source1	S1-220560462	Spec Sangh	spec sangh	spec sangh	96 Hingankatara, Jhansi, Uttar Pradesh	96 hingankatara jhansi uttar pradesh
train_source1	S1-125210246	Upstream Brothers	upstream brothers	upstream brothers	C/O Siyamani Devi, Anand Vihar Colony, Phulwari, Patna, Bihar	c o siyamani devi anand vihar colony phulwari patna bihar
train_source1	S1-546838645	Chennai City Corporation Tradelink Private Limited	chennai city corporation tradelink private limited	chennai city corporation tradelink	No.5, Ticel Bio Park, Csir Road, Chennai City Corporation, Chennai, Tamil Nadu	no5 ticel bio park csir road chennai city corporation chennai tamil nadu
train_source1	S1-800072803	Anshu Digital Corporation	anshu digital corporation	anshu digital	D-622, Vashi Plaza, 4Th Floor, Sector-17, Vashi, Navi Mumbai, Maharashtra	d 622 vashi plaza 4th floor sector 17 vashi navi mumbai maharashtra
train_source1	S1-14950203	Hari It Private Limited	hari it private limited	hari it	Shop No-610, Roongta Futurex Appt, Near Rd Circle, Nashik, Maharashtra	shop number 610 roongta futurex appt near road circle nashik maharashtra
train_source1	S1-471942318	Lawson Corporation	lawson corporation	lawson	221 J E Gentry Road, Crumpler, NC	221 j east gentry road crumpler nc
train_source1	S1-973703483	Segoviano Cardiology	segoviano cardiology	segoviano cardiology	3722 Flight Avenue, Redding, CA	3722 flight avenue redding ca
train_source1	S1-14825773	Trinity Impex Private Limited	trinity impex private limited	trinity impex	Arihant Building, Flat No. 102, 15Th Road, Khar (West), Mumbai, Maharashtra	arihant building flat number 102 15th road khar west mumbai maharashtra
train_source1	S1-892690805	Rasoft Diana Partners	rasoft diana partners	rasoft diana partners	21912 Twin Acres Drive, Queen Creek, AZ	21912 twin acres drive queen creek az
train_source1	S1-665662163	Uptown Grill LLC	uptown grill llc	uptown grill	46W 630 Elm Street, Kaneville, IL	46w 630 elm street kaneville il
train_source1	S1-832983427	Hill Cardiology	hill cardiology	hill cardiology	409 Griffith Street, Hannibal, MO	409 griffith street hannibal mo
train_source1	S1-37359273	Big Memorial Trust	big memorial trust	big memorial trust	Central Delhi, Delhi, 9, Pusa Road Flat No-7, Karol Bagh, Central Delhi	central delhi delhi 9 pusa road flat number 7 karol bagh central delhi
train_source1	S1-577151106	Olaneus Residential	olaneus residential	olaneus residential	131 Gilrock Court, Stokesdale, NC	131 gilrock court stokesdale nc
train_source1	S1-967435536	Silver Retail Systems, LLC	silver retail systems llc	silver retail systems	7540 Newport Drive, Goleta, CA	7540 newport drive goleta ca
train_source1	S1-763929053	TV Tower Inc	tv tower inc	tv tower	1480 Carlos Avenue, Ontario, CA	1480 carlos avenue ontario ca
train_source1	S1-322870651	Red Foundation Private Limited	red foundation private limited	red foundation	Nb79, Jaipur Greens Bagru Bagru Khurd Bmbhoria, Sanganer, Jaipur, Rajasthan	nb79 jaipur greens bagru bagru khurd bmbhoria sanganer jaipur rajasthan
train_source1	S1-606531358	JKC Horizon Meridian Inc	jkc horizon meridian inc	jkc horizon meridian	153 Altondale Drive, Statesville, NC	153 altondale drive statesville nc
train_source1	S1-729633028	Mountain Initiative	mountain initiative	mountain initiative	182 Cross Road, Laurens, NY	182 cross road laurens ny
train_source1	S1-386857604	Maa Industries Private Limited	maa industries private limited	maa industries	B 203, Amber Tirth Chs, Nandivali Road, Dombivli (East), Mumbai, Maharashtra	b 203 amber tirth chs nandivali road dombivli east mumbai maharashtra
train_source1	S1-166090639	Pranava Group	pranava group	pranava group	Shop No. 2, Plot No 4, Om Shree Safalaya Chs, Datar Colony, Kanjur Village, Mumbai, Maharashtra	shop number 2 plot number 4 om shree safalaya chs datar colony kanjur village mumbai maharashtra
train_source1	S1-758560267	Raychel Patrick Supreme Shreya Inc	raychel patrick supreme shreya inc	raychel patrick supreme shreya	521 Central Avenue, Amarillo, TX	521 central avenue amarillo tx
train_source1	S1-903445032	JK Energy Private Limited	jk energy private limited	jk energy	121A J-Extension Iiird Floor Laxmi Nagar, Delhi, East Delhi, Delhi	121a j extension iiird floor laxmi nagar delhi east delhi delhi
train_source1	S1-615081497	Ninnetta Paredes Diamond Quantum Inc	ninnetta paredes diamond quantum inc	ninnetta paredes diamond quantum	3700 Serene Hills Pass, Austin, TX	3700 serene hills pass austin tx
train_source1	S1-275444673	Pollard and Taylor Care	pollard and taylor care	pollard and taylor care	195 Lafayette Street, Unit 5, Salem, MA	195 lafayette street unit 5 salem ma
train_source1	S1-997789034	Cenoor Fact	cenoor fact	cenoor fact	403 Patna Drive, Beaumont, TX	403 patna drive beaumont tx
train_source1	S1-546325650	Physical Therapy Specialists	physical therapy specialists	physical therapy specialists	3102 3990, Winnsboro, TX	3102 3990 winnsboro tx
train_source1	S1-696596585	Solutions Annapurna Healthcare Private Limited	solutions annapurna healthcare private limited	solutions annapurna healthcare	135/9, Girish Ghosh Road Belurmath, Howrah, West Bengal	135 9 girish ghosh road belurmath howrah west bengal
train_source1	S1-499956365	French Holdings Group LLC	french holdings group llc	french holdings group	26 La Cinta Canyon Road, Solano, NM	26 la cinta canyon road solano nm
train_source1	S1-401202131	Everest Trust	everest trust	everest trust	310, 3Rd Floor, Angel Mega Mall, Kaushambi, Ghaziabad, Uttar Pradesh	310 3rd floor angel mega mall kaushambi ghaziabad uttar pradesh
train_source1	S1-193364530	Global Fellowship	global fellowship	global fellowship	1307 1/4 Walnut Street, Bloomington, IN	1307 1 4 walnut street bloomington in
train_source1	S1-308950242	Soteia Enterprises P.C.	soteia enterprises pc	soteia enterprises pc	290 Lakeside Park Drive, Hendersonville, TN	290 lakeside park drive hendersonville tn
train_source1	S1-523444268	Orbance Gores Inc	orbance gores inc	orbance gores	MT, Lewistown, 120 Lasso Lane	mt lewistown 120 lasso lane
train_source1	S1-537215761	Newman Keystone Ramaco LLC	newman keystone ramaco llc	newman keystone ramaco	8210 Milwaukee Avenue, Lubbock, TX	8210 milwaukee avenue lubbock tx
train_source1	S1-848604347	Petronia Gourley Trusted Graf Inc.	petronia gourley trusted graf inc	petronia gourley trusted graf	City Of Juneau, 366 Fairfield Avenue, WI	city of juneau 366 fairfield avenue wi
train_source1	S1-20928731	International Systems Limited	international systems limited	international systems	Shivlok House 1, Delhi, West Delhi, New Delhi, I1, Comm Co, A2, Karam Pura	shivlok house 1 delhi west delhi new delhi i1 comm co a2 karam pura
train_source1	S1-230395971	Newberry Classic Healthcare LLC	newberry classic healthcare llc	newberry classic healthcare	4846 4420, Kearns, UT	4846 4420 kearns ut
train_source1	S1-378546251	FYG Studio Private Limited	fyg studio private limited	fyg studio	Room No : D7, 18/671, City Centre Building Opp. New Bus Stand, Koyilandy, Kozhikode, Kerala	room number d7 18 671 city centre building opposite new bus stand koyilandy kozhikode kerala
train_source1	S1-979513513	Sai Technology Private Limited	sai technology private limited	sai technology	Flat No. A/301 3Rd Floor, Vinayak Chs Ltd. Chendani Koliwada, Mumbai, Mumbai City, Maharashtra	flat number a 301 3rd floor vinayak chs ltd chendani koliwada mumbai mumbai city maharashtra
train_source1	S1-425964729	Bay Charter School	bay charter school	bay charter school	346 Ole Vineyard Road, NC, Goldsboro	346 ole vineyard road nc goldsboro
train_source1	S1-750577077	Western Artificial PLLC	western artificial pllc	western artificial pllc	17229 Capella Lane, Washington County, VA	17229 capella lane washington county va
train_source1	S1-509094995	Corner Pilates Inc.	corner pilates inc	corner pilates	2261 Littlemore Drive, TN, Memphis	2261 littlemore drive tn memphis
train_source1	S1-576403469	Federal Signature Titan Inc.	federal signature titan inc	federal signature titan	9568 Keeneland Drive, Brentwood, TN	9568 keeneland drive brentwood tn
train_source1	S1-195058161	Sun Care Private Limited	sun care private limited	sun care	M.No 572, 1 Flr Shop No 1, Aditi Plaza, Satara, Maharashtra	mno 572 1 floor shop number 1 aditi plaza satara maharashtra
train_source1	S1-605858505	Liberty Patriot Tungsten, Inc	liberty patriot tungsten inc	liberty patriot tungsten	861 Burnham Drive, University Park, IL, Unit E	861 burnham drive university park il unit east
train_source1	S1-836916847	Ansal Tower - 38 Nehru Place Allied Corp	ansal tower 38 nehru place allied corp	ansal tower 38 nehru place allied	G. F. - 6, Ansal Tower - 38 Nehru Place, New Delhi, Delhi	g f 6 ansal tower 38 nehru place new delhi delhi
train_source1	S1-859043162	Anchor Wireless Enterprises LLC	anchor wireless enterprises llc	anchor wireless enterprises	3863 Bright Street, Madill, OK	3863 bright street madill ok
train_source1	S1-737273497	Bennie Carwell Metro Wholesale	bennie carwell metro wholesale	bennie carwell metro wholesale	416 Oak Avenue, Massillon, OH	416 oak avenue massillon oh
train_source1	S1-437195746	DC Lending LLC	dc lending llc	dc lending	9328 Trenton Lane, Maple Grove, MN	9328 trenton lane maple grove mn
train_source1	S1-561152069	Alchemy Brush Pvt Ltd	alchemy brush pvt ltd	alchemy brush	Vill-Baragram, Ratnadih, Joypur, Puruliya, Purulia, West Bengal	vill baragram ratnadih joypur puruliya purulia west bengal
train_source1	S1-4989757	Foot & Ankle Partners Group	foot and ankle partners group	foot and ankle partners group	301 18th Street, Fort Smith, AR	301 18th street fort smith ar
train_source1	S1-996189067	Calderon Kongsberg Associates	calderon kongsberg associates	calderon kongsberg associates	42787 Shaler Street, Loudoun County, VA	42787 shaler street loudoun county va
train_source1	S1-24513059	Herambh Construction Limited	herambh construction limited	herambh construction	H No. 3-330/1, Bhupalapally, Warangal, Warangal Urban, Telangana	h number 3 330 1 bhupalapally warangal warangal urban telangana
train_source1	S1-688146797	Oxford Infracon Pvt. Ltd.	oxford infracon pvt ltd	oxford infracon	7Th Crs Bhagath Sing Road Jayanagara, Hassan, Karnataka, Hassan, Karnataka	7th crs bhagath sing road jayanagara hassan karnataka hassan karnataka
train_source1	S1-834765297	Viv's Express Motors Inc	vivs express motors inc	vivs express motors	515 Quaker Avenue, Tulsa, OK	515 quaker avenue tulsa ok
train_source1	S1-824088734	Knight Veterinary Clinic	knight veterinary clinic	knight veterinary clinic	7923 Windy Creek Drive, Houston, TX	7923 windy creek drive houston tx
train_source1	S1-53041046	Guru Care LLP	guru care llp	guru care	Gali No. 3, Behind City, Mall, Vijay Nagar, Gokalgarh, Rewari, Haryana	gali number 3 behind city mall vijay nagar gokalgarh rewari haryana
train_source1	S1-512069001	First Management Private Limited	first management private limited	first management	501, Madhuram Enclave, Behind Sarvottam Hotel, Gandhinagar, Gandhi Nagar, Gujarat	501 madhuram enclave behind sarvottam hotel gandhinagar gandhi nagar gujarat
train_source1	S1-173853575	Behavioral Health Group Associates	behavioral health group associates	behavioral health group associates	1839 Windsor Boulevard, Homewood, AL	1839 windsor boulevard homewood al
train_source1	S1-506313987	Lakshmi Engineering Pvt Ltd	lakshmi engineering pvt ltd	lakshmi engineering	#62/1, New No.7, 1St Cross, 2Nd Main Road, Ganganagar, Bangalore, Karnataka	62 1 new no7 1st cross 2nd main road ganganagar bangalore karnataka
train_source1	S1-670583718	Anthea's Publishing	antheas publishing	antheas publishing	76 Forman Street, Fl Floor 1, Buffalo, NY	76 forman street fl floor 1 buffalo ny
train_source1	S1-481204193	A Star Regions	a star regions	a star regions	667 College Avenue, Unit Apartment 328, Elmira, NY	667 college avenue unit apartment 328 elmira ny
train_source1	S1-292766321	Sweet Barbershop	sweet barbershop	sweet barbershop	6075 Fm 3481, Salado, TX	6075 fm 3481 salado tx
train_source1	S1-128671327	Krishna Good Hospitality Limited	krishna good hospitality limited	krishna good hospitality	Vaghroda Road Vaghroda Village Vaghroda, Gujarat, Mahesana, Kadi	vaghroda road vaghroda village vaghroda gujarat mahesana kadi
train_source1	S1-841864760	Brown Kensington LLC	brown kensington llc	brown kensington	1428 Pine Street, Norristown Borough, PA	1428 pine street norristown borough pa
train_source1	S1-972508292	Cutting Jewels Ltd	cutting jewels ltd	cutting jewels	Radha Rani Sinha Marg, Near By Navyug Vidyalay, Opposite Of P Or T Colony, Adampur, Jagdishpur, Bhagalpur, Bihar	radha rani sinha marg near by navyug vidyalay opposite of p or t colony adampur jagdishpur bhagalpur bihar
train_source1	S1-349442534	Behavioral Health Associates LLC	behavioral health associates llc	behavioral health associates	OK, Tulsa, 2929 Utica Avenue	ok tulsa 2929 utica avenue
train_source1	S1-156385687	Badshahpur Solutions Limited	badshahpur solutions limited	badshahpur solutions	D-203, Bestech Park View, Spa Next, Sector- 67, Badshahpur, Gurgaon, Haryana	d 203 bestech park view spa next sector 67 badshahpur gurgaon haryana
train_source1	S1-7101839	Holo Sangh Associates	holo sangh associates	holo sangh associates	Wework Manyata Redwood, D3Block, Manayatatech Park, Bangalore North, Bangalore, Karnataka	wework manyata redwood d3block manayatatech park bangalore north bangalore karnataka
train_source1	S1-399649742	Miles Technology (India) Pvt Ltd	miles technology india pvt ltd	miles technology india	19, No. Rn Mukherjee Road, 2Nd Floor Kolkata, Kolkata, Kolkata, Howrah, West Bengal	19 number rn mukherjee road 2nd floor kolkata kolkata kolkata howrah west bengal
train_source1	S1-433871690	Maa Enterprises Private Limited	maa enterprises private limited	maa enterprises	Door No. 90, Malambrath Chalil (H), Kottakkal, Parappur, Kottakkal, Tirur, Malappuram, Tirur, Malappuram, Malapuram, Kerala	door number 90 malambrath chalil h kottakkal parappur kottakkal tirur malappuram tirur malappuram malapuram kerala
train_source1	S1-257800967	Dunaway Assets Inc.	dunaway assets inc	dunaway assets	MA, Groveland, 65 Seven Star Road	ma groveland 65 seven star road
train_source1	S1-429735814	Star Intelligence Brands Inc	star intelligence brands inc	star intelligence brands	11 Arthurs Way, Harwich, MA	11 arthurs way harwich ma
train_source1	S1-393137673	Shree Chem Pvt. Ltd.	shree chem pvt ltd	shree chem	No:5-22-A, Seelamvaripalem, T Saicharan Ghantasala Mandal, Srikakulam, Krishna, Andhra Pradesh	no5 22 a seelamvaripalem t saicharan ghantasala mandal srikakulam krishna andhra pradesh
train_source1	S1-49570634	Sibel's Tattoo LLC	sibels tattoo llc	sibels tattoo	5900 Waters Edge Road, Chesterfield County, VA	5900 waters edge road chesterfield county va
train_source1	S1-541080274	Arihant Consultancy	arihant consultancy	arihant consultancy	C-704, 7Th Floor, Tower C, Moti Residency, Ghaziabad, Uttar Pradesh	c 704 7th floor tower c moti residency ghaziabad uttar pradesh
train_source1	S1-970207960	Bolt Institute	bolt institute	bolt institute	Tc 86/811 Chakkai Thiruvananthapuram, Thiruvananthapuram, Trivandrum, Kerala	tc 86 811 chakkai thiruvananthapuram thiruvananthapuram trivandrum kerala
train_source1	S1-104104759	Signature Bay Trading LLC	signature bay trading llc	signature bay trading	1325 Elizabeth Avenue, Village Of Lake Delton, WI	1325 elizabeth avenue village of lake delton wi
train_source1	S1-629358782	Indrtech Instruments Care	indrtech instruments care	indrtech instruments care	Ardente Office One, Unit 2225, Hoodi Itpl Main Road, Mahadevapura Post, Bangalore, Karnataka	ardente office one unit 2225 hoodi itpl main road mahadevapura post bangalore karnataka
train_source1	S1-427094761	Universal City Solutions Private Limited	universal city solutions private limited	universal city solutions	Kaithal, Nagar Palika Cheeka Cheeka In Guhla, Haryana, Shop No 299	kaithal nagar palika cheeka cheeka in guhla haryana shop number 299
train_source1	S1-427933022	Royal Properties Private Limited	royal properties private limited	royal properties	X 75 Aipl Dream City, Deatwal, Ludhiana, Punjab	x 75 aipl dream city deatwal ludhiana punjab
train_source1	S1-157665666	Williams Classic Enclave LLC	williams classic enclave llc	williams classic enclave	Wilton, ME, 842 Main Street	wilton me 842 main street
train_source1	S1-718184733	Pediatric Midwest Medicine, Inc	pediatric midwest medicine inc	pediatric midwest medicine	20244 31st Avenue, Unit 2020, Phoenix, AZ	20244 31st avenue unit 2020 phoenix az
train_source1	S1-63638088	Dium Collective LLC	dium collective llc	dium collective	10039 University City Boulevard, Unit P, Charlotte, NC	10039 university city boulevard unit p charlotte nc
train_source1	S1-398776167	Schmidt, Bradley and Dowden LLC	schmidt bradley and dowden llc	schmidt bradley and dowden	823 Hughbert Street, Norman, OK	823 hughbert street norman ok
train_source1	S1-327685774	Vantus Islands PC	vantus islands pc	vantus islands pc	4421 Florin Road, Sacramento, CA	4421 florin road sacramento ca
train_source1	S1-72935581	Cornerstone Premier Fortune Inc.	cornerstone premier fortune inc	cornerstone premier fortune	14 Pope Street, New Haven, CT	14 pope street new haven court
train_source1	S1-988533428	Hyderabad Centre Ltd	hyderabad centre ltd	hyderabad centre	H.No.1-11-271/1, Gagan Vihar Colony Begumpet, Hyderabad, Rangareddy, Telangana	hno1 11 271 1 gagan vihar colony begumpet hyderabad rangareddy telangana
train_source1	S1-918838609	Patriot Lifesciences LLC	patriot lifesciences llc	patriot lifesciences	502 York Street, Newport, KY	502 york street newport ky
train_source1	S1-236336419	Vela LLC	vela llc	vela	OK, 7700 38th Street, Tulsa	ok 7700 38th street tulsa
train_source1	S1-941710375	Supreme Hospitality Private Limited	supreme hospitality private limited	supreme hospitality	Plot No D- 107, Sector 2, Noida, Uttar Pradesh	plot number d 107 sector 2 noida uttar pradesh
train_source1	S1-469120086	Parks Abrdn, LLC	parks abrdn llc	parks abrdn	107 Maynard Street, Bastrop, TX	107 maynard street bastrop tx
train_source1	S1-596375677	Tech Tech Private Limited	tech tech private limited	tech tech	Plot No D-3-1/1 At Midc Deori, Deori, Gondiya, Maharashtra	plot number d 3 1 1 at midc deori deori gondiya maharashtra
train_source1	S1-91890249	South Services LLP	south services llp	south services	C/O - Mita Mukherjee, Kochdihi, Jhanjra Burdwan, Laudoha, Bardhaman, West Bengal	c o mita mukherjee kochdihi jhanjra burdwan laudoha bardhaman west bengal
train_source1	S1-501560459	Pgl Expo	pgl expo	pgl expo	C/124/446, Jatepur Uttari, Mansa Bagh Near Psn Public School, Gorakhpur, Uttar Pradesh	c 124 446 jatepur uttari mansa bagh near psn public school gorakhpur uttar pradesh
train_source1	S1-286406115	All Harbor Starry	all harbor starry	all harbor starry	IL, 31006 Village Green Court, Warrenville	il 31006 village green court warrenville
train_source1	S1-706942192	Arsa Trust Company	arsa trust company	arsa trust	Plot No. - 490/5851 Krishna Garden, Phase - Ii, Jagamara, Bhubaneswar, Khordha, Orissa	plot number 490 5851 krishna garden phase ii jagamara bhubaneswar khordha orissa
train_source1	S1-247132924	Gold Software Private Limited	gold software private limited	gold software	Pn 47, Ram Nagar Colony, Malpura Gate Ke Pass, Sanganer, Jaipur, Rajasthan	pn 47 ram nagar colony malpura gate ke pass sanganer jaipur rajasthan
train_source1	S1-970879476	Peridiq Realty, LLC	peridiq realty llc	peridiq realty	City Of Boscobel, 801 Bluff Street, WI	city of boscobel 801 bluff street wi
train_source1	S1-414922041	Vision Logistics Private Limited	vision logistics private limited	vision logistics	Delhi, F/F, Gali No.11, Main Market Garhi, H.No-100, New Delhi, South Delhi	delhi f f gali no11 main market garhi hno 100 new delhi south delhi
train_source1	S1-699452087	Sibylle's Technologies	sibylles technologies	sibylles technologies	317 Sixth Street, Unit 3, Morgantown, WV	317 sixth street unit 3 morgantown wv
train_source1	S1-628436260	Hotel Consulting Private Limited	hotel consulting private limited	hotel consulting	1/654 Vishal Khandgomti Nagar Lucknow, Uttar Pradesh, Lucknow, Uttar Pradesh	1 654 vishal khandgomti nagar lucknow uttar pradesh lucknow uttar pradesh
train_source1	S1-810345819	Global Bridge Spirit Private Limited	global bridge spirit private limited	global bridge spirit	Rukmanipalayam Road, Mannargudi, Tamil Nadu, Tiruvarur, 5D	rukmanipalayam road mannargudi tamil nadu tiruvarur 5d
train_source1	S1-47443839	Michael Premier Community Inc	michael premier community inc	michael premier community	645 Church Road, Colchester, VT	645 church road colchester vt
train_source1	S1-19121821	Pichardo Super	pichardo super	pichardo super	11 Ridgewood Drive, Rocky Hill, CT	11 ridgewood drive rocky hill court
train_source1	S1-707311952	Prospera (India) Services Private Limited	prospera india services private limited	prospera india services	Shiv Complex Shop No 42, Tal- Jodiya, Lakhpat, Kachchh, Gujarat	shiv complex shop number 42 tal jodiya lakhpat kachchh gujarat
train_source1	S1-959221757	Bright Textile Global	bright textile global	bright textile global	4700 Berwyn House Road, Unit 2541, College Park, MD	4700 berwyn house road unit 2541 college park md
train_source1	S1-357079669	Innovative Properties Limited	innovative properties limited	innovative properties	Office No.212 On 2Nd Floor Raj Shrungi Building At Palace Road, Opp. Ashapura Mata Mandir, Rajkot, Rajkot, Gujarat	office no212 on 2nd floor raj shrungi building at palace road opposite ashapura mata mandir rajkot rajkot gujarat
train_source1	S1-496315267	Pune Hospitality Private Limited	pune hospitality private limited	pune hospitality	S. No. 173/1/1A Flat No 203 Near Pooja Plastic, Swara Pride Residency, Wakad, Pune, Maharashtra	south number 173 1 1a flat number 203 near pooja plastic swara pride residency wakad pune maharashtra
train_source1	S1-246391281	Ss Producercompany LLP	ss producercompany llp	ss producercompany	H.No: 16-91, Flat No 203, Sri Harsha Apt Rd. No 3, Saroornagar, K.V.Rangareddy, Telangana	hno 16 91 flat number 203 sri harsha apartment road number 3 saroornagar kvrangareddy telangana
train_source1	S1-593081836	Candide Joines Marshall, LLC	candide joines marshall llc	candide joines marshall	10719 46th Terrace, Kansas City, MO	10719 46th terrace kansas city mo
train_source1	S1-145950089	Param Foundation	param foundation	param foundation	Pune, B 204, Sangria, Megapolis, Rgip Phase 3, Hinjewadi, Maharashtra, Pune	pune b 204 sangria megapolis rgip phase 3 hinjewadi maharashtra pune
train_source1	S1-965828930	Primary Care Vanguard Medicine Center	primary care vanguard medicine center	primary care vanguard medicine center	447 Trailwood Terrace, Flippin, AR	447 trailwood terrace flippin ar
train_source1	S1-223097022	Urban Bike Shop PC	urban bike shop pc	urban bike shop pc	3943 Trinity Church Road, Concord, NC	3943 trinity church road concord nc
train_source1	S1-107811142	Ennet Launch Inc	ennet launch inc	ennet launch	14185 Franklin Street, Unit 4, Franklin County, VA	14185 franklin street unit 4 franklin county va
train_source1	S1-834325810	Jagannath Agro Pvt Ltd	jagannath agro pvt ltd	jagannath agro	Sp 1 Malviya Industrial Area Apex Circle Malviya Nagar, Jaipur, Rajasthan	sp 1 malviya industrial area apex circle malviya nagar jaipur rajasthan
train_source1	S1-295919264	XQB Quasaredge PC	xqb quasaredge pc	xqb quasaredge pc	4743 White Aster Street, Phoenix, AZ	4743 white aster street phoenix az
train_source1	S1-263383485	Garza's Textiles	garzas textiles	garzas textiles	2381 Quincy Street, Supply, NC	2381 quincy street supply nc
train_source1	S1-615802022	Bailey Shanghai Inc	bailey shanghai inc	bailey shanghai	154 Blue Bayou Trl Court, Houma, LA	154 blue bayou trl court houma la
train_source1	S1-50821480	Sr Trexim Private Limited	sr trexim private limited	sr trexim	Shop No. 3 J - 5/33, Rajouri Garden, New Delhi, West Delhi, Delhi	shop number 3 j 5 33 rajouri garden new delhi west delhi delhi
train_source1	S1-798978238	Urban Pub	urban pub	urban pub	102 County Road 5113, Cleveland, TX	102 county road 5113 cleveland tx
train_source1	S1-410898799	New Ventures Private Limited	new ventures private limited	new ventures	C/O Prakash Sethia Sethia Daga Chowk, Bikaner, Rajasthan	c o prakash sethia sethia daga chowk bikaner rajasthan
train_source1	S1-434235767	Hanson & Mcclure Iheartmedia, LLC	hanson and mcclure iheartmedia llc	hanson and mcclure iheartmedia	1413 Franklin Drive, VA, Virginia Beach City	1413 franklin drive va virginia beach city
train_source1	S1-776993257	EQ Advertising Private Limited	eq advertising private limited	eq advertising	B 207 Kamala Vihar Building Ii Boisar Pada Kamlavihar Sports Club, Kandivali West, Mumbai City, Maharashtra	b 207 kamala vihar building ii boisar pada kamlavihar sports club kandivali west mumbai city maharashtra
train_source1	S1-805549305	Dream Engineering Pvt Ltd	dream engineering pvt ltd	dream engineering	Shop No.3, Near Kundan Chowk, Vill. Khushkhera, Near Bhiwadi, Bhiwadi, Alwar, Rajasthan	shop no3 near kundan chowk vill khushkhera near bhiwadi bhiwadi alwar rajasthan
train_source1	S1-512066012	Congregation Fellowship	congregation fellowship	congregation fellowship	119 Pleasant Street, Unit CND 3, Vienna Town, VA	119 pleasant street unit cnd 3 vienna town va
train_source1	S1-535461143	Sauls Prime Music LLC	sauls prime music llc	sauls prime music	1115 Timber Ridge Road, Prescott, AZ	1115 timber ridge road prescott az
train_source1	S1-5710979	Eye Group	eye group	eye group	3 Elmwood Road, Babylon, NY	3 elmwood road babylon ny
train_source1	S1-114549366	Bajaj Brands Private Limited	bajaj brands private limited	bajaj brands	13 Ganesh Chandra Avenue 5Thfloor R No 25, Kolkata, Calcutta, West Bengal	13 ganesh chandra avenue 5thfloor r number 25 kolkata calcutta west bengal
train_source1	S1-187614953	Cropper Park of Portage	cropper park of portage	cropper park of portage	2127 Pennsylvania Street, Portage, IN	2127 pennsylvania street portage in
train_source1	S1-353752505	Jalandhar Hatcheries Co	jalandhar hatcheries co	jalandhar hatcheries	1St Floor, 637, Mall Road Model Town, Jalandhar, Punjab	1st floor 637 mall road model town jalandhar punjab
train_source1	S1-935968877	Systems Indraprasth In Corporation	systems indraprasth in corporation	systems indraprasth in	Door No. Ep-Xvi-83 E & F, Palamukku, Ellumannam Po, Mananthavady, Wayanad, Kerala	door number ep xvi 83 east and f palamukku ellumannam po mananthavady wayanad kerala
train_source1	S1-261125897	Mountain Shore LLC	mountain shore llc	mountain shore	636 Harrison Street, Unit Apartment 11, Anoka, MN	636 harrison street unit apartment 11 anoka mn
train_source1	S1-36985251	DMW Procap LLC	dmw procap llc	dmw procap	159-23 Jamaica Avenue, Jamaica, NY	159 23 jamaica avenue jamaica ny
train_source1	S1-945045672	Precision Roofing LLC	precision roofing llc	precision roofing	8319 43rd Drive, Phoenix, AZ	8319 43rd drive phoenix az
train_source1	S1-911663813	Real Industries Private Limited	real industries private limited	real industries	5Th Floor Neelmanichamber, B/H Sales India, City Ahmedabad, Ahmedabad, Gujarat	5th floor neelmanichamber b h sales india city ahmedabad ahmedabad gujarat
train_source1	S1-40162994	CP Kgaa L.L.C.	cp kgaa llc	cp kgaa	5613 Cloverland Drive, Nashville, TN	5613 cloverland drive nashville tn
train_source1	S1-788788817	North Arihant International Private Limited	north arihant international private limited	north arihant international	New No 39, 3Rd Main Road, Vijay Nagar, Velachery, Chennai, Tamil Nadu	new number 39 3rd main road vijay nagar velachery chennai tamil nadu
train_source1	S1-359794131	Calvario & Patino L.L.C.	calvario and patino llc	calvario and patino	4272 Warren Street, Fauquier County, VA	4272 warren street fauquier county va
train_source1	S1-450374831	Narsinghpur Tools Private Limited	narsinghpur tools private limited	narsinghpur tools	F.No.M91F.No.9Towermsec71, Signatureglobalandour, Narsinghpur, Gurgaon, Haryana	fnom91fno9towermsec71 signatureglobalandour narsinghpur gurgaon haryana
train_source1	S1-159579644	Dorene Ray, DO	dorene ray do	dorene ray do	204 8480, Midvale, UT	204 8480 midvale ut
train_source1	S1-663199736	Elite Medical Advisors LLC	elite medical advisors llc	elite medical advisors	21107 Quartermaster Avenue, Bldg 21107, Ft Bliss, TX	21107 quartermaster avenue building 21107 ft bliss tx
train_source1	S1-232086511	IWR Solutions Ltd	iwr solutions ltd	iwr solutions	10 & 11Anantha Thiruvenkatasamy Naidu Street Peelamedu, Coimbatore, Tamil Nadu	10 and 11anantha thiruvenkatasamy naidu street peelamedu coimbatore tamil nadu
train_source1	S1-112377984	PMI Properties Pvt Ltd	pmi properties pvt ltd	pmi properties	Sy No 137/5, No 306, Rohitha Garden, 1St Cross 4Th Main, Near Tata Nagar, Water Tank, T, Ata Nagar, Bangalore, Karnataka	sy number 137 5 number 306 rohitha garden 1st cross 4th main near tata nagar water tank t ata nagar bangalore karnataka
train_source1	S1-825852772	Chiropractic Care LLC	chiropractic care llc	chiropractic care	Ruidoso, NM, 105 Harvard Place	ruidoso nm 105 harvard place
train_source1	S1-911150048	Clipper Dot Private Limited	clipper dot private limited	clipper dot	Kunjapatana Sahi (Plot No - 901) Ps-Lingaraj, Old Town, Bhubaneswar, Khordha, Orissa	kunjapatana sahi plot number 901 ps lingaraj old town bhubaneswar khordha orissa
train_source1	S1-274896234	Dynamic Products Pvt Ltd	dynamic products pvt ltd	dynamic products	Khasra No. 56, Near Railway Crossing, Kalka, Panchkula, Haryana	khasra number 56 near railway crossing kalka panchkula haryana
train_source1	S1-162399024	Fresh Pet Care Corp	fresh pet care corp	fresh pet care	13801 21st Avenue, Vancouver, WA	13801 21st avenue vancouver wa
train_source1	S1-123406737	Universal Developers Pvt Ltd	universal developers pvt ltd	universal developers	Plot No-600/1530/1706, Kesura C/O-Sipra Mohanty, Bhubaneswar, Khordha, Orissa	plot number 600 1530 1706 kesura c o sipra mohanty bhubaneswar khordha orissa
train_source1	S1-743857557	Doreen Terrell Allied Broadband	doreen terrell allied broadband	doreen terrell allied broadband	240 Summer Street, Franklin, MA	240 summer street franklin ma
train_source1	S1-727116642	Dental Anchor Physicians LLC	dental anchor physicians llc	dental anchor physicians	AL, Birmingham, 609 Finley Avenue, Unit 990830	al birmingham 609 finley avenue unit 990830
train_source1	S1-350057104	India Options Bright Private Limited	india options bright private limited	india options bright	Shri Murkute Prem Bansilal Fl.No C/18 Nandlal Garden Sno-265/6/10 10Baner Pune, Pune, Maharashtra	shri murkute prem bansilal flno c 18 nandlal garden sno 265 6 10 10baner pune pune maharashtra
train_source1	S1-476083068	Brooks Cadenza LLC	brooks cadenza llc	brooks cadenza	805 Greenbriar Road, Flat Lick, KY	805 greenbriar road flat lick ky
train_source1	S1-570889630	Adams's Great Occupational Therapy	adamss great occupational therapy	adamss great occupational therapy	5985 66, Kingman, AZ	5985 66 kingman az
train_source1	S1-766482715	Elegance Solutions Private Limited	elegance solutions private limited	elegance solutions	401/B Smr Complex, 4Th Floor, Plat No 15, Behind More Super Market, Suchitra X Road, Ramar, Aju Nagar, Hyderabad, Telangana	401 b smr complex 4th floor plat number 15 behind more super market suchitra x road ramar aju nagar hyderabad telangana
train_source1	S1-546544677	Bodhi & Sons Limited	bodhi and sons limited	bodhi and sons	1303, Floor-13, Plot-Cs 338, Meru Tower, Jahangir Boman Behram Marg, Tardeo, Tulsiwadi, Mumbai, Maharashtra	1303 floor 13 plot cs 338 meru tower jahangir boman behram marg tardeo tulsiwadi mumbai maharashtra
train_source1	S1-4041342	Mumbai Tieup Private Limited	mumbai tieup private limited	mumbai tieup	Shop No 6 Building No 19, Siddhivinayak Chs, Mumbai, Maharashtra	shop number 6 building number 19 siddhivinayak chs mumbai maharashtra
train_source1	S1-508306248	Flanagan Modern Development	flanagan modern development	flanagan modern development	1140 Oak Openings Road, Avon, NY	1140 oak openings road avon ny
train_source1	S1-812553864	Goldstar Clinic	goldstar clinic	goldstar clinic	Sh No 1 Grn Flr, Tere Gaali Versova, Mumbai, Maharashtra	sh number 1 grn floor tere gaali versova mumbai maharashtra
train_source1	S1-507861657	Chiropractic Group Corp	chiropractic group corp	chiropractic group	611 Old Pidcoke Road, Gatesville, TX	611 old pidcoke road gatesville tx
train_source1	S1-873927210	BP Foundation Private Limited	bp foundation private limited	bp foundation	No121, Geetanjali, 11Thmain, 9Thblocknagarbhavi, 2Ndstage, Bangalore, Karnataka	no121 geetanjali 11thmain 9thblocknagarbhavi 2ndstage bangalore karnataka
train_source1	S1-632463387	Sabuj Chatterjee Pvt Ltd	sabuj chatterjee pvt ltd	sabuj chatterjee	Noida, F 601, Gautam Buddha Nagar, Prateek Stylome, Sector 45, Uttar Pradesh	noida f 601 gautam buddha nagar prateek stylome sector 45 uttar pradesh
train_source1	S1-395359998	Bright Coffee	bright coffee	bright coffee	145 Leisters Church Road, Westminster, MD	145 leisters church road westminster md
train_source1	S1-725894936	Golden Care Private Limited	golden care private limited	golden care	Np V/714 Anellanad P O, Keezhayikonam Venjarammoodu Via, Thiruvananthapuram, Trivandrum, Kerala	np v 714 anellanad p o keezhayikonam venjarammoodu via thiruvananthapuram trivandrum kerala
train_source1	S1-136650911	CC End	cc end	cc end	1415 Avery Lane, Unit 514, Sevierville, TN	1415 avery lane unit 514 sevierville tn
train_source1	S1-961259101	North Management Private Limited	north management private limited	north management	Plot No.179 Phase V Hsiidc Sector 56, Kundli, Sonepat, Haryana	plot no179 phase v hsiidc sector 56 kundli sonepat haryana
train_source1	S1-12716980	Magdalena's Contracting	magdalenas contracting	magdalenas contracting	1777 Birdie Lane, Billings, MT	1777 birdie lane billings mt
train_source1	S1-856568333	Avantika Memorial Trust	avantika memorial trust	avantika memorial trust	969/6, Delhi, Central Delhi, Delhi, Gf, Gali Paiwali Havely Hisamuddin Haider, Ballimaran	969 6 delhi central delhi delhi gf gali paiwali havely hisamuddin haider ballimaran
train_source1	S1-994484678	Laxmi Systems Private Limited	laxmi systems private limited	laxmi systems	K2/216, Delhi, South Delhi, Kh No-58, Bh Colony Sangam Vihar, South Delhi, Delhi	k2 216 delhi south delhi kh number 58 bh colony sangam vihar south delhi delhi
train_source1	S1-391589408	Dynamic Better Pattana	dynamic better pattana	dynamic better pattana	2530 Willow Lane, Emporia, KS	2530 willow lane emporia ks
train_source1	S1-821827055	Apex Logistics Private Limited	apex logistics private limited	apex logistics	Cabin 10, Room No. 8/308, Third Floor, Hilite Platino, Shankar Nagar Colony Road, Kannadikkadu, Ernakulam, Kerala	cabin 10 room number 8 308 third floor hilite platino shankar nagar colony road kannadikkadu ernakulam kerala
train_source1	S1-943187307	Heart Association Partners	heart association partners	heart association partners	365 Oak Stand Path, Chesterfield, MO	365 oak stand path chesterfield mo
train_source1	S1-384585623	Schexnayder Preparatory Academy	schexnayder preparatory academy	schexnayder preparatory academy	1061 High Street, Dedham, MA	1061 high street dedham ma
train_source1	S1-353226437	Sarup Merchandising Private Limited	sarup merchandising private limited	sarup merchandising	Building No.Vi, Ward No. 3 Kuzhur Panchayat, Thumbarassery, Kuzhur, Kerala	building novi ward number 3 kuzhur panchayat thumbarassery kuzhur kerala
train_source1	S1-294553406	Ignacio Pelican Inc.	ignacio pelican inc	ignacio pelican	705 Furman Court, Allen, TX	705 furman court allen tx
train_source1	S1-904996225	Binnie's Metal Works	binnies metal works	binnies metal works	Tacoma, 1427 58th Avenue, WA	tacoma 1427 58th avenue wa
train_source1	S1-638324619	Dateque Inc	dateque inc	dateque	189 Jw Drive, El Jebel, CO	189 jw drive el jebel co
train_source1	S1-167321703	Meque Ingredients	meque ingredients	meque ingredients	29 Pinehurst Drive, Plymouth, MA	29 pinehurst drive plymouth ma
train_source1	S1-343732388	Best Properties Private Limited	best properties private limited	best properties	C/O. Ujjwal Kundu, Kapra Gali, Ward-13, Purulia - I, Puruliya, Purulia, West Bengal	c o ujjwal kundu kapra gali ward 13 purulia i puruliya purulia west bengal
train_source1	S1-458266075	Great Care Private Limited	great care private limited	great care	13/57, Kinari Bazar, Agra, Uttar Pradesh	13 57 kinari bazar agra uttar pradesh
train_source1	S1-218527802	Wells, Vazquez and Quinn Oxley LLC	wells vazquez and quinn oxley llc	wells vazquez and quinn oxley	7408 167th Street, Douglas County, NE	7408 167th street douglas county ne
train_source1	S1-888699746	Perfect International Consultants Private Limited	perfect international consultants private limited	perfect international consultants	C/O Suresh Chander Railway Road, Haryana, Panipat	c o suresh chander railway road haryana panipat
train_source1	S1-729110319	Point Brothers Private Limited	point brothers private limited	point brothers	Office No.210, Yuvraj Business Centre, Vikas Complex Iind Floor, 37 Veer Savarkar Block, Shak, Arpur, Delhi	office no210 yuvraj business centre vikas complex iind floor 37 veer savarkar block shak arpur delhi
train_source1	S1-385303865	Red Foods Pvt Ltd	red foods pvt ltd	red foods	D.No 6-2-30/B, Flot No 103 First Floor, Express Court, Lakdi Ka Poo, L, Saifabad, Hyderabad, Telangana	dno 6 2 30 b flot number 103 first floor express court lakdi ka poo l saifabad hyderabad telangana
train_source1	S1-296742140	Parsons, Diaz and Wang LLC	parsons diaz and wang llc	parsons diaz and wang	2611 Plum Court, Portland, OR	2611 plum court portland or
train_source1	S1-745322775	Thirty Advisors	thirty advisors	thirty advisors	1-B, Khelat Ghosh Lane, Kolkata, Howrah, West Bengal	1 b khelat ghosh lane kolkata howrah west bengal
train_source1	S1-505687673	Norris Hawk LLC	norris hawk llc	norris hawk	312 Random Road, Arkansas City, KS	312 random road arkansas city ks
train_source1	S1-786497576	Dong Grupo of Incorporated	dong grupo of incorporated	dong grupo of	460 2nd Street, Incorporated, ID	460 2nd street incorporated id
train_source1	S1-582176190	Clyora Seneca LLC	clyora seneca llc	clyora seneca	325 Wilkinson Lane, Unit Unit 214, North Oaks, MN	325 wilkinson lane unit unit 214 north oaks mn
train_source1	S1-502810871	Arihant Developers Private Limited	arihant developers private limited	arihant developers	North 24 Parganas, Barasat - I, C/O Md Nausad Alam, Vill Kemia, Kalupara, P.O. Kirtipur, Kolkata, West Bengal	north 24 parganas barasat i c o md nausad alam vill kemia kalupara po kirtipur kolkata west bengal
train_source1	S1-966193611	Pediatric Dentistry Physicians	pediatric dentistry physicians	pediatric dentistry physicians	85 Brook Road, Strafford, VT	85 brook road strafford vt
train_source1	S1-256724336	Machinists Local Union 622	machinists local union 622	machinists local union 622	115 Mariners Road, Equality, AL	115 mariners road equality al
train_source1	S1-495348398	Office of Environmental Protection	office of environmental protection	office of environmental protection	Unit E, MD, Bel Air, 1103 Jeffrey Terrace	unit east md bel air 1103 jeffrey terrace
train_source1	S1-921815569	Lewis Village	lewis village	lewis village	204 Holloway Street, Alexis, IL	204 holloway street alexis il
train_source1	S1-400371708	Abhinav Trading Ltd	abhinav trading ltd	abhinav trading	2 Church Lane (Ground Floor)Room No 1/ 4, Kolkata, Calcutta, West Bengal	2 church lane ground floorroom number 1 4 kolkata calcutta west bengal
train_source1	S1-366969181	Indo Marketing Limited	indo marketing limited	indo marketing	Flat No.T-4, Canterbury Apartment 9, Norris Road, Richmond Town, Bangalore, Karnataka	flat not 4 canterbury apartment 9 norris road richmond town bangalore karnataka
train_source1	S1-118036223	Elite All Tungsten PLLC	elite all tungsten pllc	elite all tungsten pllc	89 Hudson Street, Camdenton, MO	89 hudson street camdenton mo
train_source1	S1-933384875	Universal Agro Private Limited	universal agro private limited	universal agro	18/137 Mhb Colony, Sarvoday Nagar, Nr Hema Ind, Nr Samarth Vidyalay, Jogeshwari East, Mumbai, Mumbai City, Maharashtra	18 137 mhb colony sarvoday nagar near hema ind near samarth vidyalay jogeshwari east mumbai mumbai city maharashtra
train_source1	S1-568122370	Bright Universal Finance Private Limited	bright universal finance private limited	bright universal finance	Bangalore, Flat No 1404 Vrr Fortuna, Karnataka, Bangalore South, Apts, Off Sarjapura Road	bangalore flat number 1404 vrr fortuna karnataka bangalore south apts off sarjapura road
train_source1	S1-184828670	Premier Calamos LLC	premier calamos llc	premier calamos	14131 St Rte 140, South Webster, OH	14131 street rte 140 south webster oh
train_source1	S1-625845694	Tulsa Veterans Apex Coalition	tulsa veterans apex coalition	tulsa veterans apex coalition	4886 Darlington Avenue, Unit APARTMENT  315, Tulsa, OK	4886 darlington avenue unit apartment 315 tulsa ok
train_source1	S1-825091133	New Delhi Trading Private Limited	new delhi trading private limited	new delhi trading	C-5 Road Joshi Marg, Near Saha Pur Jat Gaun, New Delhi, South Delhi, Delhi	c 5 road joshi marg near saha pur jat gaun new delhi south delhi delhi
train_source1	S1-527885616	Dehlia T. Rosales, DMD, P.C. PLLC	dehlia t rosales dmd pc pllc	dehlia t rosales dmd pc pllc	5349 Paddock Falls Drive, Bldg 19, Dublin, OH	5349 paddock falls drive building 19 dublin oh
train_source1	S1-67551885	Arleta Ruiz Summit Crumrine Center	arleta ruiz summit crumrine center	arleta ruiz summit crumrine center	976 Johnson Street, Unit 100, City Of Fond Du Lac, WI	976 johnson street unit 100 city of fond du lac wi
train_source1	S1-53694776	Jaipur Hind Private Limited	jaipur hind private limited	jaipur hind	Rajasthan, Krishna Nagar, Golyawas, New Sanganer Road, Jaipur, Plot No. 99B	rajasthan krishna nagar golyawas new sanganer road jaipur plot number 99b
train_source1	S1-785203518	Rozalie Scott Braemar LLC	rozalie scott braemar llc	rozalie scott braemar	10501 Artifact Court, Elk Grove, CA	10501 artifact court elk grove ca
train_source1	S1-33355590	Belcher Capital Prudential Inc	belcher capital prudential inc	belcher capital prudential	51 County Road 91, Escondida, NM	51 county road 91 escondida nm
train_source1	S1-340481848	Strupp Pioneer LLC	strupp pioneer llc	strupp pioneer	NY, Yonkers, 9 Brandt Terrace	ny yonkers 9 brandt terrace
train_source1	S1-73448004	Bangalore Girl Corp	bangalore girl corp	bangalore girl	Office No. 213, 2Nd Floor, Ramanashree Arcade No. 18, M.G. Road, Bangalore, Karnataka	office number 213 2nd floor ramanashree arcade number 18 mg road bangalore karnataka
train_source1	S1-135435811	Broder, Johnson & Davenport LLC	broder johnson and davenport llc	broder johnson and davenport	2138 Jessamine Station Road, Jessamine Co, KY	2138 jessamine station road jessamine co ky
train_source1	S1-690703334	Brightola Sprott	brightola sprott	brightola sprott	1192 714, Stephenville, TX	1192 714 stephenville tx
train_source1	S1-742245952	Royal Pearl	royal pearl	royal pearl	2934 Pioneer Drive, Irving, TX	2934 pioneer drive irving tx
train_source1	S1-978619316	Dulcea Tanner Choice Biotech LLC	dulcea tanner choice biotech llc	dulcea tanner choice biotech	5729 Jessica Lane, Owensboro, KY	5729 jessica lane owensboro ky
train_source1	S1-358150651	Krishnagiri Metal Corporation	krishnagiri metal corporation	krishnagiri metal	Plot No:5, Anumepalli Agraharam Begepalli Post, Zuzuvadi, Hosur, Krishnagiri, Dharmapuri, Tamil Nadu	plot no5 anumepalli agraharam begepalli post zuzuvadi hosur krishnagiri dharmapuri tamil nadu
train_source1	S1-676682334	Modern Consulting Pvt Ltd	modern consulting pvt ltd	modern consulting	Plot No. 116-B & 116-P, Gut No. 152 Near Alok Nagar, Satara Parisar, Aurangabad, Maharashtra	plot number 116 b and 116 p gut number 152 near alok nagar satara parisar aurangabad maharashtra
train_source1	S1-976783021	Om Infotech Private Limited	om infotech private limited	om infotech	60/55 Hari Pada Dutta Lane 2Nd Floor, Kolkata, Calcutta, West Bengal	60 55 hari pada dutta lane 2nd floor kolkata calcutta west bengal
train_source1	S1-528145300	Declarex Inc.	declarex inc	declarex	2805 Boyce Avenue, Fort Worth, TX	2805 boyce avenue fort worth tx
train_source1	S1-9908431	Signature Bay Allegro	signature bay allegro	signature bay allegro	6709 Tacoma Avenue, Tacoma, WA	6709 tacoma avenue tacoma wa
train_source1	S1-462934046	Eye Specialists, Inc	eye specialists inc	eye specialists	120 Shutterlee Mill Lane, Augusta County, VA	120 shutterlee mill lane augusta county va
train_source1	S1-158380911	Mallory's Metropolitan Wholesale	mallorys metropolitan wholesale	mallorys metropolitan wholesale	1130 Loxford Terrace, Silver Spring, MD	1130 loxford terrace silver spring md
train_source1	S1-128303392	Stanton Genetics LLC	stanton genetics llc	stanton genetics	7542 Garden Lane, Justice, IL	7542 garden lane justice il
train_source1	S1-350433118	Faythe Sanders Mercury	faythe sanders mercury	faythe sanders mercury	23 Strathmore Lane, Madison, CT	23 strathmore lane madison court
train_source1	S1-90771849	Equinox LLC	equinox llc	equinox	3963 Snelling Avenue, Minneapolis, MN	3963 snelling avenue minneapolis mn
train_source1	S1-864632129	Tech Marketing Limited	tech marketing limited	tech marketing	Office No.13, Ground Floor, Sarathi Complex S.No. 61 Paiki, Tika No.9/3, Opp. Diamon, D Market, Amreli, Gujarat	office no13 ground floor sarathi complex sno 61 paiki tika no9 3 opposite diamon d market amreli gujarat
train_source1	S1-132535915	Ceque	ceque	ceque	2140 Palace Avenue, Saint Paul, MN	2140 palace avenue saint paul mn
train_source1	S1-615024355	Internal Medicine Group	internal medicine group	internal medicine group	1730 Middle Road, TX, Denison	1730 middle road tx denison
train_source1	S1-197764110	Deviya Infratech LLP	deviya infratech llp	deviya infratech	Parganas North, Fl-D, 30/1, Ghosh Para Road Maniktala, Ichapur, 4Th Fr, Kolkata, West Bengal	parganas north fl d 30 1 ghosh para road maniktala ichapur 4th fr kolkata west bengal
train_source1	S1-478567299	Heart Federation Care	heart federation care	heart federation care	409 Wyandanch Avenue, NY, Unit Unit 77, Babylon	409 wyandanch avenue ny unit unit 77 babylon
train_source1	S1-748867572	Britt Best Willow LLC	britt best willow llc	britt best willow	16955 Toronto Avenue, Unit Apartment 115, Prior Lake, MN	16955 toronto avenue unit apartment 115 prior lake mn
train_source1	S1-444926720	Agroha Properties Public Limited	agroha properties public limited	agroha properties public	Office No. 216, Bawa Tower, Plot No. 78/79, Sector 17, Vashi, Navi Mumbai, Thane, Maharashtra	office number 216 bawa tower plot number 78 79 sector 17 vashi navi mumbai thane maharashtra
train_source1	S1-385082068	Modern Hospitality Private Limited	modern hospitality private limited	modern hospitality	Maharashtra, 5, Mumbai, Chunawala Estate Kondivitalane Near J B Nagar Market Andheri Kurla Rd	maharashtra 5 mumbai chunawala estate kondivitalane near j b nagar market andheri kurla road
train_source1	S1-789383606	Colonial Capital LP	colonial capital lp	colonial capital lp	15528 45th Avenue, Lynnwood, WA	15528 45th avenue lynnwood wa
train_source1	S1-7733888	Bharaj Television Private Limited	bharaj television private limited	bharaj television	Unit No.1008 10Th Floor Hubtown Viva W.E. Highway Jogeshwari East, Mumbai, Mumbai City, Maharashtra	unit no1008 10th floor hubtown viva we highway jogeshwari east mumbai mumbai city maharashtra
train_source1	S1-459084380	Green, Merry and Hoerner Inc.	green merry and hoerner inc	green merry and hoerner	75 Harrow Lane, Prince Frederick, MD	75 harrow lane prince frederick md
train_source1	S1-171443606	Housing Council	housing council	housing council	921 Main Street, Fl 1, Hillsboro, OR	921 main street fl 1 hillsboro or
train_source1	S1-522031890	Erica Jeffrey Blockchain	erica jeffrey blockchain	erica jeffrey blockchain	2908 12th Place, Apache Junction, AZ	2908 12th place apache junction az
train_source1	S1-112999138	Wilson Garden India Private Limited	wilson garden india private limited	wilson garden india	No.22/1, 1St Floor, 5Th Cross, Hosur Main Road, Wilson Garden, Bangalore, Karnataka	no22 1 1st floor 5th cross hosur main road wilson garden bangalore karnataka
train_source1	S1-990759721	WXT Strategic Data LLC	wxt strategic data llc	wxt strategic data	6108 Wynnwood Road, Bethesda, MD	6108 wynnwood road bethesda md
train_source1	S1-858190944	Pediatric Atlantic Associates, Inc	pediatric atlantic associates inc	pediatric atlantic associates	9 Regency Court, Springfield, IL	9 regency court springfield il
train_source1	S1-781210509	Dorena Richardson Vanguard Nextera Inc	dorena richardson vanguard nextera inc	dorena richardson vanguard nextera	31 Augusta Avenue, Amherst, NY	31 augusta avenue amherst ny
train_source1	S1-447656699	Lotus Media Private Limited	lotus media private limited	lotus media	S No.- 160/2 Near Kalika Devi Mandir, Kelwa Palghar, Palghar, Thane, Maharashtra	south number 160 2 near kalika devi mandir kelwa palghar palghar thane maharashtra
train_source1	S1-299519782	Bright Supply Digital LLC	bright supply digital llc	bright supply digital	7386 Real, Unit 4, Goleta, CA	7386 real unit 4 goleta ca
train_source1	S1-389170212	Back Alley Deli	back alley deli	back alley deli	NC, 6154 Andrew Jackson Highway, Chadbourn	nc 6154 andrew jackson highway chadbourn
train_source1	S1-39787756	BEY Services Ltd	bey services ltd	bey services	I-304 Sect-1 Suncity Vi.Bopal Ta.Dacroi, Ahmadabad, Ahmedabad, Gujarat	i 304 sect 1 suncity vibopal tadacroi ahmadabad ahmedabad gujarat
train_source1	S1-430997146	Lowrie Vanguard Vaneck	lowrie vanguard vaneck	lowrie vanguard vaneck	4572 May Road, Solon, NY	4572 may road solon ny
train_source1	S1-458813085	Hardware Traders Limited	hardware traders limited	hardware traders	H.No- 14-1-211/622/4 Parwathnagar Allapur, Hyderabad, Telangana	hno 14 1 211 622 4 parwathnagar allapur hyderabad telangana
train_source1	S1-886434037	Om Estate Pvt Ltd	om estate pvt ltd	om estate	Block - S 113/5, Midc Bhosari, Pune, Maharashtra	block south 113 5 midc bhosari pune maharashtra
train_source1	S1-901513537	Sanchez Trusted Sachs, LLC	sanchez trusted sachs llc	sanchez trusted sachs	26113 Cornwall, New Caney, TX	26113 cornwall new caney tx
train_source1	S1-73518516	Kaler and Ragland	kaler and ragland	kaler and ragland	510 Hooper Lane, Chapel Hill, NC	510 hooper lane chapel hill nc
train_source1	S1-449893244	Cross, Jeanine S., L.C.S.W., DDS PC	cross jeanine s lcsw dds pc	cross jeanine s lcsw dds pc	11156 Gatch Hill Road, Fl 0, Aurora, IN	11156 gatch hill road fl 0 aurora in
train_source1	S1-442414081	Golden Sports LLC	golden sports llc	golden sports	507 11th Street, Unit Apartment 307, Fargo, ND	507 11th street unit apartment 307 fargo nd
train_source1	S1-142515068	Tri-State Enterprises	tri state enterprises	tri state enterprises	41 School Street, Lancaster, NY	41 school street lancaster ny
train_source1	S1-555543655	Nile Solutions Private Limited	nile solutions private limited	nile solutions	513, City Centre 63/2, The Mall, Kanpur, Uttar Pradesh	513 city centre 63 2 the mall kanpur uttar pradesh
train_source1	S1-653229989	Lotus Builders Pvt Ltd	lotus builders pvt ltd	lotus builders	Shop No 323, Plot 3 Dda Community Centre Agarwal Plaza Sec-14 Rohni, New Delhi, West Delhi, Delhi	shop number 323 plot 3 dda community centre agarwal plaza sec 14 rohni new delhi west delhi delhi
train_source1	S1-239986792	Krishna Software Pvt Ltd	krishna software pvt ltd	krishna software	A02, Omkar Building Mathura Nagar Taaki Road Nallasopara East, Palghar, Nallasopara, Thane, Maharashtra	a02 omkar building mathura nagar taaki road nallasopara east palghar nallasopara thane maharashtra
train_source1	S1-584055831	Enhance Brothers Private Limited	enhance brothers private limited	enhance brothers	S. No. 33, Kharadi, Behind Saibaba Temple, Pune, Maharashtra	south number 33 kharadi behind saibaba temple pune maharashtra
train_source1	S1-534915350	Fort Worth Box	fort worth box	fort worth box	2408 Michael Street, Fort Worth, TX	2408 michael street fort worth tx
train_source1	S1-342547011	Cozy Pizza Clinic	cozy pizza clinic	cozy pizza clinic	11023 Siskin Lane, Klamath Falls, OR	11023 siskin lane klamath falls or
train_source1	S1-178557616	Christ Israel	christ israel	christ israel	210 Main Street, Unit Unit 3, Royersford Borough, PA	210 main street unit unit 3 royersford borough pa
train_source1	S1-68079909	Etna Housing	etna housing	etna housing	138 Burke Lane, Etna, ME	138 burke lane etna me
train_source1	S1-93185066	#Ninaor Rmg-Westminster	ninaor rmg westminster	ninaor rmg westminster	225 Brandywine Drive, Westminster, SC	225 brandywine drive westminster sc
train_source1	S1-437908048	Alena Alvarez Dynamic Preferred	alena alvarez dynamic preferred	alena alvarez dynamic preferred	14 Ashwood Road, Manorhaven, NY	14 ashwood road manorhaven ny
train_source1	S1-839977302	Super Enterprises Private Limited	super enterprises private limited	super enterprises	No 139, 16Th Street Thirumalai Priya Nagar, Pudur, Ambattur, Chennai, Tamil Nadu	number 139 16th street thirumalai priya nagar pudur ambattur chennai tamil nadu
train_source1	S1-619699783	Digital Logistics Pvt Ltd	digital logistics pvt ltd	digital logistics	Uttar Pradesh, Gorakhpur, Bagha Baba Road, Rustampur, Gorakhpur, Saket Nagar	uttar pradesh gorakhpur bagha baba road rustampur gorakhpur saket nagar
train_source1	S1-385927046	Great Initiative	great initiative	great initiative	5545 27th Avenue, Seattle, WA	5545 27th avenue seattle wa
train_source1	S1-666560912	Shields Modern Boa Inc	shields modern boa inc	shields modern boa	Buffalo, NY, 718 Linwood Avenue	buffalo ny 718 linwood avenue
train_source1	S1-53356096	Sarasika Residency Private Limited	sarasika residency private limited	sarasika residency	Plot No 101, Kh No 4, Gali No 3, Friends Enclave, Delhi, North West Delhi, Delhi	plot number 101 kh number 4 gali number 3 friends enclave delhi north west delhi delhi
train_source1	S1-812076174	Dill & Huff Public LLC	dill and huff public llc	dill and huff public	1014 Hines Street, Republic, MO	1014 hines street republic mo
train_source1	S1-57549624	Behavioral Health Specialists LLC	behavioral health specialists llc	behavioral health specialists	5117 Rolling Meadows, Milan, TN	5117 rolling meadows milan tn
train_source1	S1-205889045	Womens Health Strategic Care Associates	womens health strategic care associates	womens health strategic care associates	4202 Comanche Street, Pasadena, TX	4202 comanche street pasadena tx
train_source1	S1-395575279	Darby and Barr Asa Co	darby and barr asa co	darby and barr asa	1326 Walston Court, Indianapolis, IN	1326 walston court indianapolis in
train_source1	S1-484025155	Kramer, Rose and Francisco LLC	kramer rose and francisco llc	kramer rose and francisco	1115 Saluda Street, Fenton, NY	1115 saluda street fenton ny
train_source1	S1-787433012	Horizon Education Solutions	horizon education solutions	horizon education solutions	New York, 61 125 Street, NY	new york 61 125 street ny
train_source1	S1-603849231	Big Solutions Private Limited	big solutions private limited	big solutions	5/318, Kumaran Nagar, Vengamedu, Coimbatore, Tamil Nadu, Tiruppur	5 318 kumaran nagar vengamedu coimbatore tamil nadu tiruppur
train_source1	S1-136705690	Continental Shanghai Inc.	continental shanghai inc	continental shanghai	920 I Street, Unit 614, Washington, DC	920 i street unit 614 washington dc
train_source1	S1-66391243	My Infotech Private Limited	my infotech private limited	my infotech	1A, Ajay Shopping Centre, Behind Vishal Chemist, T. H. Kataria Road, Mahim, Mumbai, Mumbai City, Maharashtra	1a ajay shopping centre behind vishal chemist t h kataria road mahim mumbai mumbai city maharashtra
train_source1	S1-985976695	Literacy Federation	literacy federation	literacy federation	7904 Rocton Avenue, Chevy Chase, MD	7904 rocton avenue chevy chase md
train_source1	S1-886852861	Congregation Ministries	congregation ministries	congregation ministries	405 Pinecrest Drive, Atlanta, TX	405 pinecrest drive atlanta tx
train_source1	S1-759365268	Kiosk Trading Private Limited	kiosk trading private limited	kiosk trading	Plot No. 1 Ground Floor, Lsc Mor Land, New Delhi, Central Delhi, Delhi	plot number 1 ground floor lsc mor land new delhi central delhi delhi
train_source1	S1-407867221	Delhi Trading (India) Pvt Ltd	delhi trading india pvt ltd	delhi trading india	East Delhi, Delhi, 45-B, Delhi, A-1, Kondli Gharoli	east delhi delhi 45 b delhi a 1 kondli gharoli
train_source1	S1-375627852	Rina Wadsworth Liberty Braemar Inc	rina wadsworth liberty braemar inc	rina wadsworth liberty braemar	827 St Kateri Avenue, Phoenix, AZ	827 street kateri avenue phoenix az
train_source1	S1-308686319	Beacon & Brothers Private Limited	beacon and brothers private limited	beacon and brothers	5/1, Arabinda Road, Nabagram, Hooghly, West Bengal	5 1 arabinda road nabagram hooghly west bengal
train_source1	S1-269676422	Fleur's United Machine Works	fleurs united machine works	fleurs united machine works	118 146th Street Court, Tacoma, WA	118 146th street court tacoma wa
train_source1	S1-463917421	Washington's Tax Service	washingtons tax service	washingtons tax service	14677 Salem Church Road, Mount Vernon, IL	14677 salem church road mount vernon il
train_source1	S1-445993033	Espinoza Animal Hospital Inc	espinoza animal hospital inc	espinoza animal hospital	833 Willowdale Road, Morgantown, WV	833 willowdale road morgantown wv
train_source1	S1-425616377	Gitanjali Partners Pvt. Ltd.	gitanjali partners pvt ltd	gitanjali partners	T No. 64 Rs 843, Akkatai Mane Nagar, Kalamba Road, Kolhapur, Maharashtra	t number 64 rs 843 akkatai mane nagar kalamba road kolhapur maharashtra
train_source1	S1-392566689	EA Software Inc	ea software inc	ea software	1429 College Street, Portland, OR	1429 college street portland or
train_source1	S1-550807948	Express Diagnostic Concepts	express diagnostic concepts	express diagnostic concepts	Edina, 5804 Olinger Boulevard, MN	edina 5804 olinger boulevard mn
train_source1	S1-780331711	Orthopedic Associates LLC	orthopedic associates llc	orthopedic associates	7380 Westlake Terrace, Bethesda, MD	7380 westlake terrace bethesda md
train_source1	S1-652689400	Davis Electronics Partners	davis electronics partners	davis electronics partners	6255 Sheridan Drive, Amherst, NY	6255 sheridan drive amherst ny
train_source1	S1-755575907	Behavioral Health Associates Clinic	behavioral health associates clinic	behavioral health associates clinic	VA, 3303 Martha Custis Drive, Alexandria City	va 3303 martha custis drive alexandria city
train_source1	S1-858252911	Rev It Up Cafe	rev it up cafe	rev it up cafe	39875 10, Delhi, NY	39875 10 delhi ny
train_source1	S1-875857983	Continental Sound Inc	continental sound inc	continental sound	24 Asylum Street, Mendon, MA	24 asylum street mendon ma
train_source1	S1-790746809	Nandni Footwear Private Limited	nandni footwear private limited	nandni footwear	Tamil Nadu, Moogambikai Nagar, 3Rd Main Road, Maduravayol, Tiruvallur, Chennai Corporation, No.26A	tamil nadu moogambikai nagar 3rd main road maduravayol tiruvallur chennai corporation no26a
train_source1	S1-111821062	Narayani Services Pvt Ltd	narayani services pvt ltd	narayani services	Nit, Faridabad, B-20/21 Fruit Garden, Haryana	nit faridabad b 20 21 fruit garden haryana
train_source1	S1-557122184	Permanent Solutions Limited	permanent solutions limited	permanent solutions	Apt 101-102, Delhi Blue, 2 Factory Road, New Delhi, Delhi	apartment 101 102 delhi blue 2 factory road new delhi delhi
train_source1	S1-625772184	Scion & Co	scion and co	scion and	Plot No-15 G/Fhk Gopal Nagar Extention Near Sister Church, Najafgarh, South West Delhi, Delhi	plot number 15 g fhk gopal nagar extention near sister church najafgarh south west delhi delhi
train_source1	S1-983570198	Anand Properties	anand properties	anand properties	696/5-B, Gajjupurwa Kda Colony, Jajmau, Kanpur, Uttar Pradesh	696 5 b gajjupurwa kda colony jajmau kanpur uttar pradesh
train_source1	S1-200558166	Gilbert, Ramirez & Bolden	gilbert ramirez and bolden	gilbert ramirez and bolden	419 Main Street, Amherst, OH	419 main street amherst oh
train_source1	S1-910315718	Colonial Program LLC	colonial program llc	colonial program	WV, 800 Sixth Street, Sutton	wv 800 sixth street sutton
train_source1	S1-81900846	Hamlin Silver Seas PLLC	hamlin silver seas pllc	hamlin silver seas pllc	7543 20th Street, Phoenix, AZ	7543 20th street phoenix az
train_source1	S1-868970423	Platinum Research Enterprises LLC	platinum research enterprises llc	platinum research enterprises	20169 Henning Road, Danville, IL	20169 henning road danville il
train_source1	S1-295805789	Ramirez Starry, LLC	ramirez starry llc	ramirez starry	618 Henderson Street, Fl 1, Galesburg, IL	618 henderson street fl 1 galesburg il
train_source1	S1-952867453	Certified Staffing Innovations LLC	certified staffing innovations llc	certified staffing innovations	1302 C Sage Brush Way, Heber Springs, AR	1302 c sage brush way heber springs ar
train_source1	S1-177887676	Mckinley Aspen LLC	mckinley aspen llc	mckinley aspen	416 High Street, Salem, IN	416 high street salem in
train_source1	S1-997517893	Bombay Estate Private Limited	bombay estate private limited	bombay estate	Sy No. 445 & 446, Gowdavally, Medchal, Hyd, Hyderabad, Telangana	sy number 445 and 446 gowdavally medchal hyd hyderabad telangana
train_source1	S1-39641619	Global Global Private Limited	global global private limited	global global	Virar, Maharashtra, Thakur Arcade, Above Viva Super Market, Virar (West), Thane, 28-30	virar maharashtra thakur arcade above viva super market virar west thane 28 30
train_source1	S1-123141974	Olive Unnati Limited	olive unnati limited	olive unnati	Nashik, C/O Shri Shantaram Rabhji Kangane Gulwanch Tal Sinnar Gulwanch, Maharashtra, Sinnar	nashik c o shri shantaram rabhji kangane gulwanch tal sinnar gulwanch maharashtra sinnar
train_source1	S1-686668008	Cheema Polytechnic	cheema polytechnic	cheema polytechnic	Siliguri, West Bengal, Upper Basement Floor International Market, Sevoke Road, Darjeeling, Shop No. 13	siliguri west bengal upper basement floor international market sevoke road darjeeling shop number 13
train_source1	S1-57861376	Apex Interstate Etf L.L.C.	apex interstate etf llc	apex interstate etf	7731 Alta Vista Road, Laveen Annex, AZ	7731 alta vista road laveen annex az
train_source1	S1-635797953	Manish Equity Private Limited	manish equity private limited	manish equity	222 Ganpati Arches Gurugram Haryana, Basai Road, Gurgaon, Haryana	222 ganpati arches gurugram haryana basai road gurgaon haryana
train_source1	S1-500072209	Main Street Diner, L.L.C.	main street diner llc	main street diner	2720 Plaza Drive, Fort Wayne, IN	2720 plaza drive fort wayne in
train_source1	S1-627160847	Visible & Co	visible and co	visible and	Jay Shree Colony, Teliyon Ka Talab Nathdwara, Nathdwara, Rajsamand, Rajasthan	jay shree colony teliyon ka talab nathdwara nathdwara rajsamand rajasthan
train_source1	S1-313386776	Ridge Fellowship II	ridge fellowship ii	ridge fellowship ii	KY, 409 Benham Street, Dayton	ky 409 benham street dayton
train_source1	S1-554222143	Orthopedic United Care LLC	orthopedic united care llc	orthopedic united care	2003 Chattaroy Place, Sugar Land, TX	2003 chattaroy place sugar land tx
train_source1	S1-181369338	Vanguard Research Global LLC	vanguard research global llc	vanguard research global	4731 Chopin Road, Rio Rancho, NM	4731 chopin road rio rancho nm
train_source1	S1-25867054	UY Commerce Private Limited	uy commerce private limited	uy commerce	Delhi, Sector-5, Dsidc Bawana Industrial Area, D-279, North Delhi	delhi sector 5 dsidc bawana industrial area d 279 north delhi
train_source1	S1-722293691	Patrica Gonzalez Metro Lakeshore, LLC	patrica gonzalez metro lakeshore llc	patrica gonzalez metro lakeshore	527 124th Street, Seattle, WA	527 124th street seattle wa
train_source1	S1-977929015	Cardiology Frontier Partners LLC	cardiology frontier partners llc	cardiology frontier partners	18810 County Line Road, Winnie, TX	18810 county line road winnie tx
train_source1	S1-107367404	Star Developers Private Limited	star developers private limited	star developers	House No. 37, Gali No-3, Surat Nagar Phase 1, Railway Road, Gurgaon, Haryana	house number 37 gali number 3 surat nagar phase 1 railway road gurgaon haryana
train_source1	S1-158892085	Economic Development Fellowship PLLC	economic development fellowship pllc	economic development fellowship pllc	600 Westinghouse Road, Unit 3203, Georgetown, TX	600 westinghouse road unit 3203 georgetown tx
train_source1	S1-796253980	Aj Trading Pvt Ltd	aj trading pvt ltd	aj trading	Gurgaon, Haryana, D-43, Gurgaon, Icon Appartment, Dlf Phase-5	gurgaon haryana d 43 gurgaon icon appartment dlf phase 5
train_source1	S1-67142427	Mk College	mk college	mk college	C/O Ankit Jain Mohangarh, Tikamgarh, Madhya Pradesh	c o ankit jain mohangarh tikamgarh madhya pradesh
train_source1	S1-467718530	Pruitt Charter School Co	pruitt charter school co	pruitt charter school	5905 Farney Avenue, Portsmouth, OH	5905 farney avenue portsmouth oh
train_source1	S1-444711104	Mahameru Tech Private Limited	mahameru tech private limited	mahameru tech	C-5/7, Napier Road Part-2, Chowk, Lucknow, Uttar Pradesh	c 5 7 napier road part 2 chowk lucknow uttar pradesh
train_source1	S1-919043101	Davis Star National LLC	davis star national llc	davis star national	1733 Harrow Court, Unit D, Wheaton, IL	1733 harrow court unit d wheaton il
train_source1	S1-346808265	Twisted Pilates	twisted pilates	twisted pilates	113 25th Street, Lorain, OH	113 25th street lorain oh
train_source1	S1-123678749	South Gores Inc	south gores inc	south gores	857 Salem Street, Brookville, OH	857 salem street brookville oh
train_source1	S1-159375199	Spence Future LLC	spence future llc	spence future	168 Dillehay Hollow Road, Defeated, TN	168 dillehay hollow road defeated tn
train_source1	S1-113308274	High International Pvt Ltd	high international pvt ltd	high international	Tamil Nadu, Madurai Madurai, Azad Street, Gandhi Nagar, Madurai, 19	tamil nadu madurai madurai azad street gandhi nagar madurai 19
train_source1	S1-124467266	Oncology Medicine of Cincinnati	oncology medicine of cincinnati	oncology medicine of cincinnati	Cincinnati, OH, 7277 Chetbert Drive	cincinnati oh 7277 chetbert drive
train_source1	S1-277283988	Ace Printing Collective Group	ace printing collective group	ace printing collective group	5540 Route 113, Coal City, IL	5540 route 113 coal city il
train_source1	S1-426826382	Fast Technologies Private Limited	fast technologies private limited	fast technologies	17, Panchnath Plot Taluka School Road, Rajkot, Gujarat	17 panchnath plot taluka school road rajkot gujarat
train_source1	S1-537393121	Charles, Peterson and Johnson, Inc	charles peterson and johnson inc	charles peterson and johnson	617 Locust Street, Quincy, IL	617 locust street quincy il
train_source1	S1-480138954	New Delhi Wires Limited	new delhi wires limited	new delhi wires	Delhi, Naraina Vihar, New Delhi, West Delhi, G-63	delhi naraina vihar new delhi west delhi g 63
train_source1	S1-797139549	Ghaziabad Thread Private Limited	ghaziabad thread private limited	ghaziabad thread	Plot No.- 70, Flat No.-A1, Sector-5, Rajendra Nagar, Ghaziabad, Uttar Pradesh	plot number 70 flat number a1 sector 5 rajendra nagar ghaziabad uttar pradesh
train_source1	S1-60151568	Community Services LLC	community services llc	community services	38806 21st Avenue, La Center, WA	38806 21st avenue la center wa
train_source1	S1-786043456	Zephova Oyster LLC	zephova oyster llc	zephova oyster	8963 Smith Hollow Road, Mt Pleasant, TN	8963 smith hollow road mt pleasant tn
train_source1	S1-175176906	Blue Rapid Citizens LLC	blue rapid citizens llc	blue rapid citizens	7296 Atherton Lane, Kemp, TX	7296 atherton lane kemp tx
train_source1	S1-828424356	Bella (India) Daya Private Limited	bella india daya private limited	bella india daya	18, British India St, Kolkata, Kolkata, Howrah, West Bengal	18 british india street kolkata kolkata howrah west bengal
train_source1	S1-426712787	Smith Medical Center of Charlottesville City	smith medical center of charlottesville city	smith medical center of charlottesville city	792 Prospect Avenue, Charlottesville City, VA	792 prospect avenue charlottesville city va
train_source1	S1-880890425	Granite	granite	granite	524 Barrenwood Drive, Wadsworth City, OH	524 barrenwood drive wadsworth city oh
train_source1	S1-807548289	K I & M Mellon	k i and m mellon	k i and m mellon	5253 Cloverdale Lane, Battlefield, MO	5253 cloverdale lane battlefield mo
train_source1	S1-911946238	Signature Ridge Logistics Inc.	signature ridge logistics inc	signature ridge logistics	395 Lednum Drive, Milford, DE	395 lednum drive milford de
train_source1	S1-66625987	XON Green Online Partners	xon green online partners	xon green online partners	1500 Ruth Avenue, Cuyahoga Falls, OH	1500 ruth avenue cuyahoga falls oh
train_source1	S1-320094808	Pawansut Industries Group	pawansut industries group	pawansut industries group	Plot No-151 A, Kh No. 109, Blk-A Ugf Gali No-8, New Delhi, South West Delhi, Delhi	plot number 151 a kh number 109 blk a ugf gali number 8 new delhi south west delhi delhi
train_source1	S1-490139500	Empire Custom Grading, LLC	empire custom grading llc	empire custom grading	411 Flat Rock Road, Schuyler Falls, NY	411 flat rock road schuyler falls ny
train_source1	S1-549456614	One Great Investments	one great investments	one great investments	Engineer And Mehta, 501-4, Midas Chambers Near Fun Republic Multiplex, Off Andheri, Link Road, Mumbai, Mumbai City, Maharashtra	engineer and mehta 501 4 midas chambers near fun republic multiplex off andheri link road mumbai mumbai city maharashtra
train_source1	S1-312174524	Allied Electronic LLC	allied electronic llc	allied electronic	517 Enola Drive, East Pennsboro Township, PA	517 enola drive east pennsboro township pa
train_source1	S1-55363775	United Century LP	united century lp	united century lp	122 Talicud Trail, Apex, NC	122 talicud trail apex nc
train_source1	S1-71689462	Basta Capital Acquisitions	basta capital acquisitions	basta capital acquisitions	3853 Watersville Road, Mount Airy, MD	3853 watersville road mount airy md
train_source1	S1-286557884	Clear Investment Services	clear investment services	clear investment services	720 Emerald Pointe Drive, Unit Unit 3, Hollister, MO	720 emerald pointe drive unit unit 3 hollister mo
train_source1	S1-224202445	Shree Academy	shree academy	shree academy	Plot No 82, Pasumpon Nagar, Vadugapalayam, Pollachi, Coimbatore, Tamil Nadu	plot number 82 pasumpon nagar vadugapalayam pollachi coimbatore tamil nadu
train_source1	S1-249796146	Colonial Assets LLC	colonial assets llc	colonial assets	2913 Oxwich Avenue, Rio Rancho, NM	2913 oxwich avenue rio rancho nm
train_source1	S1-455534410	Aum Eye Private Limited	aum eye private limited	aum eye	301 Malay Sky, Friends, Colony, Nr. D.K Patel Hall, Ahmadabad City, Ahmedabad, Gujarat	301 malay sky friends colony near dk patel hall ahmadabad city ahmedabad gujarat
train_source1	S1-371729996	Prativa Institute	prativa institute	prativa institute	165, Dodh Bhag, Pilvai, Mahesana, Gujarat, Vijapur, Mahesana, Gujarat	165 dodh bhag pilvai mahesana gujarat vijapur mahesana gujarat
train_source1	S1-217571332	Jai Exports Pvt Ltd	jai exports pvt ltd	jai exports	S.No. 2/ 1/ 1, Ambegaon (B Tal. Haveli, Pune, Maharashtra	sno 2 1 1 ambegaon b tal haveli pune maharashtra
train_source1	S1-695421300	Life Projects Private Limited	life projects private limited	life projects	51 Jodhpur Park, Kolkata, Calcutta, West Bengal	51 jodhpur park kolkata calcutta west bengal
train_source1	S1-412692042	Classic Solutions Pvt Ltd	classic solutions pvt ltd	classic solutions	Flat No 302 3Rd Flr Gokulanandana Residency Pb Nagar Old Safilguda, Hyderabad, Telangana	flat number 302 3rd floor gokulanandana residency pb nagar old safilguda hyderabad telangana
train_source1	S1-162593001	Primary Care Group	primary care group	primary care group	8190 Tr 73, Old Fort, OH	8190 tr 73 old fort oh
train_source1	S1-636198387	Aguilar Holdings Group Center	aguilar holdings group center	aguilar holdings group center	1380 W Tunnel Boulevard, Houma, LA	1380 west tunnel boulevard houma la
train_source1	S1-40364814	Electronic Logistics Partners LLC	electronic logistics partners llc	electronic logistics partners	10360 Mattoax Lane, Amelia County, VA	10360 mattoax lane amelia county va
train_source1	S1-955330970	Do, Samara M., Esq.	do samara m esq	do samara m esq	1409 Tartan Lane, Hampton City, VA	1409 tartan lane hampton city va
train_source1	S1-493944613	Safe Bread Inc	safe bread inc	safe bread	1466 Elliot Road, Unit 102, Gilbert, AZ	1466 elliot road unit 102 gilbert az
train_source1	S1-64831661	Schrack Animal Hospital Inc	schrack animal hospital inc	schrack animal hospital	12618 Lincoln Avenue, Unit #24, Lakewood, WA	12618 lincoln avenue unit 24 lakewood wa
train_source1	S1-154824365	Pacific Cornerstone Argentina	pacific cornerstone argentina	pacific cornerstone argentina	5608 178th Place, Lynnwood, WA	5608 178th place lynnwood wa
train_source1	S1-148265622	Ziegler Landscaping LLC	ziegler landscaping llc	ziegler landscaping	4718 Norrisville Road, White Hall, MD	4718 norrisville road white hall md
train_source1	S1-363099334	Summit LLC	summit llc	summit	Crossville, TN, 764 Oakmont Drive	crossville tn 764 oakmont drive
train_source1	S1-439680514	Bright Insurance Care	bright insurance care	bright insurance care	4144 Twin Circle Way, Halethorpe, MD	4144 twin circle way halethorpe md
train_source1	S1-774051355	PIJ Suisse Inc	pij suisse inc	pij suisse	1912 Cogswell Avenue, Pell City, AL	1912 cogswell avenue pell city al
train_source1	S1-896142542	Laxmi Services	laxmi services	laxmi services	Plot No. 16 & 17, 2Nd Floor, Dwarka Sector 11, New Delhi, New Delhi, South West Delhi, Delhi	plot number 16 and 17 2nd floor dwarka sector 11 new delhi new delhi south west delhi delhi
train_source1	S1-362498466	Jay Traders Pvt Ltd	jay traders pvt ltd	jay traders	Pension Nagar Police Line Takali, Nagpur, Maharashtra	pension nagar police line takali nagpur maharashtra
train_source1	S1-799126736	Lakshmi Apex Media Private Limited	lakshmi apex media private limited	lakshmi apex media	C/O Attamaram Ranuji Rajguru Chincholi-Bore Chincholi-Bore, Buldhana, Maharashtra	c o attamaram ranuji rajguru chincholi bore chincholi bore buldhana maharashtra
train_source1	S1-248350153	Ortiz Value Inc	ortiz value inc	ortiz value	2352 Breckenridge Court, VA, Harrisonburg City	2352 breckenridge court va harrisonburg city
train_source1	S1-401741650	Orthopedic Quality Physicians LLC	orthopedic quality physicians llc	orthopedic quality physicians	31 Beekman Road, Red Hook, NY	31 beekman road red hook ny
train_source1	S1-830609519	Haveli Solutions Private Limited	haveli solutions private limited	haveli solutions	Flat No 202 Building G, Msr Olive Haveli, Haveli, Pune, Maharashtra	flat number 202 building g msr olive haveli haveli pune maharashtra
train_source1	S1-481032281	Northern Prime Shanghai Inc.	northern prime shanghai inc	northern prime shanghai	20 Cold Spring Road, Simsbury, CT	20 cold spring road simsbury court
train_source1	S1-328447918	Studio 2 Bakery	studio 2 bakery	studio 2 bakery	1621 Shady Glen Dr, Davenport, IA	1621 shady glen drive davenport ia
train_source1	S1-907556285	Great Products Private Limited	great products private limited	great products	C-65, First Floor New Ashok Nagar, New Ashok Nagar, East Delhi, Delhi	c 65 first floor new ashok nagar new ashok nagar east delhi delhi
train_source1	S1-915362429	United Gujarat Exports Private Limited	united gujarat exports private limited	united gujarat exports	59/4A, Birhana Road, Kanpur, Uttar Pradesh	59 4a birhana road kanpur uttar pradesh
train_source1	S1-73403082	Finance Sncl Dairy Partners	finance sncl dairy partners	finance sncl dairy partners	3/A, Ramdevnagar Society, Near Panchayat Office, Ahmadabad City, Ahmedabad, Gujarat	3 a ramdevnagar society near panchayat office ahmadabad city ahmedabad gujarat
train_source1	S1-828845836	SW Builders Private Limited	sw builders private limited	sw builders	K.V.Rangareddy, Sy No 26/P, Gundlapochampally, Rangareddy, Telangana	kvrangareddy sy number 26 p gundlapochampally rangareddy telangana
train_source1	S1-848852562	Real Energy Pvt Ltd	real energy pvt ltd	real energy	15, Sbi Employees, Pankaj Chsl, Navghar Road Mulund East, Mumbai, Mumbai City, Maharashtra	15 sbi employees pankaj chsl navghar road mulund east mumbai mumbai city maharashtra
train_source1	S1-491878623	ZA Business LLP	za business llp	za business	3Abrars5Thdmain, 1Stblock, Kormangala, Bangalore, Karnataka	3abrars5thdmain 1stblock kormangala bangalore karnataka
train_source1	S1-555006823	Federation Builders	federation builders	federation builders	Kerala, Kottayam, Pallickachira P.O Paippad, 5/506, Changanacherry	kerala kottayam pallickachira po paippad 5 506 changanacherry
train_source1	S1-689153292	Foot & Ankle Partners	foot and ankle partners	foot and ankle partners	25 Spruce Street, Champlain, NY	25 spruce street champlain ny
train_source1	S1-234223484	Bright Seafood	bright seafood	bright seafood	12718 Hilden Road, Durham, NC	12718 hilden road durham nc
train_source1	S1-658151638	Empire Foundation	empire foundation	empire foundation	43 Debbie Drive, Stafford County, VA	43 debbie drive stafford county va
train_source1	S1-979638771	South College	south college	south college	Rz-C-13 T/F Kh No-25/17/1, Plot No-13, Old Plot No-8, Dabri Extn East, New Delhi, Delhi	rz c 13 t f kh number 25 17 1 plot number 13 old plot number 8 dabri extn east new delhi delhi
train_source1	S1-985119931	The Dent Deli	the dent deli	the dent deli	6428 500, Swayzee, IN	6428 500 swayzee in
train_source1	S1-625308695	Autism Assistance Council	autism assistance council	autism assistance council	1966 165, Stevinson, CA	1966 165 stevinson ca
train_source1	S1-876414429	Perfect Producer Private Limited	perfect producer private limited	perfect producer	503 Oberoi Chambers I, Link Road, Opp Laxmi Industrial Estate, Andheri (W), Mumbai, Mumbai City, Maharashtra	503 oberoi chambers i link road opposite laxmi industrial estate andheri west mumbai mumbai city maharashtra
train_source1	S1-985516131	Premier Ocean LP	premier ocean lp	premier ocean lp	26 Old Straitsmouth Way, Rockport, MA	26 old straitsmouth way rockport ma
train_source1	S1-391548630	Tech Ss Infra Private Limited	tech ss infra private limited	tech ss infra	Kanpur, Uttar Pradesh, 10 Azad Nagar, 2A/244	kanpur uttar pradesh 10 azad nagar 2a 244
train_source1	S1-355821652	Al Impex Private Limited	al impex private limited	al impex	Flat.Nob-1703, Hyderabad, Rangareddy, Telangana, Ramky Towers, Gachibowlii Serlingampally	flatnob 1703 hyderabad rangareddy telangana ramky towers gachibowlii serlingampally
train_source1	S1-778218023	Pinnacle Pinnacle Quasaredge, LLC	pinnacle pinnacle quasaredge llc	pinnacle pinnacle quasaredge	78 Rigsby Road, Marshall, NC	78 rigsby road marshall nc
train_source1	S1-808118645	Natalie Reed Quality Grid	natalie reed quality grid	natalie reed quality grid	449 Mill Street, Mansfield, MA	449 mill street mansfield ma
train_source1	S1-659524760	Vemisoft Co	vemisoft co	vemisoft	1013 46 Street, Brooklyn, NY	1013 46 street brooklyn ny
train_source1	S1-664387167	American Pediatrics	american pediatrics	american pediatrics	16125 Leitchfield Road, KY, Big Clifty	16125 leitchfield road ky big clifty
train_source1	S1-121300600	Heartland Custom Blueport	heartland custom blueport	heartland custom blueport	4249 Shadwell Drive, Evansville, IN	4249 shadwell drive evansville in
train_source1	S1-902339398	Media Aston Oils Ltd	media aston oils ltd	media aston oils	12C, Heretage Divine, Gyan Khand-2, Indirapuram, Ghaziabad, Uttar Pradesh	12c heretage divine gyan khand 2 indirapuram ghaziabad uttar pradesh
train_source1	S1-16803013	Shiv Perfect Investment LLP	shiv perfect investment llp	shiv perfect investment	Shop 05/A, Build-A/Ff, Pearl Avenue, Opp Musa, Pardi, Valsad, Gujarat	shop 05 a build a ff pearl avenue opposite musa pardi valsad gujarat
train_source1	S1-238576208	Premier Ventures	premier ventures	premier ventures	4A Ray Street, Kamadhenu, Building, Elgin Road, Kolkata, Kolkata, Howrah, West Bengal	4a ray street kamadhenu building elgin road kolkata kolkata howrah west bengal
train_source1	S1-952620214	2521 Union St Holdings Care	2521 union st holdings care	2521 union st holdings care	100 Valleywood Court, Erlanger, KY	100 valleywood court erlanger ky
train_source1	S1-955514212	Highland Fresh Arc LLC	highland fresh arc llc	highland fresh arc	115 Catfish Lane, Crump, TN	115 catfish lane crump tn
train_source1	S1-62840536	Bagda Services LLP	bagda services llp	bagda services	North 24 Parganas, C\O Sumanta Sadhukhan, Ghonaramath, P.O.Sindrani, West Bengal, Bagda	north 24 parganas co sumanta sadhukhan ghonaramath posindrani west bengal bagda
train_source1	S1-494937590	U & X Builders Inc	u and x builders inc	u and x builders	TN, 3633 Falkirk Way, Ooltewah	tn 3633 falkirk way ooltewah
train_source1	S1-87813671	CZM Continental Meshflow LLC	czm continental meshflow llc	czm continental meshflow	7022 SR201 Nrth Frtg Road, West Valley City, UT	7022 sr201 nrth frtg road west valley city ut
train_source1	S1-190623472	Jordain Ellingson Emera LLC	jordain ellingson emera llc	jordain ellingson emera	4 Handy Avenue, NY, St Johnsville, Unit Apartment 1	4 handy avenue ny street johnsville unit apartment 1
train_source1	S1-430985536	Lakshmi Tech Pvt. Ltd.	lakshmi tech pvt ltd	lakshmi tech	3510, Park Road, Gandhimanagr, Peelamedu, Coimbatore, Tamil Nadu	3510 park road gandhimanagr peelamedu coimbatore tamil nadu
train_source1	S1-185653319	Burris Sunrise, LLC	burris sunrise llc	burris sunrise	2166 Edgewater Sound, Morristown, TN	2166 edgewater sound morristown tn
train_source1	S1-23250247	Scm (India) Homes Care	scm india homes care	scm india homes care	B 204, Sakal-24, Tp-44, Nr Savitagreen, Chandkheda, Ahmedabad, Gujarat	b 204 sakal 24 tp 44 near savitagreen chandkheda ahmedabad gujarat
train_source1	S1-917590063	Glennie Ploetz, Ph.D. P.C.	glennie ploetz phd pc	glennie ploetz phd pc	210 Chateau Rive, Peekskill, NY	210 chateau rive peekskill ny
train_source1	S1-375224050	Life Hospitality	life hospitality	life hospitality	Gb 26, Naveen Mandi Yard, Alwar, Rajasthan	gb 26 naveen mandi yard alwar rajasthan
train_source1	S1-748568260	Cardinal Developments LLC	cardinal developments llc	cardinal developments	MA, 12 Inwood Street, Boston	ma 12 inwood street boston
train_source1	S1-412886077	Gonzalez Medical Center Inc.	gonzalez medical center inc	gonzalez medical center	127 Lilly Lane, Rupert, WV	127 lilly lane rupert wv
train_source1	S1-706839088	Mandal Services Private Limited	mandal services private limited	mandal services	H.No. 361/1 And 354/1 Village Sultanpur, Mg Road, New Delhi, Faridabad, Haryana	hno 361 1 and 354 1 village sultanpur mg road new delhi faridabad haryana
train_source1	S1-634908265	York Texas	york texas	york texas	16973 Rogers Road, Eden Prairie, MN	16973 rogers road eden prairie mn
train_source1	S1-774794099	Russell Energy, LLC	russell energy llc	russell energy	9910 Morrell Avenue, Independence, MO	9910 morrell avenue independence mo
train_source1	S1-39797197	Manne International Associates	manne international associates	manne international associates	12, Hungerford Street Ground Floor, Kolkata, Howrah, West Bengal	12 hungerford street ground floor kolkata howrah west bengal
train_source1	S1-126331601	Robinson's Pizza	robinsons pizza	robinsons pizza	283 Seymour Drive, Goldsboro, NC	283 seymour drive goldsboro nc
train_source1	S1-19779048	Concord Pediatric Dental Group	concord pediatric dental group	concord pediatric dental group	1170 Biscayne Drive, Concord, NC	1170 biscayne drive concord nc
train_source1	S1-628335222	White Laxmi Services Private Limited	white laxmi services private limited	white laxmi services	Tower B 602 Narayan Green, Woods Nr S R Petrol, Vadodara, Gujarat	tower b 602 narayan green woods near south r petrol vadodara gujarat
train_source1	S1-589067925	Alpha Foundation Private Limited	alpha foundation private limited	alpha foundation	Jhauganj Ghat Lane, Jhauganj, Patna City, Patna, Patna, Bihar	jhauganj ghat lane jhauganj patna city patna patna bihar
train_source1	S1-571317154	Vinny Bender, DO, M.D., P.C.	vinny bender do md pc	vinny bender do md pc	2850 Prairie Street, Village Of Prairie Du Sac, WI	2850 prairie street village of prairie du sac wi
train_source1	S1-890499789	Ailyn Vera Krakacquisition	ailyn vera krakacquisition	ailyn vera krakacquisition	5801 Holmes Street, Kansas City, MO	5801 holmes street kansas city mo
train_source1	S1-547937022	Prajyot Construction Private Limited	prajyot construction private limited	prajyot construction	B 518 B, Sushant Marg, Sushant Lok-I, Opp Radisson Blu Suites Galleria, Dlf-Iv, Gurgaon, Haryana	b 518 b sushant marg sushant lok i opposite radisson blu suites galleria dlf iv gurgaon haryana
train_source1	S1-209032763	Krishna Hospitality Private Limited	krishna hospitality private limited	krishna hospitality	4, Green Vihar Benad Road, Jaipur, Rajasthan	4 green vihar benad road jaipur rajasthan
train_source1	S1-429703746	Technology Dio Developers Pvt Ltd	technology dio developers pvt ltd	technology dio developers	S- 32, Gtb Complex T. T. Nagar New Market, Bhopal, Madhya Pradesh	south 32 gtb complex t t nagar new market bhopal madhya pradesh
train_source1	S1-869423895	Bureau of Sanitation	bureau of sanitation	bureau of sanitation	IA, Oxford Junction, 309 Main Street	ia oxford junction 309 main street
train_source1	S1-780690767	Harbor Fund	harbor fund	harbor fund	4862 Sunnyview Road, Salem, OR	4862 sunnyview road salem or
train_source1	S1-672842987	Feeney & Winkler Entertainment	feeney and winkler entertainment	feeney and winkler entertainment	6083 Bitterroot Drive, Westerville, OH	6083 bitterroot drive westerville oh
train_source1	S1-680124546	Construction Sigma Nidhi Limited	construction sigma nidhi limited	construction sigma nidhi	B-6, 3Rd Floor, Lift Shopping Complex Nimri Colony, Ashok Vihar Ph-4, North West Delhi, North West, Delhi	b 6 3rd floor lift shopping complex nimri colony ashok vihar ph 4 north west delhi north west delhi
train_source1	S1-198174393	Steinbacher Fortune LLC	steinbacher fortune llc	steinbacher fortune	157 56th Street, Pleasant Hill, IA	157 56th street pleasant hill ia
train_source1	S1-668150019	AB Prairie Enbridge	ab prairie enbridge	ab prairie enbridge	3027 Breeze Drive, UT, Magna City	3027 breeze drive ut magna city
train_source1	S1-940817399	Pediatric Dentistry Royal Clinic PC	pediatric dentistry royal clinic pc	pediatric dentistry royal clinic pc	116 Boardman Drive, Gallup, NM	116 boardman drive gallup nm
train_source1	S1-499972846	Midwest Society VI LLC	midwest society vi llc	midwest society vi	3688 Van Buren Street, Gary, IN	3688 van buren street gary in
train_source1	S1-750073611	Caor LLC	caor llc	caor	250 Village Avenue, Rockville Centre, NY	250 village avenue rockville centre ny
train_source1	S1-78167364	Cardiology Health	cardiology health	cardiology health	Fl 3, Holland, OH, 7035 Quail Lakes Drive	fl 3 holland oh 7035 quail lakes drive
train_source1	S1-148353436	Smart Marine Brands Inc	smart marine brands inc	smart marine brands	Washington County, OK, 398481 2400 Road	washington county ok 398481 2400 road
train_source1	S1-561247776	Marshal Realtech Private Limited	marshal realtech private limited	marshal realtech	C/Obhagvanjibhaistalaviya, At. Tramba, Raga Svara, Rajkot, Gujarat	c obhagvanjibhaistalaviya at tramba raga svara rajkot gujarat
train_source1	S1-466794996	Maglione, Suh & Hess Inc	maglione suh and hess inc	maglione suh and hess	Houston, 12319 Laneview Drive, TX	houston 12319 laneview drive tx
train_source1	S1-66808800	Life Software Private Limited	life software private limited	life software	House No. 666, Sector-38, Gurgaon, Haryana, Gurgaon, Haryana	house number 666 sector 38 gurgaon haryana gurgaon haryana
train_source1	S1-262870670	Infinite & Brothers	infinite and brothers	infinite and brothers	# 1-98/8 To 11, Flat No. 301/B, Fortune Chambers Image Gardens Road, Silicon Valley, Madh, Apur, Hyderabad, Telangana	1 98 8 to 11 flat number 301 b fortune chambers image gardens road silicon valley madh apur hyderabad telangana
train_source1	S1-425011135	Frye Apex America LLC	frye apex america llc	frye apex america	4031 Airport Boulevard, Unit 248, Mobile, AL	4031 airport boulevard unit 248 mobile al
train_source1	S1-600741270	Maldonado & Mickens Offshore	maldonado and mickens offshore	maldonado and mickens offshore	Loudoun County, VA, 25901 Flintonbridge Drive	loudoun county va 25901 flintonbridge drive
train_source1	S1-23669343	Best Biomedical Enterprises	best biomedical enterprises	best biomedical enterprises	18 Iron Gate Drive, Andover, MA	18 iron gate drive andover ma
train_source1	S1-432351164	Desert Immunopharma LLC	desert immunopharma llc	desert immunopharma	6025 Magrath Avenue, Bldg 1391, Fort Carson, CO	6025 magrath avenue building 1391 fort carson co
train_source1	S1-824906869	New Impex Private Limited	new impex private limited	new impex	475/A-19, Devagiri, Near Technopark Phase Iv, Mangalapuram, Chirayinkeezhu, Thiruvananthapuram, Trivandrum, Kerala	475 a 19 devagiri near technopark phase iv mangalapuram chirayinkeezhu thiruvananthapuram trivandrum kerala
train_source1	S1-122232705	Noah Trust LLC	noah trust llc	noah trust	6096 Tinley Mill Drive, Prince William County, VA	6096 tinley mill drive prince william county va
train_source1	S1-161456522	T J Martin Costamare LLC	t j martin costamare llc	t j martin costamare	NC, 108 Wall Street, Lilesville	nc 108 wall street lilesville
train_source1	S1-887816750	Cozy Seafood Company	cozy seafood company	cozy seafood	4688 Walker Avenue, Unit Slip 20, Orange Beach, AL	4688 walker avenue unit slip 20 orange beach al
train_source1	S1-863361456	Chiropractic Center LP	chiropractic center lp	chiropractic center lp	1596 Harveyton Road, Bonnyman, KY	1596 harveyton road bonnyman ky
train_source1	S1-762169586	Colonial Keystone Biotech	colonial keystone biotech	colonial keystone biotech	OH, 2515 Berdan Avenue, Toledo	oh 2515 berdan avenue toledo
train_source1	S1-493852609	Suzy Reynoso Keystone Pattana LLC	suzy reynoso keystone pattana llc	suzy reynoso keystone pattana	910 1st Street, Unit LOT 20, Woodward, OK	910 1st street unit lot 20 woodward ok
train_source1	S1-384235216	Pediatric Dental Care Associates Inc.	pediatric dental care associates inc	pediatric dental care associates	113 Brownlea Drive, Unit G, Greenville, NC	113 brownlea drive unit g greenville nc
train_source1	S1-567262694	Jabalpur Services Private Limited	jabalpur services private limited	jabalpur services	Madhya Pradesh, Jabalpur, 19 Laxmi Parisar Katanga, Jabalpur	madhya pradesh jabalpur 19 laxmi parisar katanga jabalpur
train_source1	S1-899424683	Minton, Dryden & Board LLC	minton dryden and board llc	minton dryden and board	2240 County Road 3160, Cookville, TX	2240 county road 3160 cookville tx
train_source1	S1-70854521	Kharar Vu Limited	kharar vu limited	kharar vu	C/O Vikram Jain, Rupnagar, Kharar, Arya College Road Opposite Dusshera Ground, Punjab	c o vikram jain rupnagar kharar arya college road opposite dusshera ground punjab
train_source1	S1-359908548	Continental Initiative	continental initiative	continental initiative	1664 Dixie Drive, Unit C103, St George City, UT	1664 dixie drive unit c103 street george city ut
train_source1	S1-854207766	Yamuan Education Private Limited	yamuan education private limited	yamuan education	H. No.-17, Sector - 41 Aghapur, Noida, Gautam Buddha Nagar, Uttar Pradesh	h number 17 sector 41 aghapur noida gautam buddha nagar uttar pradesh
train_source1	S1-644609283	Classic Trading	classic trading	classic trading	S-382, 3Rd Floor Panchsheel Park, New Delhi, North East, Delhi	south 382 3rd floor panchsheel park new delhi north east delhi
train_source1	S1-795351574	CM Wave L.L.C.	cm wave llc	cm wave	7146 Refuge Road, Pottsboro, TX	7146 refuge road pottsboro tx
train_source1	S1-315152899	Southern Hospitality Private Limited	southern hospitality private limited	southern hospitality	B 95, Moradabad, Uttar Pradesh, Gandhi Nagar	b 95 moradabad uttar pradesh gandhi nagar
train_source1	S1-535936959	OQR Plast Ltd	oqr plast ltd	oqr plast	104, Haryana, Sai Complex Gali No. 4, Tigaon Road, Omaxe Heights Old Gate, Faridabad	104 haryana sai complex gali number 4 tigaon road omaxe heights old gate faridabad
train_source1	S1-832079937	Smith Highland Armour	smith highland armour	smith highland armour	Mckinney, TX, 5405 Pandale Vall Drive	mckinney tx 5405 pandale vall drive
train_source1	S1-20091285	Shyam High Business Private Limited	shyam high business private limited	shyam high business	Madhya Pradesh, Sagar, Bina, Chandra Shekhar Ward	madhya pradesh sagar bina chandra shekhar ward
train_source1	S1-981766382	Essel & Co	essel and co	essel and	C/O - Ravi Kumar Tomar, Digner, Barauli Ahir, Shamshabad Road, Agra, Uttar Pradesh	c o ravi kumar tomar digner barauli ahir shamshabad road agra uttar pradesh
train_source1	S1-84556007	Signature Staffing Technologies LLC	signature staffing technologies llc	signature staffing technologies	10618 254th Place, Kent, WA	10618 254th place kent wa
train_source1	S1-992953434	E K & D Grifols	e k and d grifols	e k and d grifols	2013 Somerville Drive, Hampton City, VA	2013 somerville drive hampton city va
train_source1	S1-864226107	Delatorre Edp	delatorre edp	delatorre edp	2372 33, Decatur, IN	2372 33 decatur in
train_source1	S1-643543122	Metro Arch Ltd	metro arch ltd	metro arch	4 Lake Circle, Saugus, MA	4 lake circle saugus ma
train_source1	S1-853392573	Desert College	desert college	desert college	3040 Sawyer, Mesa, AZ	3040 sawyer mesa az
train_source1	S1-748730249	Delhi Construction Private Limited	delhi construction private limited	delhi construction	C 8/242, Yamuna Vihar, Shahdara, Delhi, East Delhi, Delhi	c 8 242 yamuna vihar shahdara delhi east delhi delhi
train_source1	S1-548811788	Golden Chemical Company	golden chemical company	golden chemical	129 Bemiston Avenue, Saint Louis, MO	129 bemiston avenue saint louis mo
train_source1	S1-748369350	Apex Design Worldwide	apex design worldwide	apex design worldwide	622 Milroy Avenue, Rensselaer, IN	622 milroy avenue rensselaer in
train_source1	S1-185055467	Bangalore South Labs Private Limited	bangalore south labs private limited	bangalore south labs	No. 19, 4Th C, Koramangala Industrial Area, 5Th Block, Bangalore South, Bangalore, Karnataka	number 19 4th c koramangala industrial area 5th block bangalore south bangalore karnataka
train_source1	S1-832441709	Clyance Hudson LLC	clyance hudson llc	clyance hudson	1054 Tenth Street, IN, Jasper	1054 tenth street in jasper
train_source1	S1-574588231	Mandsaur Technologies Limited	mandsaur technologies limited	mandsaur technologies	272, Kalidas Marg, Gandhi Chouraya, Mandsaur, Madhya Pradesh	272 kalidas marg gandhi chouraya mandsaur madhya pradesh
train_source1	S1-153727830	New Delhi Chem Private Limited	new delhi chem private limited	new delhi chem	Ap -6 Shalimar Bagh, New Delhi, North Delhi, Delhi	ap 6 shalimar bagh new delhi north delhi delhi
train_source1	S1-782374520	Operating Engineers Local Union 732	operating engineers local union 732	operating engineers local union 732	8523 Oman Road, Little Rock, AR	8523 oman road little rock ar
train_source1	S1-617255702	Nata's Delta Services	natas delta services	natas delta services	1444 Heron Pond Street, Raleigh, NC	1444 heron pond street raleigh nc
train_source1	S1-667419894	Mahaffey's Auto Body	mahaffeys auto body	mahaffeys auto body	635 Wind Chime Court, Stephenville, TX	635 wind chime court stephenville tx
train_source1	S1-75897373	Sun Developers Limited	sun developers limited	sun developers	32Apollo Street Fort, Mumbai, Maharashtra	32apollo street fort mumbai maharashtra
train_source1	S1-299344362	Bay School of Medicine	bay school of medicine	bay school of medicine	City And Borough Of Juneau, AK, 9209 Long Run Drive	city and borough of juneau ak 9209 long run drive
train_source1	S1-227128708	Talent Health Private Limited	talent health private limited	talent health	Ramavilasam Complex, Door No 118 J, 118 H, Vazhoor Po, Changanacherry, Kottayam, Kerala	ramavilasam complex door number 118 j 118 h vazhoor po changanacherry kottayam kerala
train_source1	S1-499809025	Peacock Care Partners	peacock care partners	peacock care partners	P-37 Cit Road Sch Viim, Kolkata, Howrah, West Bengal	p 37 cit road sch viim kolkata howrah west bengal
train_source1	S1-279262514	Kestola Athena Corp	kestola athena corp	kestola athena	6927 29th Place, Berwyn, IL	6927 29th place berwyn il
train_source1	S1-29448070	Bertie Barrett Metropolitan Financial Inc	bertie barrett metropolitan financial inc	bertie barrett metropolitan financial	Schaumburg, IL, 240 Steeplechase Court	schaumburg il 240 steeplechase court
train_source1	S1-621858889	Platinum Malt	platinum malt	platinum malt	1400 Arno Street, Albuquerque, NM	1400 arno street albuquerque nm
train_source1	S1-816804092	Martica Rice End	martica rice end	martica rice end	Cheektowaga, NY, 166 Lou Ann Drive	cheektowaga ny 166 lou ann drive
train_source1	S1-367148113	Satnam Services Limited	satnam services limited	satnam services	Flat C First Floor G-17D South Extension Part-Ii, New Delhi, South Delhi, Delhi	flat c first floor g 17d south extension part ii new delhi south delhi delhi
train_source1	S1-713955266	Cinder LLC	cinder llc	cinder	402 Oak Street, Unit A, Franklin, MA	402 oak street unit a franklin ma
train_source1	S1-850766754	Saraswati & Co Clinic	saraswati and co clinic	saraswati and company clinic	Gat No 537-538, Badhalwadi, Village -Navlakh Umbre Talegaon Dabhade, Taluka Maval, Pune, Maharashtra	gat number 537 538 badhalwadi village navlakh umbre talegaon dabhade taluka maval pune maharashtra
train_source1	S1-809307002	Software Gemini Pipes Private Limited	software gemini pipes private limited	software gemini pipes	24/88 Jessore Road, Kolkata, Kolkata, Kolkata, Howrah, West Bengal	24 88 jessore road kolkata kolkata kolkata howrah west bengal
train_source1	S1-811062762	Baptist Empire Services	baptist empire services	baptist empire services	1421 Goddard Court, Des Moines, IA	1421 goddard court des moines ia
train_source1	S1-294124151	Empire Hydro Care	empire hydro care	empire hydro care	11274 Womens Bay Drive, Kodiak Island Borough, AK	11274 womens bay drive kodiak island borough ak
train_source1	S1-108551334	Swastik Food Private Limited	swastik food private limited	swastik food	Bungalow No-2 1St Floor Main Patel Road West Patel Nagar, New Delhi, West Delhi, Delhi	bungalow number 2 1st floor main patel road west patel nagar new delhi west delhi delhi
train_source1	S1-20723596	Elke Wade Tri-State Diana Inc	elke wade tri state diana inc	elke wade tri state diana	1309 Nicholson Street, Washington, NC	1309 nicholson street washington nc
train_source1	S1-756304055	Jay Finance Private Limited	jay finance private limited	jay finance	H.No.214, Osmannagar, Bhel Employees Cyber Cly, Patancheru, Medak, Telangana	hno214 osmannagar bhel employees cyber cly patancheru medak telangana
train_source1	S1-892913998	New Delhi Consultants Private Limited	new delhi consultants private limited	new delhi consultants	House No-3, Khasra No.-99/25, Floor Ground, Block-C Near Bgn Public School, Jain Nagar Villa, Ge Karala, New Delhi, North West, Delhi	house number 3 khasra number 99 25 floor ground block c near bgn public school jain nagar villa ge karala new delhi north west delhi
train_source1	S1-725341562	Jenkins Imperii	jenkins imperii	jenkins imperii	943 Country Club Lane, Warsaw, IN	943 country club lane warsaw in
train_source1	S1-991589899	Martinez Xii Inc	martinez xii inc	martinez xii	13308 White Owl Lane, Houston, TX	13308 white owl lane houston tx
train_source1	S1-86976512	TR Golden	tr golden	tr golden	1A Free School Street, Kolkata, Calcutta, West Bengal	1a free school street kolkata calcutta west bengal
train_source1	S1-42544670	Gold Estate Pvt Ltd	gold estate pvt ltd	gold estate	16 B, Horniman Circle, Zoroastrain Building, Fort, Mumbai, Maharashtra	16 b horniman circle zoroastrain building fort mumbai maharashtra
train_source1	S1-593682333	Thornton Resources LLC	thornton resources llc	thornton resources	300 Richmond Avenue, Nicholasville, KY	300 richmond avenue nicholasville ky
train_source1	S1-828436567	Stag Family Practice LLC	stag family practice llc	stag family practice	5332 Rock Spring Drive, Chesterfield County, VA	5332 rock spring drive chesterfield county va
train_source1	S1-128695268	Ved Design	ved design	ved design	Nand Nagri, Delhi, A-3/175, East Delhi, Delhi	nand nagri delhi a 3 175 east delhi delhi
train_source1	S1-22973786	East Energy Private Limited	east energy private limited	east energy	B-2, Kashiratna Bhavan, Chendani Koliwada, Thane (West), Maharashtra	b 2 kashiratna bhavan chendani koliwada thane west maharashtra
train_source1	S1-891297605	Moreno and Delgado LLC	moreno and delgado llc	moreno and delgado	2411 Church Street, Johnsburg, IL	2411 church street johnsburg il
train_source1	S1-135392637	Clear Technical Alliance Group	clear technical alliance group	clear technical alliance group	33-14 155 Street, Flushing, NY	33 14 155 street flushing ny
train_source1	S1-137529648	Gupta Tyres Private Limited	gupta tyres private limited	gupta tyres	Nr Radhe G Rahatoli Gaon Post Badalapur, Ambernath, Ambernath, Survey No.66/3, Maharashtra, Thane	near radhe g rahatoli gaon post badalapur ambernath ambernath survey no66 3 maharashtra thane
train_source1	S1-537944284	Meena Group of Companies Pvt Ltd	meena group of companies pvt ltd	meena group of companies	D-50, Amarabati, P.O.-Sodepur P.S.-Khardah, Khardah, Parganas North, West Bengal	d 50 amarabati po sodepur ps khardah khardah parganas north west bengal
train_source1	S1-990633874	Sarsawa Consultancy Private Limited	sarsawa consultancy private limited	sarsawa consultancy	Villa No. 288, Saurana, Opp. Air Force Station, Ambala Road, Sarsawa, Saharanpur, Uttar Pradesh	villa number 288 saurana opposite air force station ambala road sarsawa saharanpur uttar pradesh
train_source1	S1-667018874	American Mountain Guardian LLC	american mountain guardian llc	american mountain guardian	12151 Cortez Drive, Fl 1, Scottsdale, AZ	12151 cortez drive fl 1 scottsdale az
train_source1	S1-736903406	Step Law Chambers Private Limited	step law chambers private limited	step law chambers	Hn 82, Plot No 404, Ward No 32, Gaya, Bihar	hn 82 plot number 404 ward number 32 gaya bihar
train_source1	S1-866344609	Optimal Liberty All Care	optimal liberty all care	optimal liberty all care	803 Parliament Street, Little Rock, AR	803 parliament street little rock ar
train_source1	S1-324203503	Consultants Aak Top Private Limited	consultants aak top private limited	consultants aak top	B38/47 D5 Mahmoorganj, Varanasi, Uttar Pradesh	b38 47 d5 mahmoorganj varanasi uttar pradesh
train_source1	S1-650641874	Piedmont Charter School Inc	piedmont charter school inc	piedmont charter school	907 La Londe Avenue, Lombard, IL	907 la londe avenue lombard il
train_source1	S1-55328137	Talley Colonial Growth P.C.	talley colonial growth pc	talley colonial growth pc	506 Isaac Branch Drive, Jacksonville, NC	506 isaac branch drive jacksonville nc
train_source1	S1-644513630	Marketing Gauri Builders	marketing gauri builders	marketing gauri builders	Dlf My Pad Towerb2, Studio, 1218, G7, Vijaipur Colony, Lucknow, Uttar Pradesh	dlf my pad towerb2 studio 1218 g7 vijaipur colony lucknow uttar pradesh
train_source1	S1-979267636	Lotus Bharat Food Private Limited	lotus bharat food private limited	lotus bharat food	602-603A, Shapath I, Opp Rajpath Club, Thaltej Gandhinagar Highway, Ahmedabad, Gujarat	602 603a shapath i opposite rajpath club thaltej gandhinagar highway ahmedabad gujarat
train_source1	S1-799416225	Sun Industries Private Limited	sun industries private limited	sun industries	Sukhatme Hospital Astavinayakapts Behind Dholya Ganpati Ashok Stambh, Nashik, Maharashtra	sukhatme hospital astavinayakapts behind dholya ganpati ashok stambh nashik maharashtra
train_source1	S1-476831471	Blue Patriot Aegon	blue patriot aegon	blue patriot aegon	31661 94th Street, Parker, AZ	31661 94th street parker az
train_source1	S1-52008571	Sai Tech Private Limited	sai tech private limited	sai tech	Maharashtra, Pune, Laxmi Saheb 132-B Plot No 3Sahajeevan Co-Op Hsg Soc Ganesh Khind Road, Pune	maharashtra pune laxmi saheb 132 b plot number 3sahajeevan co op hsg soc ganesh khind road pune
train_source1	S1-382018301	Ms Farmers Limited	ms farmers limited	ms farmers	372/Raj Nivas, Ottupura, Karikkuzhi, Kollam, Kerala	372 raj nivas ottupura karikkuzhi kollam kerala
train_source1	S1-677157125	New Life Synagogue	new life synagogue	new life synagogue	622 Central Avenue, Jamestown, TN	622 central avenue jamestown tn
train_source1	S1-293072113	Amb Researchprivate	amb researchprivate	amb researchprivate	Bangalore North, Ardente Office One, Katha No.287, Sy No5, Hoodi, Bangalore, S-2213, Karnataka	bangalore north ardente office one katha no287 sy no5 hoodi bangalore south 2213 karnataka
train_source1	S1-950597151	American Certified Consumer, LLC	american certified consumer llc	american certified consumer	Johnston City, IL, 17445 Collins Road	johnston city il 17445 collins road
train_source1	S1-824885867	Thomas Cement Private Limited	thomas cement private limited	thomas cement	Maharashtra, Siddhi Vinayak Tower, Chs Ltd, Cs Complex, Road No. 3, Near Sudhindra Nagar, Dahisar (E), Dahisar East, 302, Mumbai	maharashtra siddhi vinayak tower chs ltd cs complex road number 3 near sudhindra nagar dahisar east dahisar east 302 mumbai
train_source1	S1-821458465	Woodward and Felder	woodward and felder	woodward and felder	1638 Mountain View Road, Rockwood, TN	1638 mountain view road rockwood tn
train_source1	S1-991313566	Everest Trading Ltd	everest trading ltd	everest trading	401, Chrysalis, Irla Qutbi Chs Ltd, Gulmohar Cross Road, Jvpd Scheme, Plot No 9, Vile Parle, W, Mumbai, Mumbai City, Maharashtra	401 chrysalis irla qutbi chs ltd gulmohar cross road jvpd scheme plot number 9 vile parle west mumbai mumbai city maharashtra
train_source2	S2-166376419	राम मार्केटिंग प्राइवेट लिमिटेड	रम मरकटग परइवट लमटड	रम मरकटग परइवट लमटड	KH NO. -570/13, NEW DELHI, WEST DELHI, Delhi	kh number 570 13 new delhi west delhi delhi
train_source3	S3-202863386	wilfordhancock.com	wilfordhancockcom	wilfordhancockcom	Mack Rd, Haltom City, Texas	mack road haltom city texas
test_source1	S1-714132312	Zephay Labs Inc	zephay labs inc	zephay labs	2621 Cotten Road, Tyler, TX	2621 cotten road tyler tx
test_source2	S2-192345572	Brahma Infosoft	brahma infosoft	brahma infosoft	COIMATORE COLONY, HUNSUR TQMYSORE DIST., Karnataka	coimatore colony hunsur tqmysore dist karnataka
test_source3	S3-462677478	मॉडर्न फाइनेंस	मडरन फइनस	मडरन फइनस	No 10 Enkay Square, 448A, Udyog Vihar Phase V, Gurugram, Gurgaon, HR	number 10 enkay square 448a udyog vihar phase v gurugram gurgaon hr
